sequence,commit,date,status,path,old_path
1,2beff13ad16cabeb0da8b65405c06c2ec48ad0b9,2025-08-31T13:47:20-05:00,A,.github/workflows/ci.yml,
1,2beff13ad16cabeb0da8b65405c06c2ec48ad0b9,2025-08-31T13:47:20-05:00,A,.gitignore,
1,2beff13ad16cabeb0da8b65405c06c2ec48ad0b9,2025-08-31T13:47:20-05:00,A,CMakeLists.txt,
1,2beff13ad16cabeb0da8b65405c06c2ec48ad0b9,2025-08-31T13:47:20-05:00,A,CONTRIBUTING.md,
1,2beff13ad16cabeb0da8b65405c06c2ec48ad0b9,2025-08-31T13:47:20-05:00,A,PROGRESS_LOG.md,
1,2beff13ad16cabeb0da8b65405c06c2ec48ad0b9,2025-08-31T13:47:20-05:00,A,PROJECT_ARCHITECTURE.md,
1,2beff13ad16cabeb0da8b65405c06c2ec48ad0b9,2025-08-31T13:47:20-05:00,A,README.md,
1,2beff13ad16cabeb0da8b65405c06c2ec48ad0b9,2025-08-31T13:47:20-05:00,A,examples/modular_usage_demo.py,
1,2beff13ad16cabeb0da8b65405c06c2ec48ad0b9,2025-08-31T13:47:20-05:00,A,include/CL/cl.h,
1,2beff13ad16cabeb0da8b65405c06c2ec48ad0b9,2025-08-31T13:47:20-05:00,A,include/CL/cl2.hpp,
1,2beff13ad16cabeb0da8b65405c06c2ec48ad0b9,2025-08-31T13:47:20-05:00,A,include/CL/cl_d3d10.h,
1,2beff13ad16cabeb0da8b65405c06c2ec48ad0b9,2025-08-31T13:47:20-05:00,A,include/CL/cl_d3d11.h,
1,2beff13ad16cabeb0da8b65405c06c2ec48ad0b9,2025-08-31T13:47:20-05:00,A,include/CL/cl_dx9_media_sharing.h,
1,2beff13ad16cabeb0da8b65405c06c2ec48ad0b9,2025-08-31T13:47:20-05:00,A,include/CL/cl_egl.h,
1,2beff13ad16cabeb0da8b65405c06c2ec48ad0b9,2025-08-31T13:47:20-05:00,A,include/CL/cl_ext.h,
1,2beff13ad16cabeb0da8b65405c06c2ec48ad0b9,2025-08-31T13:47:20-05:00,A,include/CL/cl_gl.h,
1,2beff13ad16cabeb0da8b65405c06c2ec48ad0b9,2025-08-31T13:47:20-05:00,A,include/CL/cl_gl_ext.h,
1,2beff13ad16cabeb0da8b65405c06c2ec48ad0b9,2025-08-31T13:47:20-05:00,A,include/CL/cl_platform.h,
1,2beff13ad16cabeb0da8b65405c06c2ec48ad0b9,2025-08-31T13:47:20-05:00,A,include/CL/cl_version.h,
1,2beff13ad16cabeb0da8b65405c06c2ec48ad0b9,2025-08-31T13:47:20-05:00,A,include/CL/opencl.h,
1,2beff13ad16cabeb0da8b65405c06c2ec48ad0b9,2025-08-31T13:47:20-05:00,A,include/CL/opencl.hpp,
1,2beff13ad16cabeb0da8b65405c06c2ec48ad0b9,2025-08-31T13:47:20-05:00,A,python/README_python.md,
1,2beff13ad16cabeb0da8b65405c06c2ec48ad0b9,2025-08-31T13:47:20-05:00,A,python/ai_roi_detector.py,
1,2beff13ad16cabeb0da8b65405c06c2ec48ad0b9,2025-08-31T13:47:20-05:00,A,python/brain_3d_visualizer.py,
1,2beff13ad16cabeb0da8b65405c06c2ec48ad0b9,2025-08-31T13:47:20-05:00,A,python/brain_atlas_manager.py,
1,2beff13ad16cabeb0da8b65405c06c2ec48ad0b9,2025-08-31T13:47:20-05:00,A,python/enhanced_dual_gpu_analyzer.py,
1,2beff13ad16cabeb0da8b65405c06c2ec48ad0b9,2025-08-31T13:47:20-05:00,A,python/fmri_data_loader.py,
1,2beff13ad16cabeb0da8b65405c06c2ec48ad0b9,2025-08-31T13:47:20-05:00,A,python/gpu_accelerated_analyzer.py,
1,2beff13ad16cabeb0da8b65405c06c2ec48ad0b9,2025-08-31T13:47:20-05:00,A,python/neural_network_analyzer.py,
1,2beff13ad16cabeb0da8b65405c06c2ec48ad0b9,2025-08-31T13:47:20-05:00,A,python/phase2_summary.md,
1,2beff13ad16cabeb0da8b65405c06c2ec48ad0b9,2025-08-31T13:47:20-05:00,A,python/phase3_summary.md,
1,2beff13ad16cabeb0da8b65405c06c2ec48ad0b9,2025-08-31T13:47:20-05:00,A,python/phase4_status_report.py,
1,2beff13ad16cabeb0da8b65405c06c2ec48ad0b9,2025-08-31T13:47:20-05:00,A,python/realtime_ai_roi_system.py,
1,2beff13ad16cabeb0da8b65405c06c2ec48ad0b9,2025-08-31T13:47:20-05:00,A,python/realtime_fmri_processor.py,
1,2beff13ad16cabeb0da8b65405c06c2ec48ad0b9,2025-08-31T13:47:20-05:00,A,python/simple_network_test.py,
1,2beff13ad16cabeb0da8b65405c06c2ec48ad0b9,2025-08-31T13:47:20-05:00,A,python/test_environment.py,
1,2beff13ad16cabeb0da8b65405c06c2ec48ad0b9,2025-08-31T13:47:20-05:00,A,python/training_pipeline.py,
1,2beff13ad16cabeb0da8b65405c06c2ec48ad0b9,2025-08-31T13:47:20-05:00,A,python/version.py,
1,2beff13ad16cabeb0da8b65405c06c2ec48ad0b9,2025-08-31T13:47:20-05:00,A,reports/phase4_final_report.json,
1,2beff13ad16cabeb0da8b65405c06c2ec48ad0b9,2025-08-31T13:47:20-05:00,A,reports/test_report.json,
1,2beff13ad16cabeb0da8b65405c06c2ec48ad0b9,2025-08-31T13:47:20-05:00,A,requirements.txt,
1,2beff13ad16cabeb0da8b65405c06c2ec48ad0b9,2025-08-31T13:47:20-05:00,A,setup.py,
1,2beff13ad16cabeb0da8b65405c06c2ec48ad0b9,2025-08-31T13:47:20-05:00,A,src/brain_gpu_accelerator.cpp,
1,2beff13ad16cabeb0da8b65405c06c2ec48ad0b9,2025-08-31T13:47:20-05:00,A,src/compute_backend_interface.h,
1,2beff13ad16cabeb0da8b65405c06c2ec48ad0b9,2025-08-31T13:47:20-05:00,A,src/dual_gpu_brain_accelerator.cpp,
1,2beff13ad16cabeb0da8b65405c06c2ec48ad0b9,2025-08-31T13:47:20-05:00,A,src/opencl_device_info.cpp,
1,2beff13ad16cabeb0da8b65405c06c2ec48ad0b9,2025-08-31T13:47:20-05:00,A,src/simple_dual_gpu_demo.cpp,
1,2beff13ad16cabeb0da8b65405c06c2ec48ad0b9,2025-08-31T13:47:20-05:00,A,src/vector_add.cpp,
1,2beff13ad16cabeb0da8b65405c06c2ec48ad0b9,2025-08-31T13:47:20-05:00,A,tests/run_all_tests.py,
1,2beff13ad16cabeb0da8b65405c06c2ec48ad0b9,2025-08-31T13:47:20-05:00,A,tests/test_ai_models.py,
1,2beff13ad16cabeb0da8b65405c06c2ec48ad0b9,2025-08-31T13:47:20-05:00,A,tests/test_core_fmri_analysis.py,
1,2beff13ad16cabeb0da8b65405c06c2ec48ad0b9,2025-08-31T13:47:20-05:00,A,tests/test_gpu_acceleration.py,
2,133c4dfed3c095bba8fdb81d25f9565569ea33d0,2025-09-01T19:53:17-05:00,M,PROGRESS_LOG.md,
2,133c4dfed3c095bba8fdb81d25f9565569ea33d0,2025-09-01T19:53:17-05:00,A,python/advanced_anatomical_detector.py,
2,133c4dfed3c095bba8fdb81d25f9565569ea33d0,2025-09-01T19:53:17-05:00,A,python/brain_3d_interface.py,
2,133c4dfed3c095bba8fdb81d25f9565569ea33d0,2025-09-01T19:53:17-05:00,A,python/brain_3d_model_generator.py,
2,133c4dfed3c095bba8fdb81d25f9565569ea33d0,2025-09-01T19:53:17-05:00,A,python/enhanced_brain_modeling_guide.py,
2,133c4dfed3c095bba8fdb81d25f9565569ea33d0,2025-09-01T19:53:17-05:00,A,python/frequency_brain_processor.py,
3,c1afc952f3ee58485deca02340b438efc5ead103,2025-09-01T21:24:02-05:00,M,README.md,
3,c1afc952f3ee58485deca02340b438efc5ead103,2025-09-01T21:24:02-05:00,A,python/atlas_guided_brain_detector.py,
3,c1afc952f3ee58485deca02340b438efc5ead103,2025-09-01T21:24:02-05:00,A,python/atlas_guided_detection_demo.py,
3,c1afc952f3ee58485deca02340b438efc5ead103,2025-09-01T21:24:02-05:00,M,python/brain_3d_model_generator.py,
3,c1afc952f3ee58485deca02340b438efc5ead103,2025-09-01T21:24:02-05:00,A,python/demo_4d_brain_registration.py,
3,c1afc952f3ee58485deca02340b438efc5ead103,2025-09-01T21:24:02-05:00,A,python/spatiotemporal_brain_registration.py,
3,c1afc952f3ee58485deca02340b438efc5ead103,2025-09-01T21:24:02-05:00,A,python/test_enhanced_atlas_detection.py,
4,3cf507182da0e82fc1c16ca01cc90669add24064,2025-09-01T21:26:02-05:00,A,BRAIN_TRAINING_SUMMARY.md,
4,3cf507182da0e82fc1c16ca01cc90669add24064,2025-09-01T21:26:02-05:00,A,python/advanced_brain_training_pipeline.py,
4,3cf507182da0e82fc1c16ca01cc90669add24064,2025-09-01T21:26:02-05:00,A,python/brain_dataset_trainer.py,
4,3cf507182da0e82fc1c16ca01cc90669add24064,2025-09-01T21:26:02-05:00,A,python/brain_training_demo.py,
4,3cf507182da0e82fc1c16ca01cc90669add24064,2025-09-01T21:26:02-05:00,A,python/brain_training_pipeline.py,
4,3cf507182da0e82fc1c16ca01cc90669add24064,2025-09-01T21:26:02-05:00,A,python/comprehensive_brain_training_orchestrator.py,
4,3cf507182da0e82fc1c16ca01cc90669add24064,2025-09-01T21:26:02-05:00,A,python/openneuro_training_integration.py,
4,3cf507182da0e82fc1c16ca01cc90669add24064,2025-09-01T21:26:02-05:00,A,python/test_training_fix.py,
4,3cf507182da0e82fc1c16ca01cc90669add24064,2025-09-01T21:26:02-05:00,A,python/train_brain_models.py,
5,fc559c33451ffab052820f21396ddcbf92a1fa53,2025-09-01T21:27:33-05:00,A,GPU_ACCELERATION_SUCCESS.md,
5,fc559c33451ffab052820f21396ddcbf92a1fa53,2025-09-01T21:27:33-05:00,A,PARALLEL_TRAINING_OPTIMIZATION_COMPLETE.md,
5,fc559c33451ffab052820f21396ddcbf92a1fa53,2025-09-01T21:27:33-05:00,A,python/demo_parallel_training_optimization.py,
5,fc559c33451ffab052820f21396ddcbf92a1fa53,2025-09-01T21:27:33-05:00,A,python/gpu_brain_training_demo.py,
5,fc559c33451ffab052820f21396ddcbf92a1fa53,2025-09-01T21:27:33-05:00,A,python/parallel_dual_gpu_training_optimizer.py,
5,fc559c33451ffab052820f21396ddcbf92a1fa53,2025-09-01T21:27:33-05:00,A,src/parallel_training_accelerator.cpp,
6,38e248fb7e1f62320a6d38ffa94948fa023eaa6d,2025-09-01T21:28:57-05:00,A,python/brain_training_showcase.py,
6,38e248fb7e1f62320a6d38ffa94948fa023eaa6d,2025-09-01T21:28:57-05:00,A,python/brain_training_showcase_output/BRAIN_TRAINING_CAPABILITIES.md,
6,38e248fb7e1f62320a6d38ffa94948fa023eaa6d,2025-09-01T21:28:57-05:00,A,python/brain_training_showcase_output/brain_training_capabilities.json,
6,38e248fb7e1f62320a6d38ffa94948fa023eaa6d,2025-09-01T21:28:57-05:00,A,python/openneuro_data_manager.py,
7,e4699e4ae49e38646d4c378d9d70b0eb50ad763f,2025-09-01T21:30:21-05:00,M,CMakeLists.txt,
7,e4699e4ae49e38646d4c378d9d70b0eb50ad763f,2025-09-01T21:30:21-05:00,M,PROGRESS_LOG.md,
7,e4699e4ae49e38646d4c378d9d70b0eb50ad763f,2025-09-01T21:30:21-05:00,M,PROJECT_ARCHITECTURE.md,
8,3876f11d91c52af85be9517c50e6f6dec5d81858,2025-09-05T12:38:52-05:00,M,CMakeLists.txt,
8,3876f11d91c52af85be9517c50e6f6dec5d81858,2025-09-05T12:38:52-05:00,M,PROGRESS_LOG.md,
8,3876f11d91c52af85be9517c50e6f6dec5d81858,2025-09-05T12:38:52-05:00,M,PROJECT_ARCHITECTURE.md,
8,3876f11d91c52af85be9517c50e6f6dec5d81858,2025-09-05T12:38:52-05:00,M,README.md,
8,3876f11d91c52af85be9517c50e6f6dec5d81858,2025-09-05T12:38:52-05:00,A,python/blue_brain_atlas_integrator.py,
8,3876f11d91c52af85be9517c50e6f6dec5d81858,2025-09-05T12:38:52-05:00,A,python/blue_brain_cache/blue_brain_atlas.json,
8,3876f11d91c52af85be9517c50e6f6dec5d81858,2025-09-05T12:38:52-05:00,A,python/blue_brain_dual_gpu_demo.py,
8,3876f11d91c52af85be9517c50e6f6dec5d81858,2025-09-05T12:38:52-05:00,A,python/blue_brain_integration_test.py,
8,3876f11d91c52af85be9517c50e6f6dec5d81858,2025-09-05T12:38:52-05:00,M,python/brain_3d_model_generator.py,
8,3876f11d91c52af85be9517c50e6f6dec5d81858,2025-09-05T12:38:52-05:00,A,python/demo_4d_registration_results.json,
8,3876f11d91c52af85be9517c50e6f6dec5d81858,2025-09-05T12:38:52-05:00,A,python/demo_blue_brain_atlas.json,
8,3876f11d91c52af85be9517c50e6f6dec5d81858,2025-09-05T12:38:52-05:00,A,python/demo_blue_brain_integration.py,
8,3876f11d91c52af85be9517c50e6f6dec5d81858,2025-09-05T12:38:52-05:00,M,python/enhanced_dual_gpu_analyzer.py,
8,3876f11d91c52af85be9517c50e6f6dec5d81858,2025-09-05T12:38:52-05:00,A,python/launch_ultra_realistic_brain_gui.py,
8,3876f11d91c52af85be9517c50e6f6dec5d81858,2025-09-05T12:38:52-05:00,A,python/quick_start_gui.py,
8,3876f11d91c52af85be9517c50e6f6dec5d81858,2025-09-05T12:38:52-05:00,A,python/real_brain_data_demo.py,
8,3876f11d91c52af85be9517c50e6f6dec5d81858,2025-09-05T12:38:52-05:00,A,python/simple_brain_demo.py,
8,3876f11d91c52af85be9517c50e6f6dec5d81858,2025-09-05T12:38:52-05:00,M,python/spatiotemporal_brain_registration.py,
8,3876f11d91c52af85be9517c50e6f6dec5d81858,2025-09-05T12:38:52-05:00,A,python/test_3d_visualization.py,
8,3876f11d91c52af85be9517c50e6f6dec5d81858,2025-09-05T12:38:52-05:00,A,python/ultra_realistic_brain_gui.py,
9,7c31d797fbf14f11468b97854de330232a67bbdc,2025-09-05T12:54:02-05:00,M,.gitignore,
10,d48d3439c4dcf8ef00ebafdb2378334145ca7078,2026-02-26T20:51:47-06:00,M,.gitignore,
11,7e696a14a8ab105cf6a2733cfd4f849d4104f385,2026-05-08T17:36:20-05:00,A,emergent_quantum_geometries/figures/fig1_fidelity_vs_chi_t.png,
11,7e696a14a8ab105cf6a2733cfd4f849d4104f385,2026-05-08T17:36:20-05:00,A,emergent_quantum_geometries/figures/fig2_concurrence_vs_chi_t.png,
11,7e696a14a8ab105cf6a2733cfd4f849d4104f385,2026-05-08T17:36:20-05:00,A,emergent_quantum_geometries/figures/fig3_scaling_analysis.png,
11,7e696a14a8ab105cf6a2733cfd4f849d4104f385,2026-05-08T17:36:20-05:00,A,emergent_quantum_geometries/generate_figures.py,
11,7e696a14a8ab105cf6a2733cfd4f849d4104f385,2026-05-08T17:36:20-05:00,A,emergent_quantum_geometries/jila_oat_exact_results.json,
11,7e696a14a8ab105cf6a2733cfd4f849d4104f385,2026-05-08T17:36:20-05:00,A,emergent_quantum_geometries/jila_oat_exact_tpu.py,
11,7e696a14a8ab105cf6a2733cfd4f849d4104f385,2026-05-08T17:36:20-05:00,A,emergent_quantum_geometries/quantum_teleportation_experiment/REPORT.md,
11,7e696a14a8ab105cf6a2733cfd4f849d4104f385,2026-05-08T17:36:20-05:00,A,emergent_quantum_geometries/quantum_teleportation_experiment/data/jila_oat_exact_results.json,
11,7e696a14a8ab105cf6a2733cfd4f849d4104f385,2026-05-08T17:36:20-05:00,A,emergent_quantum_geometries/quantum_teleportation_experiment/data/jila_tn_tpu_results.json,
11,7e696a14a8ab105cf6a2733cfd4f849d4104f385,2026-05-08T17:36:20-05:00,A,emergent_quantum_geometries/quantum_teleportation_experiment/figures/fig1_fidelity_vs_chi_t.png,
11,7e696a14a8ab105cf6a2733cfd4f849d4104f385,2026-05-08T17:36:20-05:00,A,emergent_quantum_geometries/quantum_teleportation_experiment/figures/fig2_concurrence_vs_chi_t.png,
11,7e696a14a8ab105cf6a2733cfd4f849d4104f385,2026-05-08T17:36:20-05:00,A,emergent_quantum_geometries/quantum_teleportation_experiment/figures/fig3_scaling_analysis.png,
11,7e696a14a8ab105cf6a2733cfd4f849d4104f385,2026-05-08T17:36:20-05:00,A,emergent_quantum_geometries/quantum_teleportation_experiment/src/generate_figures.py,
11,7e696a14a8ab105cf6a2733cfd4f849d4104f385,2026-05-08T17:36:20-05:00,A,emergent_quantum_geometries/quantum_teleportation_experiment/src/jila_oat_exact_tpu.py,
12,50104c98818d240d1d8ae34d5ece1332637cc39c,2026-05-08T18:14:42-05:00,A,emergent_quantum_geometries/oat_moqe_results.json,
12,50104c98818d240d1d8ae34d5ece1332637cc39c,2026-05-08T18:14:42-05:00,A,emergent_quantum_geometries/oat_moqe_results_tpu.json,
12,50104c98818d240d1d8ae34d5ece1332637cc39c,2026-05-08T18:14:42-05:00,A,emergent_quantum_geometries/oat_moqe_tpu_run.py,
13,ade331d8f4a560d163036b38e9fdace452921e49,2026-05-08T19:34:26-05:00,A,emergent_quantum_geometries/oat_moqe_v3_results_tpu.json,
13,ade331d8f4a560d163036b38e9fdace452921e49,2026-05-08T19:34:26-05:00,A,emergent_quantum_geometries/oat_moqe_v3_tpu.py,
14,edc2b4868e8af4549d3676bb96f8c8f40667f4d0,2026-05-08T19:44:25-05:00,M,emergent_quantum_geometries/oat_moqe_v3_tpu.py,
15,bd726f32eb5b1b6ac49c9a61df6eb5445f8bfea0,2026-05-08T19:50:34-05:00,A,emergent_quantum_geometries/FINDINGS.md,
16,2ef5827f0dde0f658a057ee71ce16d9e0de51f50,2026-05-08T20:11:51-05:00,A,emergent_quantum_geometries/oat_moqe_v4_real_data.py,
16,2ef5827f0dde0f658a057ee71ce16d9e0de51f50,2026-05-08T20:11:51-05:00,A,emergent_quantum_geometries/oat_moqe_v4_results.json,
17,a2ca6cff0eee9ad6902864127bca359ef4e29af0,2026-05-09T02:14:32-05:00,M,emergent_quantum_geometries/quantum_teleportation_experiment/REPORT.md,
18,9bfe855640864ad1e3d97e351a0baad6d0fce121,2026-05-09T10:39:31-05:00,A,emergent_quantum_geometries/oat_moqe_v5_results.json,
18,9bfe855640864ad1e3d97e351a0baad6d0fce121,2026-05-09T10:39:31-05:00,A,emergent_quantum_geometries/oat_moqe_v5_validation.py,
19,ec4b4aa01b61e6ba89272c23b4e4bf608346c60a,2026-05-09T10:41:04-05:00,M,emergent_quantum_geometries/quantum_teleportation_experiment/REPORT.md,
20,a176e4c460463d4b7c9d4f00c35cdcb134f056ab,2026-05-09T16:57:16-05:00,A,emergent_quantum_geometries/chsh_bell_test.py,
20,a176e4c460463d4b7c9d4f00c35cdcb134f056ab,2026-05-09T16:57:16-05:00,A,emergent_quantum_geometries/chsh_results.json,
20,a176e4c460463d4b7c9d4f00c35cdcb134f056ab,2026-05-09T16:57:16-05:00,A,emergent_quantum_geometries/dlinoss_input.csv,
20,a176e4c460463d4b7c9d4f00c35cdcb134f056ab,2026-05-09T16:57:16-05:00,A,emergent_quantum_geometries/dlinoss_input.json,
20,a176e4c460463d4b7c9d4f00c35cdcb134f056ab,2026-05-09T16:57:16-05:00,A,emergent_quantum_geometries/generate_dlinoss_input.py,
20,a176e4c460463d4b7c9d4f00c35cdcb134f056ab,2026-05-09T16:57:16-05:00,A,emergent_quantum_geometries/oat_teleport_v4_open_system.py,
20,a176e4c460463d4b7c9d4f00c35cdcb134f056ab,2026-05-09T16:57:16-05:00,A,emergent_quantum_geometries/oat_teleport_v5_framework_discriminator.py,
20,a176e4c460463d4b7c9d4f00c35cdcb134f056ab,2026-05-09T16:57:16-05:00,A,emergent_quantum_geometries/oat_teleport_v5b_fixed.py,
20,a176e4c460463d4b7c9d4f00c35cdcb134f056ab,2026-05-09T16:57:16-05:00,A,emergent_quantum_geometries/oat_teleport_v5c_model_compare.py,
20,a176e4c460463d4b7c9d4f00c35cdcb134f056ab,2026-05-09T16:57:16-05:00,A,emergent_quantum_geometries/quantum_audit_results.json,
20,a176e4c460463d4b7c9d4f00c35cdcb134f056ab,2026-05-09T16:57:16-05:00,A,emergent_quantum_geometries/quantum_state_audit.py,
20,a176e4c460463d4b7c9d4f00c35cdcb134f056ab,2026-05-09T16:57:16-05:00,A,emergent_quantum_geometries/v4_open_system_results.json,
20,a176e4c460463d4b7c9d4f00c35cdcb134f056ab,2026-05-09T16:57:16-05:00,A,emergent_quantum_geometries/v5b_results.json,
20,a176e4c460463d4b7c9d4f00c35cdcb134f056ab,2026-05-09T16:57:16-05:00,A,emergent_quantum_geometries/v5c_results.json,
21,a36f72c467365632ce55dfaf0fea18249cce8f30,2026-05-09T17:01:28-05:00,A,emergent_quantum_geometries/oat_teleport_v5d_witness_observer.py,
21,a36f72c467365632ce55dfaf0fea18249cce8f30,2026-05-09T17:01:28-05:00,A,emergent_quantum_geometries/v5d_witness_results.json,
22,bfbfd4485482d2dbcc79ad816f98adbcfabe1796,2026-05-09T17:12:31-05:00,A,emergent_quantum_geometries/controller_validation.json,
22,bfbfd4485482d2dbcc79ad816f98adbcfabe1796,2026-05-09T17:12:31-05:00,M,emergent_quantum_geometries/generate_dlinoss_input.py,
22,bfbfd4485482d2dbcc79ad816f98adbcfabe1796,2026-05-09T17:12:31-05:00,A,emergent_quantum_geometries/jila_tpu_controller.py,
23,7885e15230d1d0bd0fee151f9624dccc132ff8b8,2026-05-09T17:20:19-05:00,M,emergent_quantum_geometries/dlinoss_input.csv,
23,7885e15230d1d0bd0fee151f9624dccc132ff8b8,2026-05-09T17:20:19-05:00,M,emergent_quantum_geometries/dlinoss_input.json,
23,7885e15230d1d0bd0fee151f9624dccc132ff8b8,2026-05-09T17:20:19-05:00,M,emergent_quantum_geometries/generate_dlinoss_input.py,
24,5cd5b7c7d0936201cd961d97ff90952d06193873,2026-05-10T17:35:36-05:00,A,emergent_quantum_geometries/exp_ibm_trotterized_oat.py,
24,5cd5b7c7d0936201cd961d97ff90952d06193873,2026-05-10T17:35:36-05:00,A,emergent_quantum_geometries/exp_sycamore_otoc_adapter.py,
24,5cd5b7c7d0936201cd961d97ff90952d06193873,2026-05-10T17:35:36-05:00,A,emergent_quantum_geometries/ibm_oat_results.json,
24,5cd5b7c7d0936201cd961d97ff90952d06193873,2026-05-10T17:35:36-05:00,A,emergent_quantum_geometries/sycamore_probe_result.json,
25,51a56feee971c56ae4fdc20e057105502ebd9474,2026-05-10T17:49:49-05:00,M,emergent_quantum_geometries/exp_ibm_trotterized_oat.py,
25,51a56feee971c56ae4fdc20e057105502ebd9474,2026-05-10T17:49:49-05:00,A,emergent_quantum_geometries/exp_syk_ed_adapter.py,
25,51a56feee971c56ae4fdc20e057105502ebd9474,2026-05-10T17:49:49-05:00,M,emergent_quantum_geometries/ibm_oat_results.json,
25,51a56feee971c56ae4fdc20e057105502ebd9474,2026-05-10T17:49:49-05:00,M,emergent_quantum_geometries/jila_tpu_controller.py,
25,51a56feee971c56ae4fdc20e057105502ebd9474,2026-05-10T17:49:49-05:00,A,emergent_quantum_geometries/syk_ed_results.json,
26,494472c0857b8b2ba394d39b485d089b68835164,2026-05-10T17:59:55-05:00,M,emergent_quantum_geometries/FINDINGS.md,
27,a2817092701a290eac97a67bb52ae09a145ff684,2026-05-10T18:14:54-05:00,M,emergent_quantum_geometries/FINDINGS.md,
27,a2817092701a290eac97a67bb52ae09a145ff684,2026-05-10T18:14:54-05:00,A,emergent_quantum_geometries/exp_mbl_xxz_adapter.py,
27,a2817092701a290eac97a67bb52ae09a145ff684,2026-05-10T18:14:54-05:00,A,emergent_quantum_geometries/mbl_probe_result.json,
28,a957790e6886d67953d140ed35b5ded093f3573b,2026-05-10T22:34:51-05:00,A,emergent_quantum_geometries/PAPER_DRAFT_v1.md,
29,53317522593271fbc7956c20a2ae61421524633a,2026-05-10T22:37:50-05:00,M,emergent_quantum_geometries/PAPER_DRAFT_v1.md,
30,db5055cefcdc047e051655cf9cc3c77f37fc36fa,2026-05-10T22:46:45-05:00,A,Chronos_Scramble_Trigger_Experiment.ipynb,
30,db5055cefcdc047e051655cf9cc3c77f37fc36fa,2026-05-10T22:46:45-05:00,A,Chronos_Scramble_v2.ipynb,
30,db5055cefcdc047e051655cf9cc3c77f37fc36fa,2026-05-10T22:46:45-05:00,A,Chronos_Scramble_v3.ipynb,
30,db5055cefcdc047e051655cf9cc3c77f37fc36fa,2026-05-10T22:46:45-05:00,A,Chronos_Scramble_v4.ipynb,
30,db5055cefcdc047e051655cf9cc3c77f37fc36fa,2026-05-10T22:46:45-05:00,A,Experimental Proposal_ Emergent Quantum Geometries via D-LinOSS V2.pdf,
30,db5055cefcdc047e051655cf9cc3c77f37fc36fa,2026-05-10T22:46:45-05:00,A,Quantum-Consciousness_Microtubules_Orch-OR,
30,db5055cefcdc047e051655cf9cc3c77f37fc36fa,2026-05-10T22:46:45-05:00,A,chronos_v4_tpu_run.py,
30,db5055cefcdc047e051655cf9cc3c77f37fc36fa,2026-05-10T22:46:45-05:00,A,emergent_quantum_geometries/1_ingestion/experimental_data_ingester.py,
30,db5055cefcdc047e051655cf9cc3c77f37fc36fa,2026-05-10T22:46:45-05:00,A,emergent_quantum_geometries/1_ingestion/tpu_jitter_stream.py,
30,db5055cefcdc047e051655cf9cc3c77f37fc36fa,2026-05-10T22:46:45-05:00,A,emergent_quantum_geometries/2_state_mapping/dlinoss_quantum_damper.py,
30,db5055cefcdc047e051655cf9cc3c77f37fc36fa,2026-05-10T22:46:45-05:00,A,emergent_quantum_geometries/3_projection/bitwistor_space.py,
30,db5055cefcdc047e051655cf9cc3c77f37fc36fa,2026-05-10T22:46:45-05:00,A,emergent_quantum_geometries/3_projection/heisenberg_space.py,
30,db5055cefcdc047e051655cf9cc3c77f37fc36fa,2026-05-10T22:46:45-05:00,A,emergent_quantum_geometries/3_projection/lindblad_space.py,
30,db5055cefcdc047e051655cf9cc3c77f37fc36fa,2026-05-10T22:46:45-05:00,A,emergent_quantum_geometries/3_projection/mbl_space.py,
30,db5055cefcdc047e051655cf9cc3c77f37fc36fa,2026-05-10T22:46:45-05:00,A,emergent_quantum_geometries/3_projection/syk_space.py,
30,db5055cefcdc047e051655cf9cc3c77f37fc36fa,2026-05-10T22:46:45-05:00,A,emergent_quantum_geometries/4_observation/or_kink_detection.py,
30,db5055cefcdc047e051655cf9cc3c77f37fc36fa,2026-05-10T22:46:45-05:00,A,emergent_quantum_geometries/4_observation/otoc_metrics.py,
30,db5055cefcdc047e051655cf9cc3c77f37fc36fa,2026-05-10T22:46:45-05:00,A,emergent_quantum_geometries/5_classification/framework_residuals.py,
30,db5055cefcdc047e051655cf9cc3c77f37fc36fa,2026-05-10T22:46:45-05:00,A,emergent_quantum_geometries/5_classification/nqs_meta_learner.py,
30,db5055cefcdc047e051655cf9cc3c77f37fc36fa,2026-05-10T22:46:45-05:00,A,emergent_quantum_geometries/README.md,
30,db5055cefcdc047e051655cf9cc3c77f37fc36fa,2026-05-10T22:46:45-05:00,A,emergent_quantum_geometries/archive/_debug_v3.py,
30,db5055cefcdc047e051655cf9cc3c77f37fc36fa,2026-05-10T22:46:45-05:00,A,emergent_quantum_geometries/archive/_test_v3.py,
30,db5055cefcdc047e051655cf9cc3c77f37fc36fa,2026-05-10T22:46:45-05:00,A,emergent_quantum_geometries/archive/moqe_tpu_run.py,
30,db5055cefcdc047e051655cf9cc3c77f37fc36fa,2026-05-10T22:46:45-05:00,R100,emergent_quantum_geometries/archive/oat_moqe_results.json,emergent_quantum_geometries/oat_moqe_results.json
30,db5055cefcdc047e051655cf9cc3c77f37fc36fa,2026-05-10T22:46:45-05:00,R100,emergent_quantum_geometries/archive/oat_moqe_results_tpu.json,emergent_quantum_geometries/oat_moqe_results_tpu.json
30,db5055cefcdc047e051655cf9cc3c77f37fc36fa,2026-05-10T22:46:45-05:00,R100,emergent_quantum_geometries/archive/oat_moqe_tpu_run.py,emergent_quantum_geometries/oat_moqe_tpu_run.py
30,db5055cefcdc047e051655cf9cc3c77f37fc36fa,2026-05-10T22:46:45-05:00,A,emergent_quantum_geometries/archive/oat_moqe_v3_results.json,
30,db5055cefcdc047e051655cf9cc3c77f37fc36fa,2026-05-10T22:46:45-05:00,R100,emergent_quantum_geometries/archive/oat_moqe_v3_results_tpu.json,emergent_quantum_geometries/oat_moqe_v3_results_tpu.json
30,db5055cefcdc047e051655cf9cc3c77f37fc36fa,2026-05-10T22:46:45-05:00,R100,emergent_quantum_geometries/archive/oat_moqe_v3_tpu.py,emergent_quantum_geometries/oat_moqe_v3_tpu.py
30,db5055cefcdc047e051655cf9cc3c77f37fc36fa,2026-05-10T22:46:45-05:00,R100,emergent_quantum_geometries/archive/oat_moqe_v4_real_data.py,emergent_quantum_geometries/oat_moqe_v4_real_data.py
30,db5055cefcdc047e051655cf9cc3c77f37fc36fa,2026-05-10T22:46:45-05:00,R100,emergent_quantum_geometries/archive/oat_moqe_v4_results.json,emergent_quantum_geometries/oat_moqe_v4_results.json
30,db5055cefcdc047e051655cf9cc3c77f37fc36fa,2026-05-10T22:46:45-05:00,R100,emergent_quantum_geometries/archive/oat_moqe_v5_results.json,emergent_quantum_geometries/oat_moqe_v5_results.json
30,db5055cefcdc047e051655cf9cc3c77f37fc36fa,2026-05-10T22:46:45-05:00,R100,emergent_quantum_geometries/archive/oat_moqe_v5_validation.py,emergent_quantum_geometries/oat_moqe_v5_validation.py
30,db5055cefcdc047e051655cf9cc3c77f37fc36fa,2026-05-10T22:46:45-05:00,A,emergent_quantum_geometries/archive/oat_teleport_v1_tpu.py,
30,db5055cefcdc047e051655cf9cc3c77f37fc36fa,2026-05-10T22:46:45-05:00,A,emergent_quantum_geometries/archive/oat_teleport_v2_tpu.py,
30,db5055cefcdc047e051655cf9cc3c77f37fc36fa,2026-05-10T22:46:45-05:00,R100,emergent_quantum_geometries/archive/oat_teleport_v5_framework_discriminator.py,emergent_quantum_geometries/oat_teleport_v5_framework_discriminator.py
30,db5055cefcdc047e051655cf9cc3c77f37fc36fa,2026-05-10T22:46:45-05:00,R100,emergent_quantum_geometries/archive/oat_teleport_v5b_fixed.py,emergent_quantum_geometries/oat_teleport_v5b_fixed.py
30,db5055cefcdc047e051655cf9cc3c77f37fc36fa,2026-05-10T22:46:45-05:00,R100,emergent_quantum_geometries/archive/oat_teleport_v5c_model_compare.py,emergent_quantum_geometries/oat_teleport_v5c_model_compare.py
30,db5055cefcdc047e051655cf9cc3c77f37fc36fa,2026-05-10T22:46:45-05:00,A,emergent_quantum_geometries/archive/run_v2_experiment.py,
30,db5055cefcdc047e051655cf9cc3c77f37fc36fa,2026-05-10T22:46:45-05:00,A,emergent_quantum_geometries/archive/run_v2_experiment_updated.py,
30,db5055cefcdc047e051655cf9cc3c77f37fc36fa,2026-05-10T22:46:45-05:00,A,emergent_quantum_geometries/archive/v5_framework_results.json,
30,db5055cefcdc047e051655cf9cc3c77f37fc36fa,2026-05-10T22:46:45-05:00,R100,emergent_quantum_geometries/archive/v5b_results.json,emergent_quantum_geometries/v5b_results.json
30,db5055cefcdc047e051655cf9cc3c77f37fc36fa,2026-05-10T22:46:45-05:00,R100,emergent_quantum_geometries/archive/v5c_results.json,emergent_quantum_geometries/v5c_results.json
30,db5055cefcdc047e051655cf9cc3c77f37fc36fa,2026-05-10T22:46:45-05:00,R100,emergent_quantum_geometries/docs/FINDINGS.md,emergent_quantum_geometries/FINDINGS.md
30,db5055cefcdc047e051655cf9cc3c77f37fc36fa,2026-05-10T22:46:45-05:00,R100,emergent_quantum_geometries/docs/PAPER_DRAFT_v1.md,emergent_quantum_geometries/PAPER_DRAFT_v1.md
30,db5055cefcdc047e051655cf9cc3c77f37fc36fa,2026-05-10T22:46:45-05:00,D,emergent_quantum_geometries/quantum_teleportation_experiment/REPORT.md,
30,db5055cefcdc047e051655cf9cc3c77f37fc36fa,2026-05-10T22:46:45-05:00,D,emergent_quantum_geometries/quantum_teleportation_experiment/data/jila_oat_exact_results.json,
30,db5055cefcdc047e051655cf9cc3c77f37fc36fa,2026-05-10T22:46:45-05:00,D,emergent_quantum_geometries/quantum_teleportation_experiment/data/jila_tn_tpu_results.json,
30,db5055cefcdc047e051655cf9cc3c77f37fc36fa,2026-05-10T22:46:45-05:00,D,emergent_quantum_geometries/quantum_teleportation_experiment/figures/fig1_fidelity_vs_chi_t.png,
30,db5055cefcdc047e051655cf9cc3c77f37fc36fa,2026-05-10T22:46:45-05:00,D,emergent_quantum_geometries/quantum_teleportation_experiment/figures/fig2_concurrence_vs_chi_t.png,
30,db5055cefcdc047e051655cf9cc3c77f37fc36fa,2026-05-10T22:46:45-05:00,D,emergent_quantum_geometries/quantum_teleportation_experiment/figures/fig3_scaling_analysis.png,
30,db5055cefcdc047e051655cf9cc3c77f37fc36fa,2026-05-10T22:46:45-05:00,D,emergent_quantum_geometries/quantum_teleportation_experiment/src/generate_figures.py,
30,db5055cefcdc047e051655cf9cc3c77f37fc36fa,2026-05-10T22:46:45-05:00,D,emergent_quantum_geometries/quantum_teleportation_experiment/src/jila_oat_exact_tpu.py,
30,db5055cefcdc047e051655cf9cc3c77f37fc36fa,2026-05-10T22:46:45-05:00,A,emergent_quantum_geometries/requirements.txt,
30,db5055cefcdc047e051655cf9cc3c77f37fc36fa,2026-05-10T22:46:45-05:00,R100,emergent_quantum_geometries/results/hardware/ibm_oat_results.json,emergent_quantum_geometries/ibm_oat_results.json
30,db5055cefcdc047e051655cf9cc3c77f37fc36fa,2026-05-10T22:46:45-05:00,R100,emergent_quantum_geometries/results/probes/mbl_probe_result.json,emergent_quantum_geometries/mbl_probe_result.json
30,db5055cefcdc047e051655cf9cc3c77f37fc36fa,2026-05-10T22:46:45-05:00,R100,emergent_quantum_geometries/results/probes/sycamore_probe_result.json,emergent_quantum_geometries/sycamore_probe_result.json
30,db5055cefcdc047e051655cf9cc3c77f37fc36fa,2026-05-10T22:46:45-05:00,R100,emergent_quantum_geometries/results/probes/syk_ed_results.json,emergent_quantum_geometries/syk_ed_results.json
30,db5055cefcdc047e051655cf9cc3c77f37fc36fa,2026-05-10T22:46:45-05:00,R100,emergent_quantum_geometries/results/simulation/chsh_results.json,emergent_quantum_geometries/chsh_results.json
30,db5055cefcdc047e051655cf9cc3c77f37fc36fa,2026-05-10T22:46:45-05:00,R100,emergent_quantum_geometries/results/simulation/controller_validation.json,emergent_quantum_geometries/controller_validation.json
30,db5055cefcdc047e051655cf9cc3c77f37fc36fa,2026-05-10T22:46:45-05:00,R100,emergent_quantum_geometries/results/simulation/dlinoss_input.csv,emergent_quantum_geometries/dlinoss_input.csv
30,db5055cefcdc047e051655cf9cc3c77f37fc36fa,2026-05-10T22:46:45-05:00,R100,emergent_quantum_geometries/results/simulation/dlinoss_input.json,emergent_quantum_geometries/dlinoss_input.json
30,db5055cefcdc047e051655cf9cc3c77f37fc36fa,2026-05-10T22:46:45-05:00,R100,emergent_quantum_geometries/results/simulation/jila_oat_exact_results.json,emergent_quantum_geometries/jila_oat_exact_results.json
30,db5055cefcdc047e051655cf9cc3c77f37fc36fa,2026-05-10T22:46:45-05:00,R100,emergent_quantum_geometries/results/simulation/quantum_audit_results.json,emergent_quantum_geometries/quantum_audit_results.json
30,db5055cefcdc047e051655cf9cc3c77f37fc36fa,2026-05-10T22:46:45-05:00,R100,emergent_quantum_geometries/results/simulation/v4_open_system_results.json,emergent_quantum_geometries/v4_open_system_results.json
30,db5055cefcdc047e051655cf9cc3c77f37fc36fa,2026-05-10T22:46:45-05:00,R100,emergent_quantum_geometries/results/simulation/v5d_witness_results.json,emergent_quantum_geometries/v5d_witness_results.json
30,db5055cefcdc047e051655cf9cc3c77f37fc36fa,2026-05-10T22:46:45-05:00,A,emergent_quantum_geometries/scripts/deploy_v2_single_tpu.ps1,
30,db5055cefcdc047e051655cf9cc3c77f37fc36fa,2026-05-10T22:46:45-05:00,A,emergent_quantum_geometries/scripts/run_v2_shotgun_pipeline.ps1,
30,db5055cefcdc047e051655cf9cc3c77f37fc36fa,2026-05-10T22:46:45-05:00,R100,emergent_quantum_geometries/src/analysis/chsh_bell_test.py,emergent_quantum_geometries/chsh_bell_test.py
30,db5055cefcdc047e051655cf9cc3c77f37fc36fa,2026-05-10T22:46:45-05:00,R100,emergent_quantum_geometries/src/analysis/generate_figures.py,emergent_quantum_geometries/generate_figures.py
30,db5055cefcdc047e051655cf9cc3c77f37fc36fa,2026-05-10T22:46:45-05:00,R100,emergent_quantum_geometries/src/analysis/oat_teleport_v5d_witness_observer.py,emergent_quantum_geometries/oat_teleport_v5d_witness_observer.py
30,db5055cefcdc047e051655cf9cc3c77f37fc36fa,2026-05-10T22:46:45-05:00,R100,emergent_quantum_geometries/src/analysis/quantum_state_audit.py,emergent_quantum_geometries/quantum_state_audit.py
30,db5055cefcdc047e051655cf9cc3c77f37fc36fa,2026-05-10T22:46:45-05:00,R100,emergent_quantum_geometries/src/controller/jila_tpu_controller.py,emergent_quantum_geometries/jila_tpu_controller.py
30,db5055cefcdc047e051655cf9cc3c77f37fc36fa,2026-05-10T22:46:45-05:00,R100,emergent_quantum_geometries/src/experiments/exp_ibm_trotterized_oat.py,emergent_quantum_geometries/exp_ibm_trotterized_oat.py
30,db5055cefcdc047e051655cf9cc3c77f37fc36fa,2026-05-10T22:46:45-05:00,R100,emergent_quantum_geometries/src/experiments/exp_mbl_xxz_adapter.py,emergent_quantum_geometries/exp_mbl_xxz_adapter.py
30,db5055cefcdc047e051655cf9cc3c77f37fc36fa,2026-05-10T22:46:45-05:00,R100,emergent_quantum_geometries/src/experiments/exp_sycamore_otoc_adapter.py,emergent_quantum_geometries/exp_sycamore_otoc_adapter.py
30,db5055cefcdc047e051655cf9cc3c77f37fc36fa,2026-05-10T22:46:45-05:00,R100,emergent_quantum_geometries/src/experiments/exp_syk_ed_adapter.py,emergent_quantum_geometries/exp_syk_ed_adapter.py
30,db5055cefcdc047e051655cf9cc3c77f37fc36fa,2026-05-10T22:46:45-05:00,R100,emergent_quantum_geometries/src/simulation/jila_oat_exact_tpu.py,emergent_quantum_geometries/jila_oat_exact_tpu.py
30,db5055cefcdc047e051655cf9cc3c77f37fc36fa,2026-05-10T22:46:45-05:00,A,emergent_quantum_geometries/src/simulation/jila_teleportation_tensor_network.py,
30,db5055cefcdc047e051655cf9cc3c77f37fc36fa,2026-05-10T22:46:45-05:00,A,emergent_quantum_geometries/src/simulation/jila_tn_tpu_run.py,
30,db5055cefcdc047e051655cf9cc3c77f37fc36fa,2026-05-10T22:46:45-05:00,A,emergent_quantum_geometries/src/simulation/oat_teleport_v3_tpu.py,
30,db5055cefcdc047e051655cf9cc3c77f37fc36fa,2026-05-10T22:46:45-05:00,R100,emergent_quantum_geometries/src/simulation/oat_teleport_v4_open_system.py,emergent_quantum_geometries/oat_teleport_v4_open_system.py
30,db5055cefcdc047e051655cf9cc3c77f37fc36fa,2026-05-10T22:46:45-05:00,A,emergent_quantum_geometries/src/utils/fetch_datasets.py,
30,db5055cefcdc047e051655cf9cc3c77f37fc36fa,2026-05-10T22:46:45-05:00,R100,emergent_quantum_geometries/src/utils/generate_dlinoss_input.py,emergent_quantum_geometries/generate_dlinoss_input.py
30,db5055cefcdc047e051655cf9cc3c77f37fc36fa,2026-05-10T22:46:45-05:00,A,example/experimental_data_ingester.py,
30,db5055cefcdc047e051655cf9cc3c77f37fc36fa,2026-05-10T22:46:45-05:00,A,example/fetch_datasets.py,
30,db5055cefcdc047e051655cf9cc3c77f37fc36fa,2026-05-10T22:46:45-05:00,A,example/framework_residuals.py,
30,db5055cefcdc047e051655cf9cc3c77f37fc36fa,2026-05-10T22:46:45-05:00,A,example/run_v2_experiment_updated.py,
30,db5055cefcdc047e051655cf9cc3c77f37fc36fa,2026-05-10T22:46:45-05:00,A,files.zip,
30,db5055cefcdc047e051655cf9cc3c77f37fc36fa,2026-05-10T22:46:45-05:00,A,mismo tiempo/holaMundo/alice_scramble_events.json,
30,db5055cefcdc047e051655cf9cc3c77f37fc36fa,2026-05-10T22:46:45-05:00,A,mismo tiempo/holaMundo/bob_passive_events.json,
30,db5055cefcdc047e051655cf9cc3c77f37fc36fa,2026-05-10T22:46:45-05:00,A,mismo tiempo/holaMundo/chronos_v2_alice_scramble.zip,
30,db5055cefcdc047e051655cf9cc3c77f37fc36fa,2026-05-10T22:46:45-05:00,A,mismo tiempo/holaMundo/chronos_v2_alice_scramble/manifest.json,
30,db5055cefcdc047e051655cf9cc3c77f37fc36fa,2026-05-10T22:46:45-05:00,A,mismo tiempo/holaMundo/chronos_v2_bob_passive.zip,
30,db5055cefcdc047e051655cf9cc3c77f37fc36fa,2026-05-10T22:46:45-05:00,A,mismo tiempo/holaMundo/chronos_v2_bob_passive/manifest.json,
30,db5055cefcdc047e051655cf9cc3c77f37fc36fa,2026-05-10T22:46:45-05:00,A,mismo tiempo/holaMundo/chronos_v3_alice_scramble.zip,
30,db5055cefcdc047e051655cf9cc3c77f37fc36fa,2026-05-10T22:46:45-05:00,A,mismo tiempo/holaMundo/chronos_v3_alice_scramble/manifest.json,
30,db5055cefcdc047e051655cf9cc3c77f37fc36fa,2026-05-10T22:46:45-05:00,A,mismo tiempo/holaMundo/chronos_v3_bob_passive.zip,
30,db5055cefcdc047e051655cf9cc3c77f37fc36fa,2026-05-10T22:46:45-05:00,A,mismo tiempo/holaMundo/chronos_v3_bob_passive/manifest.json,
30,db5055cefcdc047e051655cf9cc3c77f37fc36fa,2026-05-10T22:46:45-05:00,A,python/analyze_scramble_experiment.py,
30,db5055cefcdc047e051655cf9cc3c77f37fc36fa,2026-05-10T22:46:45-05:00,A,python/analyze_v3_experiment.py,
30,db5055cefcdc047e051655cf9cc3c77f37fc36fa,2026-05-10T22:46:45-05:00,A,python/analyze_v4_experiment.py,
30,db5055cefcdc047e051655cf9cc3c77f37fc36fa,2026-05-10T22:46:45-05:00,A,python/colab_alice_scramble_trigger.py,
30,db5055cefcdc047e051655cf9cc3c77f37fc36fa,2026-05-10T22:46:45-05:00,A,python/colab_bob_passive.py,
30,db5055cefcdc047e051655cf9cc3c77f37fc36fa,2026-05-10T22:46:45-05:00,A,python/generate_scramble_notebook.py,
30,db5055cefcdc047e051655cf9cc3c77f37fc36fa,2026-05-10T22:46:45-05:00,A,python/generate_scramble_v2_notebook.py,
30,db5055cefcdc047e051655cf9cc3c77f37fc36fa,2026-05-10T22:46:45-05:00,A,python/generate_scramble_v3_notebook.py,
30,db5055cefcdc047e051655cf9cc3c77f37fc36fa,2026-05-10T22:46:45-05:00,A,python/generate_scramble_v4_notebook.py,
30,db5055cefcdc047e051655cf9cc3c77f37fc36fa,2026-05-10T22:46:45-05:00,A,python/images-to-spikes,
30,db5055cefcdc047e051655cf9cc3c77f37fc36fa,2026-05-10T22:46:45-05:00,A,python/otoc_covariance_ccf.py,
30,db5055cefcdc047e051655cf9cc3c77f37fc36fa,2026-05-10T22:46:45-05:00,A,python/permutation_gaussian_signature.py,
30,db5055cefcdc047e051655cf9cc3c77f37fc36fa,2026-05-10T22:46:45-05:00,A,python/plot_v3_analysis.py,
30,db5055cefcdc047e051655cf9cc3c77f37fc36fa,2026-05-10T22:46:45-05:00,A,python/validate_scramble_chunks.py,
30,db5055cefcdc047e051655cf9cc3c77f37fc36fa,2026-05-10T22:46:45-05:00,A,resonance_results/cross_run_symplectic_analysis.json,
30,db5055cefcdc047e051655cf9cc3c77f37fc36fa,2026-05-10T22:46:45-05:00,A,resonance_results/gaussian_signature_test.json,
30,db5055cefcdc047e051655cf9cc3c77f37fc36fa,2026-05-10T22:46:45-05:00,A,resonance_results/otoc_covariance_ccf.json,
30,db5055cefcdc047e051655cf9cc3c77f37fc36fa,2026-05-10T22:46:45-05:00,A,resonance_results/v3_analysis_full.png,
30,db5055cefcdc047e051655cf9cc3c77f37fc36fa,2026-05-10T22:46:45-05:00,A,resonance_results/v3_full_analysis.json,
30,db5055cefcdc047e051655cf9cc3c77f37fc36fa,2026-05-10T22:46:45-05:00,A,run_shotgun_alice.ps1,
30,db5055cefcdc047e051655cf9cc3c77f37fc36fa,2026-05-10T22:46:45-05:00,A,run_v4_correct_pipeline.ps1,
30,db5055cefcdc047e051655cf9cc3c77f37fc36fa,2026-05-10T22:46:45-05:00,A,run_v4_double_ondemand.ps1,
30,db5055cefcdc047e051655cf9cc3c77f37fc36fa,2026-05-10T22:46:45-05:00,A,run_v4_double_ondemand_colocated.ps1,
30,db5055cefcdc047e051655cf9cc3c77f37fc36fa,2026-05-10T22:46:45-05:00,A,run_v4_pipeline_headless.ps1,
30,db5055cefcdc047e051655cf9cc3c77f37fc36fa,2026-05-10T22:46:45-05:00,A,run_v4_shotgun_pipeline.ps1,
30,db5055cefcdc047e051655cf9cc3c77f37fc36fa,2026-05-10T22:46:45-05:00,A,superposition,
30,db5055cefcdc047e051655cf9cc3c77f37fc36fa,2026-05-10T22:46:45-05:00,A,trc_tpu_setup_guide.md,
31,f1d2fedd2bc12ecf6d8700a4d8229d4906af5788,2026-05-10T23:01:09-05:00,A,emergent_quantum_geometries/docs/CODE_GUIDE.md,
32,c0a4005b2145716b2c0d23949be7352bd8f52bd2,2026-05-10T23:16:01-05:00,M,emergent_quantum_geometries/docs/CODE_GUIDE.md,
32,c0a4005b2145716b2c0d23949be7352bd8f52bd2,2026-05-10T23:16:01-05:00,M,emergent_quantum_geometries/docs/FINDINGS.md,
32,c0a4005b2145716b2c0d23949be7352bd8f52bd2,2026-05-10T23:16:01-05:00,M,emergent_quantum_geometries/docs/PAPER_DRAFT_v1.md,
32,c0a4005b2145716b2c0d23949be7352bd8f52bd2,2026-05-10T23:16:01-05:00,M,emergent_quantum_geometries/src/analysis/generate_figures.py,
33,a84942196a9857c45062b5262b3ab033dbc49878,2026-05-10T23:18:16-05:00,M,emergent_quantum_geometries/docs/CODE_GUIDE.md,
33,a84942196a9857c45062b5262b3ab033dbc49878,2026-05-10T23:18:16-05:00,M,emergent_quantum_geometries/docs/PAPER_DRAFT_v1.md,
34,e07dc0f909d299fce68f03b3ba6fab54f22850b1,2026-05-10T23:51:41-05:00,M,emergent_quantum_geometries/docs/PAPER_DRAFT_v1.md,
35,f8a277667636a4429d431503a2ced8c4bb00851b,2026-05-11T00:09:00-05:00,M,emergent_quantum_geometries/docs/PAPER_DRAFT_v1.md,
36,623d0c21faf9e67001bd31748d7529f5f87e5b3e,2026-05-11T00:21:52-05:00,M,emergent_quantum_geometries/docs/PAPER_DRAFT_v1.md,
37,12d42ef2ce89177890cf885b6977d562b954f505,2026-05-11T00:29:13-05:00,M,emergent_quantum_geometries/docs/PAPER_DRAFT_v1.md,
38,a01b454cfbd927b2ef95413ebefbd0222c2a09db,2026-05-11T00:50:07-05:00,M,emergent_quantum_geometries/docs/PAPER_DRAFT_v1.md,
39,83b3b794deb0963090bb5b4e9bfd828a4cbb6a11,2026-05-11T01:02:46-05:00,M,emergent_quantum_geometries/docs/PAPER_DRAFT_v1.md,
40,caa892a4d418558446de104f235174437f49de99,2026-05-11T01:18:22-05:00,M,emergent_quantum_geometries/docs/PAPER_DRAFT_v1.md,
41,371d251e97844f6a4402afa50a439a32cdfaec7f,2026-05-11T03:01:53-05:00,A,emergent_quantum_geometries/tpu_dlinoss_training_gen.py,
42,6bebc9801ff6e8b8264e54e0f22b206724ff63fb,2026-05-11T09:49:59-05:00,M,emergent_quantum_geometries/tpu_dlinoss_training_gen.py,
43,cd246277b2c6b437c74028d1674eef2761663c60,2026-05-11T09:54:53-05:00,M,emergent_quantum_geometries/docs/PAPER_DRAFT_v1.md,
44,5103b19b1e259a57a5b47640645d44ff9add9dcb,2026-05-11T09:59:41-05:00,M,emergent_quantum_geometries/docs/PAPER_DRAFT_v1.md,
45,c4cf8fa3dab29563c62a2a47a368454313039f7b,2026-05-11T10:00:24-05:00,A,emergent_quantum_geometries/FINDINGS.md,
46,1aaca75d2eb1cf910824ee9b2f677189ace18dea,2026-05-11T10:11:14-05:00,M,emergent_quantum_geometries/FINDINGS.md,
46,1aaca75d2eb1cf910824ee9b2f677189ace18dea,2026-05-11T10:11:14-05:00,M,emergent_quantum_geometries/docs/PAPER_DRAFT_v1.md,
47,a44addd9c70c00e24ca163cef2b20e74db7a0425,2026-05-11T11:43:57-05:00,A,emergent_quantum_geometries/docs/TPU_EXPERIMENT_PLAN.md,
47,a44addd9c70c00e24ca163cef2b20e74db7a0425,2026-05-11T11:43:57-05:00,A,emergent_quantum_geometries/results.tar.gz,
47,a44addd9c70c00e24ca163cef2b20e74db7a0425,2026-05-11T11:43:57-05:00,M,emergent_quantum_geometries/tpu_dlinoss_training_gen.py,
48,6633efa7349a3bfd9f411163aeb35bb89839ce9a,2026-05-11T16:27:09-05:00,A,emergent_quantum_geometries/adversarial_systems.py,
48,6633efa7349a3bfd9f411163aeb35bb89839ce9a,2026-05-11T16:27:09-05:00,M,emergent_quantum_geometries/docs/TPU_EXPERIMENT_PLAN.md,
48,6633efa7349a3bfd9f411163aeb35bb89839ce9a,2026-05-11T16:27:09-05:00,A,emergent_quantum_geometries/threshold_sweep.py,
49,2251d1af879cfedbfcd45a5823b7fe65bc15e6da,2026-05-11T16:29:47-05:00,M,emergent_quantum_geometries/FINDINGS.md,
49,2251d1af879cfedbfcd45a5823b7fe65bc15e6da,2026-05-11T16:29:47-05:00,A,emergent_quantum_geometries/analyze_results.py,
49,2251d1af879cfedbfcd45a5823b7fe65bc15e6da,2026-05-11T16:29:47-05:00,M,emergent_quantum_geometries/docs/PAPER_DRAFT_v1.md,
50,a67f81b12cb7f27acdfeba6302563e1d621321ce,2026-05-11T16:34:27-05:00,M,emergent_quantum_geometries/docs/FINDINGS.md,
51,0e9cac876aad5938de05e665501703e71c25a28a,2026-05-11T16:42:56-05:00,M,emergent_quantum_geometries/tpu_dlinoss_training_gen.py,
52,430cfa28c544508803c8a75ff9b5597a35d165dd,2026-05-12T01:28:54-05:00,M,emergent_quantum_geometries/FINDINGS.md,
52,430cfa28c544508803c8a75ff9b5597a35d165dd,2026-05-12T01:28:54-05:00,A,emergent_quantum_geometries/analyze_run2.py,
52,430cfa28c544508803c8a75ff9b5597a35d165dd,2026-05-12T01:28:54-05:00,A,emergent_quantum_geometries/patch_summary.py,
53,d9b6de3da6d7c85561c4fea8be06cdb84415ecbd,2026-05-12T01:59:28-05:00,M,emergent_quantum_geometries/FINDINGS.md,
53,d9b6de3da6d7c85561c4fea8be06cdb84415ecbd,2026-05-12T01:59:28-05:00,A,emergent_quantum_geometries/append_findings.py,
53,d9b6de3da6d7c85561c4fea8be06cdb84415ecbd,2026-05-12T01:59:28-05:00,A,emergent_quantum_geometries/diag_formula.py,
53,d9b6de3da6d7c85561c4fea8be06cdb84415ecbd,2026-05-12T01:59:28-05:00,A,emergent_quantum_geometries/singlet_fraction_proof.py,
54,d8b59d5df2737b80a699ce809dc62996a0cb45b4,2026-05-12T02:20:15-05:00,M,emergent_quantum_geometries/FINDINGS.md,
54,d8b59d5df2737b80a699ce809dc62996a0cb45b4,2026-05-12T02:20:15-05:00,A,emergent_quantum_geometries/append_findings2.py,
54,d8b59d5df2737b80a699ce809dc62996a0cb45b4,2026-05-12T02:20:15-05:00,A,emergent_quantum_geometries/geo_experiments.py,
55,c881940d34afde8781a7cf064c8aac8118723817,2026-05-12T03:51:20-05:00,M,emergent_quantum_geometries/FINDINGS.md,
55,c881940d34afde8781a7cf064c8aac8118723817,2026-05-12T03:51:20-05:00,A,emergent_quantum_geometries/append_findings3.py,
55,c881940d34afde8781a7cf064c8aac8118723817,2026-05-12T03:51:20-05:00,A,emergent_quantum_geometries/collective_dephasing.py,
56,37325f61379f1e72db63653d003909e24c0ccc7f,2026-05-12T10:07:57-05:00,M,emergent_quantum_geometries/docs/PAPER_DRAFT_v1.md,
57,f357a126ebb9ff79f822a69706c03267b57713c3,2026-05-12T10:23:45-05:00,M,emergent_quantum_geometries/FINDINGS.md,
57,f357a126ebb9ff79f822a69706c03267b57713c3,2026-05-12T10:23:45-05:00,A,emergent_quantum_geometries/channel_tomography.py,
58,5d157c9b492233eb9e5a68e6a12210778310f2f7,2026-05-12T10:37:50-05:00,M,emergent_quantum_geometries/FINDINGS.md,
58,5d157c9b492233eb9e5a68e6a12210778310f2f7,2026-05-12T10:37:50-05:00,M,emergent_quantum_geometries/channel_tomography.py,
59,d322b30a60806779c35f92de585360822b3d9574,2026-05-12T11:04:41-05:00,M,emergent_quantum_geometries/FINDINGS.md,
59,d322b30a60806779c35f92de585360822b3d9574,2026-05-12T11:04:41-05:00,A,emergent_quantum_geometries/classical_comparator.py,
59,d322b30a60806779c35f92de585360822b3d9574,2026-05-12T11:04:41-05:00,A,emergent_quantum_geometries/ptm_analytic.py,
60,955c1ab5219d1f0eecd6d3afb9e5980548d98849,2026-05-12T11:18:44-05:00,M,emergent_quantum_geometries/FINDINGS.md,
60,955c1ab5219d1f0eecd6d3afb9e5980548d98849,2026-05-12T11:18:44-05:00,A,emergent_quantum_geometries/recovery_landscape.py,
61,5f0db56448674ee3c45270b39c9eaafaaac6258f,2026-05-12T11:34:24-05:00,M,emergent_quantum_geometries/FINDINGS.md,
61,5f0db56448674ee3c45270b39c9eaafaaac6258f,2026-05-12T11:34:24-05:00,A,emergent_quantum_geometries/fix_line.py,
61,5f0db56448674ee3c45270b39c9eaafaaac6258f,2026-05-12T11:34:24-05:00,A,emergent_quantum_geometries/recovery_phase_diagram.py,
62,6bf88840dcff8108795e4fb75d09ba655f5b8a40,2026-05-12T11:46:37-05:00,M,emergent_quantum_geometries/FINDINGS.md,
62,6bf88840dcff8108795e4fb75d09ba655f5b8a40,2026-05-12T11:46:37-05:00,A,emergent_quantum_geometries/basin_volume.py,
63,97bbfe9186769b6726e5bcb8fc43db268f3255fa,2026-05-12T12:01:00-05:00,M,emergent_quantum_geometries/FINDINGS.md,
64,1b70566491a65b2f41e97d5be9cee3883fec709e,2026-05-12T12:06:18-05:00,M,emergent_quantum_geometries/docs/PAPER_DRAFT_v1.md,
65,bce61dca3764fe8e63724f02a13afac031e09da6,2026-05-12T12:16:22-05:00,A,emergent_quantum_geometries/vq_phase_diagram.py,
66,c4482abb4b9bdefb34621edbbb0d96034e1840c6,2026-05-12T12:18:22-05:00,M,emergent_quantum_geometries/docs/PAPER_DRAFT_v1.md,
66,c4482abb4b9bdefb34621edbbb0d96034e1840c6,2026-05-12T12:18:22-05:00,M,emergent_quantum_geometries/docs/TPU_EXPERIMENT_PLAN.md,
67,a67c1b061b6f3425ab9fb7e8627e187eb7f08028,2026-05-12T12:33:18-05:00,M,emergent_quantum_geometries/FINDINGS.md,
68,778d333d0b625baff895f80663a8f41d978d3444,2026-05-12T12:46:37-05:00,M,emergent_quantum_geometries/FINDINGS.md,
68,778d333d0b625baff895f80663a8f41d978d3444,2026-05-12T12:46:37-05:00,A,emergent_quantum_geometries/vq_n_scaling.py,
69,ed87a4a357410f56572a4ccba6f89ab8f917edd0,2026-05-12T12:53:04-05:00,M,emergent_quantum_geometries/FINDINGS.md,
70,de5c5478a3e142f37ffded56c81e7ba0800e461f,2026-05-12T13:05:29-05:00,M,emergent_quantum_geometries/FINDINGS.md,
71,41a2be3224a01931f81d05bc8e5fa75d058f7640,2026-05-12T15:15:26-05:00,M,emergent_quantum_geometries/FINDINGS.md,
71,41a2be3224a01931f81d05bc8e5fa75d058f7640,2026-05-12T15:15:26-05:00,A,emergent_quantum_geometries/dicke_ptm.py,
72,e62c1bcece74851eedd14f06b221615d06eca252,2026-05-12T15:25:19-05:00,M,emergent_quantum_geometries/FINDINGS.md,
72,e62c1bcece74851eedd14f06b221615d06eca252,2026-05-12T15:25:19-05:00,M,emergent_quantum_geometries/docs/PAPER_DRAFT_v1.md,
73,d22b3f9678a77f5c3e1a2d68b1c280aacb89998a,2026-05-12T15:28:01-05:00,M,emergent_quantum_geometries/FINDINGS.md,
73,d22b3f9678a77f5c3e1a2d68b1c280aacb89998a,2026-05-12T15:28:01-05:00,A,emergent_quantum_geometries/kappa_q_stiffness.py,
74,935d0f47ac29ee0e541128aad8632e21ff646f1a,2026-05-12T15:30:36-05:00,M,emergent_quantum_geometries/FINDINGS.md,
75,b53e59d17948715f6bec2ab3e1364b37b3de11ca,2026-05-12T15:32:31-05:00,M,emergent_quantum_geometries/FINDINGS.md,
75,b53e59d17948715f6bec2ab3e1364b37b3de11ca,2026-05-12T15:32:31-05:00,A,emergent_quantum_geometries/collapse_figure.py,
75,b53e59d17948715f6bec2ab3e1364b37b3de11ca,2026-05-12T15:32:31-05:00,M,emergent_quantum_geometries/docs/PAPER_DRAFT_v1.md,
76,e51621b42783cecbf278dc6b22505daa0a8ec0f8,2026-05-12T15:37:58-05:00,M,emergent_quantum_geometries/FINDINGS.md,
76,e51621b42783cecbf278dc6b22505daa0a8ec0f8,2026-05-12T15:37:58-05:00,A,emergent_quantum_geometries/dlinoss_manifold.py,
77,b1924d3e468b8e39c5bb729088c1c4e61ff7c13f,2026-05-12T15:41:53-05:00,M,emergent_quantum_geometries/FINDINGS.md,
78,4934ef9a0590dc121c9fcd49d552d3888103ebd2,2026-05-12T15:44:07-05:00,M,emergent_quantum_geometries/FINDINGS.md,
78,4934ef9a0590dc121c9fcd49d552d3888103ebd2,2026-05-12T15:44:07-05:00,A,emergent_quantum_geometries/critical_exponent.py,
79,0401bd6d908ae0dc264545e992cb555ede78f3d7,2026-05-12T15:47:11-05:00,M,emergent_quantum_geometries/FINDINGS.md,
79,0401bd6d908ae0dc264545e992cb555ede78f3d7,2026-05-12T15:47:11-05:00,A,emergent_quantum_geometries/beta_n_scaling.py,
80,1cca9c273106ba43fd52b3ffdf812cc88256fabe,2026-05-12T15:50:41-05:00,M,emergent_quantum_geometries/FINDINGS.md,
81,36e3ac7ab2458f509311658f2c49e5c8fd3cce89,2026-05-12T15:53:49-05:00,M,emergent_quantum_geometries/FINDINGS.md,
81,36e3ac7ab2458f509311658f2c49e5c8fd3cce89,2026-05-12T15:53:49-05:00,A,emergent_quantum_geometries/gate2_statistical_rigor.py,
82,749a73395332cae565ca58d12266d05e08ad9dde,2026-05-12T15:58:18-05:00,M,emergent_quantum_geometries/FINDINGS.md,
83,8d45055e973c5f924617ec8a1bfe3f2bc0adf881,2026-05-12T16:05:36-05:00,M,emergent_quantum_geometries/FINDINGS.md,
83,8d45055e973c5f924617ec8a1bfe3f2bc0adf881,2026-05-12T16:05:36-05:00,A,emergent_quantum_geometries/gate2_blockers.py,
84,0a6688a70804a244bd6b7a539c7acafc78d95681,2026-05-12T16:13:36-05:00,M,emergent_quantum_geometries/FINDINGS.md,
85,39b900f93b9ff21e40d78801efa62369089fa09a,2026-05-12T16:18:48-05:00,M,emergent_quantum_geometries/FINDINGS.md,
85,39b900f93b9ff21e40d78801efa62369089fa09a,2026-05-12T16:18:48-05:00,A,emergent_quantum_geometries/p1_coord_invariance.py,
85,39b900f93b9ff21e40d78801efa62369089fa09a,2026-05-12T16:18:48-05:00,A,emergent_quantum_geometries/p4_ptm_spectral_flow.py,
86,32dff8a4bc0611c4d1c7cd8cf4ec623faf96ed10,2026-05-12T16:24:40-05:00,M,emergent_quantum_geometries/FINDINGS.md,
87,61f8bcf5d8a98e51a51dc19084efea3e29bb5b8b,2026-05-12T16:26:54-05:00,M,emergent_quantum_geometries/FINDINGS.md,
87,61f8bcf5d8a98e51a51dc19084efea3e29bb5b8b,2026-05-12T16:26:54-05:00,A,emergent_quantum_geometries/p3_bridge_correlation.py,
88,592455fc8efeb3de8b591e414b1b62767fcfbcf0,2026-05-12T16:31:22-05:00,M,emergent_quantum_geometries/FINDINGS.md,
89,da54956ada611163282d98c3e4011c35168346fe,2026-05-12T16:33:30-05:00,M,emergent_quantum_geometries/FINDINGS.md,
89,da54956ada611163282d98c3e4011c35168346fe,2026-05-12T16:33:30-05:00,A,emergent_quantum_geometries/p2_hardware_noise.py,
90,b7ae5dfbf7e93601647cffbce4d18eb6395542ff,2026-05-12T16:37:21-05:00,M,emergent_quantum_geometries/FINDINGS.md,
91,a90b2c6ee0aa2078aab124cc1c54cbd08ffdb615,2026-05-12T17:27:38-05:00,M,emergent_quantum_geometries/FINDINGS.md,
91,a90b2c6ee0aa2078aab124cc1c54cbd08ffdb615,2026-05-12T17:27:38-05:00,A,emergent_quantum_geometries/exp_ibm_trotterized_oat.py,
92,f7515a5effe627222595054b50db084c5220d0b7,2026-05-12T17:39:45-05:00,M,emergent_quantum_geometries/docs/PAPER_DRAFT_v1.md,
93,016a0c8321fc6e83b900749e88a8d29f0d61ba55,2026-05-12T17:46:57-05:00,M,emergent_quantum_geometries/FINDINGS.md,
93,016a0c8321fc6e83b900749e88a8d29f0d61ba55,2026-05-12T17:46:57-05:00,A,emergent_quantum_geometries/ibm_job_ids.txt,
93,016a0c8321fc6e83b900749e88a8d29f0d61ba55,2026-05-12T17:46:57-05:00,A,emergent_quantum_geometries/ibm_prereg.json,
93,016a0c8321fc6e83b900749e88a8d29f0d61ba55,2026-05-12T17:46:57-05:00,A,emergent_quantum_geometries/ibm_results.json,
93,016a0c8321fc6e83b900749e88a8d29f0d61ba55,2026-05-12T17:46:57-05:00,A,emergent_quantum_geometries/ibm_submit.py,
94,3e250169ed52fe31104a7257581a7465b96d7c0f,2026-05-12T17:54:56-05:00,A,emergent_quantum_geometries/_diag_transpiler.py,
94,3e250169ed52fe31104a7257581a7465b96d7c0f,2026-05-12T17:54:56-05:00,A,emergent_quantum_geometries/_fix_paper.py,
94,3e250169ed52fe31104a7257581a7465b96d7c0f,2026-05-12T17:54:56-05:00,M,emergent_quantum_geometries/docs/PAPER_DRAFT_v1.md,
95,33e1b3e47d38601499f2c3fa4971f9b2435aff78,2026-05-12T20:41:55-05:00,M,emergent_quantum_geometries/FINDINGS.md,
95,33e1b3e47d38601499f2c3fa4971f9b2435aff78,2026-05-12T20:41:55-05:00,A,emergent_quantum_geometries/_archive_results.py,
95,33e1b3e47d38601499f2c3fa4971f9b2435aff78,2026-05-12T20:41:55-05:00,A,emergent_quantum_geometries/_fix_ixe.py,
95,33e1b3e47d38601499f2c3fa4971f9b2435aff78,2026-05-12T20:41:55-05:00,M,emergent_quantum_geometries/docs/PAPER_DRAFT_v1.md,
95,33e1b3e47d38601499f2c3fa4971f9b2435aff78,2026-05-12T20:41:55-05:00,A,emergent_quantum_geometries/ibm_archive_calibration_counts.json,
95,33e1b3e47d38601499f2c3fa4971f9b2435aff78,2026-05-12T20:41:55-05:00,A,emergent_quantum_geometries/ibm_archive_calibration_meta.json,
95,33e1b3e47d38601499f2c3fa4971f9b2435aff78,2026-05-12T20:41:55-05:00,A,emergent_quantum_geometries/ibm_archive_ptm_3point_counts.json,
95,33e1b3e47d38601499f2c3fa4971f9b2435aff78,2026-05-12T20:41:55-05:00,A,emergent_quantum_geometries/ibm_archive_ptm_3point_meta.json,
96,a8a14f66600021475f62d224a11d2dff99e469f8,2026-05-12T21:00:24-05:00,M,emergent_quantum_geometries/FINDINGS.md,
96,a8a14f66600021475f62d224a11d2dff99e469f8,2026-05-12T21:00:24-05:00,A,emergent_quantum_geometries/_fit_run2.py,
96,a8a14f66600021475f62d224a11d2dff99e469f8,2026-05-12T21:00:24-05:00,A,emergent_quantum_geometries/_update_paper_run2.py,
96,a8a14f66600021475f62d224a11d2dff99e469f8,2026-05-12T21:00:24-05:00,M,emergent_quantum_geometries/docs/PAPER_DRAFT_v1.md,
96,a8a14f66600021475f62d224a11d2dff99e469f8,2026-05-12T21:00:24-05:00,A,emergent_quantum_geometries/ibm_archive_run2_calibration_counts.json,
96,a8a14f66600021475f62d224a11d2dff99e469f8,2026-05-12T21:00:24-05:00,A,emergent_quantum_geometries/ibm_archive_run2_calibration_meta.json,
96,a8a14f66600021475f62d224a11d2dff99e469f8,2026-05-12T21:00:24-05:00,A,emergent_quantum_geometries/ibm_archive_run2_null_4000shots_counts.json,
96,a8a14f66600021475f62d224a11d2dff99e469f8,2026-05-12T21:00:24-05:00,A,emergent_quantum_geometries/ibm_archive_run2_null_4000shots_meta.json,
96,a8a14f66600021475f62d224a11d2dff99e469f8,2026-05-12T21:00:24-05:00,A,emergent_quantum_geometries/ibm_archive_run2_sweep_mirrors_counts.json,
96,a8a14f66600021475f62d224a11d2dff99e469f8,2026-05-12T21:00:24-05:00,A,emergent_quantum_geometries/ibm_archive_run2_sweep_mirrors_meta.json,
96,a8a14f66600021475f62d224a11d2dff99e469f8,2026-05-12T21:00:24-05:00,A,emergent_quantum_geometries/ibm_run2.py,
96,a8a14f66600021475f62d224a11d2dff99e469f8,2026-05-12T21:00:24-05:00,A,emergent_quantum_geometries/ibm_run2_fit.json,
96,a8a14f66600021475f62d224a11d2dff99e469f8,2026-05-12T21:00:24-05:00,A,emergent_quantum_geometries/ibm_run2_jobids.json,
96,a8a14f66600021475f62d224a11d2dff99e469f8,2026-05-12T21:00:24-05:00,A,emergent_quantum_geometries/ibm_run2_prereg.json,
96,a8a14f66600021475f62d224a11d2dff99e469f8,2026-05-12T21:00:24-05:00,A,emergent_quantum_geometries/ibm_run2_results.json,
97,616e49f117ab93f4a6314d1dfc8ed8678214749d,2026-05-12T21:21:10-05:00,M,emergent_quantum_geometries/FINDINGS.md,
97,616e49f117ab93f4a6314d1dfc8ed8678214749d,2026-05-12T21:21:10-05:00,A,emergent_quantum_geometries/_bootstrap_run2.py,
97,616e49f117ab93f4a6314d1dfc8ed8678214749d,2026-05-12T21:21:10-05:00,A,emergent_quantum_geometries/_update_paper_v9.py,
97,616e49f117ab93f4a6314d1dfc8ed8678214749d,2026-05-12T21:21:10-05:00,M,emergent_quantum_geometries/docs/PAPER_DRAFT_v1.md,
97,616e49f117ab93f4a6314d1dfc8ed8678214749d,2026-05-12T21:21:10-05:00,A,emergent_quantum_geometries/ibm_archive_run3_calibration_counts.json,
97,616e49f117ab93f4a6314d1dfc8ed8678214749d,2026-05-12T21:21:10-05:00,A,emergent_quantum_geometries/ibm_archive_run3_calibration_meta.json,
97,616e49f117ab93f4a6314d1dfc8ed8678214749d,2026-05-12T21:21:10-05:00,A,emergent_quantum_geometries/ibm_archive_run3_null_4000shots_counts.json,
97,616e49f117ab93f4a6314d1dfc8ed8678214749d,2026-05-12T21:21:10-05:00,A,emergent_quantum_geometries/ibm_archive_run3_null_4000shots_meta.json,
97,616e49f117ab93f4a6314d1dfc8ed8678214749d,2026-05-12T21:21:10-05:00,A,emergent_quantum_geometries/ibm_archive_run3_sweep_counts.json,
97,616e49f117ab93f4a6314d1dfc8ed8678214749d,2026-05-12T21:21:10-05:00,A,emergent_quantum_geometries/ibm_archive_run3_sweep_meta.json,
97,616e49f117ab93f4a6314d1dfc8ed8678214749d,2026-05-12T21:21:10-05:00,A,emergent_quantum_geometries/ibm_run2_bootstrap.json,
97,616e49f117ab93f4a6314d1dfc8ed8678214749d,2026-05-12T21:21:10-05:00,A,emergent_quantum_geometries/ibm_run3.py,
97,616e49f117ab93f4a6314d1dfc8ed8678214749d,2026-05-12T21:21:10-05:00,A,emergent_quantum_geometries/ibm_run3_jobids.json,
97,616e49f117ab93f4a6314d1dfc8ed8678214749d,2026-05-12T21:21:10-05:00,A,emergent_quantum_geometries/ibm_run3_prereg.json,
97,616e49f117ab93f4a6314d1dfc8ed8678214749d,2026-05-12T21:21:10-05:00,A,emergent_quantum_geometries/ibm_run3_results.json,
98,8f60e7879e9178d4d3d314cb932ea27094c827f6,2026-05-12T22:47:40-05:00,M,emergent_quantum_geometries/docs/PAPER_DRAFT_v1.md,
99,c71f019696161035287d8f0cf9a7a041e59d6939,2026-05-12T23:31:45-05:00,A,emergent_quantum_geometries/approach_c_results.json,
99,c71f019696161035287d8f0cf9a7a041e59d6939,2026-05-12T23:31:45-05:00,A,emergent_quantum_geometries/approach_c_tpu.py,
100,386724609f33f27d63c689b50035706f1ec453f0,2026-05-13T15:30:48-05:00,M,emergent_quantum_geometries/docs/PAPER_DRAFT_v1.md,
100,386724609f33f27d63c689b50035706f1ec453f0,2026-05-13T15:30:48-05:00,A,emergent_quantum_geometries/parse_results.py,
100,386724609f33f27d63c689b50035706f1ec453f0,2026-05-13T15:30:48-05:00,A,emergent_quantum_geometries/run_teleport.sh,
100,386724609f33f27d63c689b50035706f1ec453f0,2026-05-13T15:30:48-05:00,A,emergent_quantum_geometries/step0_calibration.py,
100,386724609f33f27d63c689b50035706f1ec453f0,2026-05-13T15:30:48-05:00,A,emergent_quantum_geometries/teleport_results.json,
100,386724609f33f27d63c689b50035706f1ec453f0,2026-05-13T15:30:48-05:00,A,emergent_quantum_geometries/teleport_sim_tpu.py,
101,ee7f5ae7af3bb25091443af0a288349fe55002d3,2026-05-14T00:05:54-05:00,A,emergent_quantum_geometries/dlinoss_geometry.py,
101,ee7f5ae7af3bb25091443af0a288349fe55002d3,2026-05-14T00:05:54-05:00,A,emergent_quantum_geometries/ptm_corpus_gen.py,
101,ee7f5ae7af3bb25091443af0a288349fe55002d3,2026-05-14T00:05:54-05:00,A,emergent_quantum_geometries/ptm_features.py,
102,4c74b4fefaa0c18a6e933fa7038662f8df2f3f12,2026-05-14T00:28:24-05:00,A,emergent_quantum_geometries/dlinoss_blind_transport.py,
103,13957752ae2a7a121683e81ca9aa08421f76e2c0,2026-05-14T00:35:59-05:00,A,emergent_quantum_geometries/dlinoss_program_f.py,
104,19a73fce51ed955490b9853ecdf5d3d94b1662e5,2026-05-14T00:41:19-05:00,A,emergent_quantum_geometries/ibm_emulator.py,
104,19a73fce51ed955490b9853ecdf5d3d94b1662e5,2026-05-14T00:41:19-05:00,A,emergent_quantum_geometries/ibm_scan_prediction.json,
105,0a282cc73c835d775998e396e98350a9c8d01958,2026-05-14T00:50:19-05:00,M,emergent_quantum_geometries/dlinoss_program_f.py,
105,0a282cc73c835d775998e396e98350a9c8d01958,2026-05-14T00:50:19-05:00,A,emergent_quantum_geometries/program_f_full/results_f.json,
106,d244e909c7f680c37ccceca253e291871d02c2e8,2026-05-14T01:04:49-05:00,A,emergent_quantum_geometries/program_g_results.json,
106,d244e909c7f680c37ccceca253e291871d02c2e8,2026-05-14T01:04:49-05:00,A,emergent_quantum_geometries/teleport_program_g.py,
107,b3309725ff8e8eed90c230b5c87be6546850cca5,2026-05-14T01:25:56-05:00,A,emergent_quantum_geometries/teleport_program_g2.py,
108,4ad6696813490aa8809b39db1fd4032db626d827,2026-05-14T10:16:35-05:00,A,emergent_quantum_geometries/program_h_results.json,
108,4ad6696813490aa8809b39db1fd4032db626d827,2026-05-14T10:16:35-05:00,A,emergent_quantum_geometries/teleport_program_h.py,
109,4e43b60f6a093b45fe5f5238cd933b210b5c5484,2026-05-14T11:34:23-05:00,A,emergent_quantum_geometries/program_h_tpu.py,
109,4e43b60f6a093b45fe5f5238cd933b210b5c5484,2026-05-14T11:34:23-05:00,A,emergent_quantum_geometries/program_h_tpu_results.zip,
109,4e43b60f6a093b45fe5f5238cd933b210b5c5484,2026-05-14T11:34:23-05:00,A,emergent_quantum_geometries/program_h_tpu_results/program_h_tpu_results.json,
109,4e43b60f6a093b45fe5f5238cd933b210b5c5484,2026-05-14T11:34:23-05:00,A,emergent_quantum_geometries/program_h_tpu_results/sweep_N128.json,
109,4e43b60f6a093b45fe5f5238cd933b210b5c5484,2026-05-14T11:34:23-05:00,A,emergent_quantum_geometries/program_h_tpu_results/sweep_N16.json,
109,4e43b60f6a093b45fe5f5238cd933b210b5c5484,2026-05-14T11:34:23-05:00,A,emergent_quantum_geometries/program_h_tpu_results/sweep_N256.json,
109,4e43b60f6a093b45fe5f5238cd933b210b5c5484,2026-05-14T11:34:23-05:00,A,emergent_quantum_geometries/program_h_tpu_results/sweep_N32.json,
109,4e43b60f6a093b45fe5f5238cd933b210b5c5484,2026-05-14T11:34:23-05:00,A,emergent_quantum_geometries/program_h_tpu_results/sweep_N4.json,
109,4e43b60f6a093b45fe5f5238cd933b210b5c5484,2026-05-14T11:34:23-05:00,A,emergent_quantum_geometries/program_h_tpu_results/sweep_N64.json,
109,4e43b60f6a093b45fe5f5238cd933b210b5c5484,2026-05-14T11:34:23-05:00,A,emergent_quantum_geometries/program_h_tpu_results/sweep_N8.json,
110,156df3dbd3689816faa1e3b737d01a6198e4ad8a,2026-05-14T12:13:08-05:00,A,emergent_quantum_geometries/program_h2_results.zip,
110,156df3dbd3689816faa1e3b737d01a6198e4ad8a,2026-05-14T12:13:08-05:00,A,emergent_quantum_geometries/program_h2_results/program_h2_results.json,
110,156df3dbd3689816faa1e3b737d01a6198e4ad8a,2026-05-14T12:13:08-05:00,A,emergent_quantum_geometries/program_h2_tpu.py,
111,8819cc67d51982e50516c699c2a4a32c81a3c7fc,2026-05-14T12:33:43-05:00,A,emergent_quantum_geometries/program_h3_results.zip,
111,8819cc67d51982e50516c699c2a4a32c81a3c7fc,2026-05-14T12:33:43-05:00,A,emergent_quantum_geometries/program_h3_results/program_h3_results.json,
111,8819cc67d51982e50516c699c2a4a32c81a3c7fc,2026-05-14T12:33:43-05:00,A,emergent_quantum_geometries/program_h3_results/program_h3_results_sweeps.json,
111,8819cc67d51982e50516c699c2a4a32c81a3c7fc,2026-05-14T12:33:43-05:00,A,emergent_quantum_geometries/program_h3_tpu.py,
112,8595188408577f7b66b9e64388521cab92773c10,2026-05-14T13:48:57-05:00,A,emergent_quantum_geometries/program_i0_tpu.py,
113,a472974eebc1eb21d9610e627aea928fa93c4db1,2026-05-14T14:53:39-05:00,A,emergent_quantum_geometries/program_i0_N10_results.json,
113,a472974eebc1eb21d9610e627aea928fa93c4db1,2026-05-14T14:53:39-05:00,A,emergent_quantum_geometries/program_i0_N10_results.zip,
114,f1d90d0999dadc733daac0184927d4d378b289e3,2026-05-14T14:59:42-05:00,A,emergent_quantum_geometries/program_i0_N12_results.json,
114,f1d90d0999dadc733daac0184927d4d378b289e3,2026-05-14T14:59:42-05:00,A,emergent_quantum_geometries/program_i0_N12_results.zip,
115,be16d91f1cdfbc3718b0903a0af56ed3f26fd381,2026-05-14T15:34:19-05:00,A,emergent_quantum_geometries/program_i0_N14_results.zip,
115,be16d91f1cdfbc3718b0903a0af56ed3f26fd381,2026-05-14T15:34:19-05:00,A,emergent_quantum_geometries/program_i0_N14_results/program_i0_results.json,
116,ae87f52c48dcda89a04be7075d23962730c6bb61,2026-05-14T16:04:58-05:00,A,emergent_quantum_geometries/program_iplus_N10_results.json,
116,ae87f52c48dcda89a04be7075d23962730c6bb61,2026-05-14T16:04:58-05:00,A,emergent_quantum_geometries/program_iplus_N10_results.zip,
116,ae87f52c48dcda89a04be7075d23962730c6bb61,2026-05-14T16:04:58-05:00,A,emergent_quantum_geometries/program_iplus_tpu.py,
117,117e0fdba5f1eea74b4333b6751c5b316d11df1a,2026-05-14T21:12:53-05:00,A,emergent_quantum_geometries/program_j_N10_results.json,
117,117e0fdba5f1eea74b4333b6751c5b316d11df1a,2026-05-14T21:12:53-05:00,A,emergent_quantum_geometries/program_j_N10_results.zip,
117,117e0fdba5f1eea74b4333b6751c5b316d11df1a,2026-05-14T21:12:53-05:00,A,emergent_quantum_geometries/program_j_tpu.py,
118,daadd699aace19615e5965070757f61f904ce64d,2026-05-14T21:28:06-05:00,A,emergent_quantum_geometries/program_k_N10_results.json,
118,daadd699aace19615e5965070757f61f904ce64d,2026-05-14T21:28:06-05:00,A,emergent_quantum_geometries/program_k_N10_results.zip,
118,daadd699aace19615e5965070757f61f904ce64d,2026-05-14T21:28:06-05:00,A,emergent_quantum_geometries/program_k_tpu.py,
119,a286587dd6b9ea606e29eea21f98a20771bf5c62,2026-05-14T22:11:38-05:00,A,emergent_quantum_geometries/program_k_N12_results.json,
119,a286587dd6b9ea606e29eea21f98a20771bf5c62,2026-05-14T22:11:38-05:00,A,emergent_quantum_geometries/program_k_N12_results.zip,
119,a286587dd6b9ea606e29eea21f98a20771bf5c62,2026-05-14T22:11:38-05:00,A,run_program_k_shotgun.ps1,
120,396692fec7e7d58a013e80cf42102105bdb4f1f4,2026-05-14T22:15:12-05:00,A,emergent_quantum_geometries/program_k_N12_extra_results.json,
120,396692fec7e7d58a013e80cf42102105bdb4f1f4,2026-05-14T22:15:12-05:00,A,emergent_quantum_geometries/program_k_N12_extra_results.zip,
121,59e661196151543fc56ce0bf61f194e904a11b04,2026-05-14T22:17:33-05:00,M,run_program_k_shotgun.ps1,
122,c1748205d98dd1aa551bbb5197a66846af948343,2026-05-14T22:35:44-05:00,M,emergent_quantum_geometries/program_k_tpu.py,
123,8ea6475f8bb106124aab793c3e7021de591d302b,2026-05-14T22:46:36-05:00,M,emergent_quantum_geometries/program_k_tpu.py,
124,d8060e0303f857d8a155f686f37e87283e29107a,2026-05-14T22:58:32-05:00,A,emergent_quantum_geometries/RESEARCH_LOG.md,
124,d8060e0303f857d8a155f686f37e87283e29107a,2026-05-14T22:58:32-05:00,A,emergent_quantum_geometries/program_k_N12_v2_results.json,
124,d8060e0303f857d8a155f686f37e87283e29107a,2026-05-14T22:58:32-05:00,A,emergent_quantum_geometries/program_k_N12_v2_results.zip,
125,65a8719028d9ec81dd09b8a9aa47a87e58e4ec76,2026-05-15T08:32:14-05:00,M,emergent_quantum_geometries/docs/PAPER_DRAFT_v1.md,
126,a57311928b7ff1ca05611277161a3684f56db07b,2026-05-15T08:56:48-05:00,M,emergent_quantum_geometries/program_k_tpu.py,
127,04c2e91bd7db2a4a9a421eadd9b769036b9dfd94,2026-05-15T09:02:15-05:00,M,emergent_quantum_geometries/RESEARCH_LOG.md,
127,04c2e91bd7db2a4a9a421eadd9b769036b9dfd94,2026-05-15T09:02:15-05:00,M,run_program_k_shotgun.ps1,
128,c76f07a205c4e25c6221a2bfd24838314f5359b7,2026-05-15T09:04:13-05:00,M,run_program_k_shotgun.ps1,
129,f6b76fa37aa2050f80b63de3d627bd1bbb1fad6b,2026-05-15T09:44:59-05:00,M,run_program_k_shotgun.ps1,
130,44cc940268c314dea0092cff09d6c971bf911a26,2026-05-15T09:47:10-05:00,M,run_program_k_shotgun.ps1,
131,5a4fca1daf1e6698f1c6af402699da4bd3d76b58,2026-05-15T10:21:15-05:00,M,run_program_k_shotgun.ps1,
132,06988373265054f9cde04874f4d943f4f24c4b7f,2026-05-15T10:54:45-05:00,M,run_program_k_shotgun.ps1,
133,df78f3e3dc28b211999a8d76a13b441d4f558e23,2026-05-15T11:49:31-05:00,M,run_program_k_shotgun.ps1,
134,b61a7ec7914978583181bef30ae0a210ec265cf1,2026-05-15T20:02:52-05:00,M,run_program_k_shotgun.ps1,
135,f280d7de18ba3079c8d811298e825685a001f900,2026-05-16T20:20:41-05:00,A,emergent_quantum_geometries/PROGRAM_L_PLAN.md,
135,f280d7de18ba3079c8d811298e825685a001f900,2026-05-16T20:20:41-05:00,M,emergent_quantum_geometries/RESEARCH_LOG.md,
135,f280d7de18ba3079c8d811298e825685a001f900,2026-05-16T20:20:41-05:00,A,emergent_quantum_geometries/analyze_program_l.py,
135,f280d7de18ba3079c8d811298e825685a001f900,2026-05-16T20:20:41-05:00,A,emergent_quantum_geometries/program_l_tpu.py,
135,f280d7de18ba3079c8d811298e825685a001f900,2026-05-16T20:20:41-05:00,A,run_program_l_shotgun.ps1,
136,deb0c1c8156c16c1f9af922b875d2196fc9172dd,2026-05-16T20:32:22-05:00,M,emergent_quantum_geometries/program_l_tpu.py,
137,84ec90aa28e7f36906991a6e73241139a23c71bd,2026-05-16T20:57:45-05:00,M,emergent_quantum_geometries/program_l_tpu.py,
138,df28505451326c7c97b7c1cb8eb31a9f4e638dc2,2026-05-16T21:09:26-05:00,M,emergent_quantum_geometries/program_l_tpu.py,
139,38545fe0681a7539194dfc51fc0f4871dfbde3af,2026-05-16T21:38:54-05:00,M,emergent_quantum_geometries/program_l_tpu.py,
140,fadf507bc890f374eedefc4ce8c113e4ff3d5a7c,2026-05-16T22:10:57-05:00,M,emergent_quantum_geometries/program_l_tpu.py,
141,c7e3aabd13f0bb6860555dc10e532d8b3724bedb,2026-05-17T10:08:18-05:00,A,emergent_quantum_geometries/analyze_w3_fragility.py,
141,c7e3aabd13f0bb6860555dc10e532d8b3724bedb,2026-05-17T10:08:18-05:00,M,emergent_quantum_geometries/program_l_tpu.py,
142,29e737d0c7446d3d92102dbc5a2ca0ff9a050f4e,2026-05-17T20:23:05-05:00,M,emergent_quantum_geometries/program_l_tpu.py,
143,6b469800707b1e7cc42f140a5d62b1301b5ebeda,2026-05-17T20:45:21-05:00,A,emergent_quantum_geometries/analyze_program_n10a.py,
144,a057e20d1409ba9c07db7346e868901593d9b32e,2026-05-17T21:06:17-05:00,M,emergent_quantum_geometries/program_l_tpu.py,
144,a057e20d1409ba9c07db7346e868901593d9b32e,2026-05-17T21:06:17-05:00,A,run_program_l_parallel.ps1,
145,4a420f4724cdc6d06b6aecd8eb509caae3f496f3,2026-05-17T21:51:10-05:00,M,run_program_l_parallel.ps1,
146,4aec159a90e4e2947e9ffa746f61b8a735fd5541,2026-05-17T22:18:28-05:00,A,emergent_quantum_geometries/program_n10a_w3/program_l_N10_n10a_w3.json,
146,4aec159a90e4e2947e9ffa746f61b8a735fd5541,2026-05-17T22:18:28-05:00,A,emergent_quantum_geometries/program_n10a_w3/program_l_N10_results.json,
146,4aec159a90e4e2947e9ffa746f61b8a735fd5541,2026-05-17T22:18:28-05:00,A,emergent_quantum_geometries/program_n10a_w3/program_l_N10_results_analysis.json,
147,5e99aee71aac80610562588adb34aad12b0d39e1,2026-05-17T22:20:09-05:00,M,emergent_quantum_geometries/RESEARCH_LOG.md,
148,d8ec209c8a0c6e98bbd874cc1b118827b65e0afe,2026-05-17T22:27:06-05:00,A,emergent_quantum_geometries/PROGRAM_O_PLAN.md,
148,d8ec209c8a0c6e98bbd874cc1b118827b65e0afe,2026-05-17T22:27:06-05:00,A,emergent_quantum_geometries/program_o_tpu.py,
149,e4ce8d446717d5f6499e1ac90e2662fb0069366c,2026-05-17T22:28:38-05:00,M,run_program_l_parallel.ps1,
150,d41d3805b829aaaa55eac7a1488d6726a4555013,2026-05-17T23:04:33-05:00,M,run_program_l_parallel.ps1,
151,f5fa97648d7e346f41d5dc2ec97f6b04ebdb7eb5,2026-05-17T23:07:50-05:00,M,run_program_l_parallel.ps1,
152,594625ed22736208385aa20911b9a5f216492718,2026-05-17T23:21:46-05:00,M,run_program_l_parallel.ps1,
153,4ae5d0315df5f87cf9e959dc95cb4ff6560d6a64,2026-05-17T23:45:48-05:00,M,run_program_l_parallel.ps1,
154,fa24d25c8969ef870c3d49d649987593849af63a,2026-05-18T00:23:12-05:00,M,run_program_l_parallel.ps1,
155,68cd91596dc9de8226360a0f10796929af0e59d7,2026-05-18T00:52:54-05:00,M,run_program_l_parallel.ps1,
156,b577b25df216cb6d6710a2de91664364afcb6166,2026-05-18T01:05:37-05:00,M,run_program_l_parallel.ps1,
157,a87099e537af0cd46aa84016f24cc6b7d9c4f3ec,2026-05-18T09:52:27-05:00,M,run_program_l_parallel.ps1,
158,98cb469f6a0b9a92d8c8ad8c66ec237fc98d1fa9,2026-05-18T09:57:03-05:00,M,run_program_l_parallel.ps1,
159,d76ff62b1872b5203a386e21550d43332950c6b1,2026-05-18T10:13:40-05:00,M,run_program_l_parallel.ps1,
160,741a2a32a9c27c6f2eb65ef50be342e13b91a3b6,2026-05-18T11:04:50-05:00,A,program_o_N10_results.json,
161,8f119f2f3856f4e3156b6f027ee61d0fc655fe8f,2026-05-18T11:16:29-05:00,A,emergent_quantum_geometries/program_p_tpu.py,
162,6806e055a608ab0f31e2c350efb6e2a9120131f0,2026-05-18T11:34:26-05:00,M,run_program_l_parallel.ps1,
163,24a661deef51dfa9e21e8074ef9b4a672b4b0f2f,2026-05-18T12:41:17-05:00,M,run_program_l_parallel.ps1,
164,7a01701e4392156d0204b67306b3d898fa041001,2026-05-18T12:43:33-05:00,M,emergent_quantum_geometries/program_p_tpu.py,
165,4aec647237e1d72710eb328371c7f1b138567376,2026-05-18T13:35:36-05:00,M,run_program_l_parallel.ps1,
166,5f4dbf1a9aafbda0128a7242a159a071d0a3377b,2026-05-18T14:01:57-05:00,M,run_program_l_parallel.ps1,
167,744474551328a4112d4b0e9e082f871f1d3ef69c,2026-05-18T14:19:13-05:00,M,run_program_l_parallel.ps1,
168,c14592beefc60d712da3aa0c4ccd4fef86a27bc2,2026-05-19T12:30:24-05:00,A,emergent_quantum_geometries/PROGRAM_S1_SUMMARY.md,
168,c14592beefc60d712da3aa0c4ccd4fef86a27bc2,2026-05-19T12:30:24-05:00,A,emergent_quantum_geometries/program_q_results/program_q_N10_results.json,
168,c14592beefc60d712da3aa0c4ccd4fef86a27bc2,2026-05-19T12:30:24-05:00,A,emergent_quantum_geometries/program_q_tpu.py,
168,c14592beefc60d712da3aa0c4ccd4fef86a27bc2,2026-05-19T12:30:24-05:00,A,emergent_quantum_geometries/program_r_results/program_r_N10_results.json,
168,c14592beefc60d712da3aa0c4ccd4fef86a27bc2,2026-05-19T12:30:24-05:00,A,emergent_quantum_geometries/program_r_tpu.py,
168,c14592beefc60d712da3aa0c4ccd4fef86a27bc2,2026-05-19T12:30:24-05:00,A,emergent_quantum_geometries/program_s1_results/program_s1_N10_results.json,
168,c14592beefc60d712da3aa0c4ccd4fef86a27bc2,2026-05-19T12:30:24-05:00,A,emergent_quantum_geometries/program_s1_tpu.py,
168,c14592beefc60d712da3aa0c4ccd4fef86a27bc2,2026-05-19T12:30:24-05:00,A,program_q_results/program_q_N6_results.json,
168,c14592beefc60d712da3aa0c4ccd4fef86a27bc2,2026-05-19T12:30:24-05:00,A,program_r_results/program_r_N6_results.json,
169,f5743284810369dfe575b980756a8b02151c161a,2026-05-19T16:41:18-05:00,A,emergent_quantum_geometries/program_t_tpu.py,
169,f5743284810369dfe575b980756a8b02151c161a,2026-05-19T16:41:18-05:00,A,run_program_t_shotgun.ps1,
170,0c8ecc3e075e21d186b27c97fd6366141cab2e64,2026-05-19T21:02:55-05:00,M,emergent_quantum_geometries/program_l_tpu.py,
170,0c8ecc3e075e21d186b27c97fd6366141cab2e64,2026-05-19T21:02:55-05:00,A,emergent_quantum_geometries/program_t_results/program_t_N12_results.json,
170,0c8ecc3e075e21d186b27c97fd6366141cab2e64,2026-05-19T21:02:55-05:00,M,emergent_quantum_geometries/program_t_tpu.py,
170,0c8ecc3e075e21d186b27c97fd6366141cab2e64,2026-05-19T21:02:55-05:00,M,run_program_l_parallel.ps1,
170,0c8ecc3e075e21d186b27c97fd6366141cab2e64,2026-05-19T21:02:55-05:00,M,run_program_t_shotgun.ps1,
171,9fb89aab28d4766f207b9751641052bd2ec76bce,2026-05-19T21:11:58-05:00,A,emergent_quantum_geometries/program_u_tpu.py,
171,9fb89aab28d4766f207b9751641052bd2ec76bce,2026-05-19T21:11:58-05:00,A,run_program_u_shotgun.ps1,
172,e3334a98a7bf072f5b0ffcb6b599ee17ff19b529,2026-05-19T22:48:43-05:00,M,emergent_quantum_geometries/program_l_tpu.py,
172,e3334a98a7bf072f5b0ffcb6b599ee17ff19b529,2026-05-19T22:48:43-05:00,A,emergent_quantum_geometries/program_u_results/prog_u_run.log,
172,e3334a98a7bf072f5b0ffcb6b599ee17ff19b529,2026-05-19T22:48:43-05:00,A,emergent_quantum_geometries/program_u_results/program_u_N10_results.json,
172,e3334a98a7bf072f5b0ffcb6b599ee17ff19b529,2026-05-19T22:48:43-05:00,M,emergent_quantum_geometries/program_u_tpu.py,
172,e3334a98a7bf072f5b0ffcb6b599ee17ff19b529,2026-05-19T22:48:43-05:00,M,run_program_u_shotgun.ps1,
173,5797fea6952da82c036814675477c8d616a4d41d,2026-05-19T23:04:31-05:00,A,emergent_quantum_geometries/program_v_tpu.py,
173,5797fea6952da82c036814675477c8d616a4d41d,2026-05-19T23:04:31-05:00,A,run_program_v_shotgun.ps1,
174,38e11531d4f0095c126418601a9c4bb67f89efdb,2026-05-19T23:08:20-05:00,M,emergent_quantum_geometries/program_v_tpu.py,
175,2e270d441aec424ab1582166795150d74f147f0a,2026-05-20T00:04:59-05:00,A,emergent_quantum_geometries/program_v_results/program_v_N12_results.json,
175,2e270d441aec424ab1582166795150d74f147f0a,2026-05-20T00:04:59-05:00,M,emergent_quantum_geometries/program_v_tpu.py,
175,2e270d441aec424ab1582166795150d74f147f0a,2026-05-20T00:04:59-05:00,M,run_program_v_shotgun.ps1,
176,154755ace46ff6918f6bded1ed0b4343d6eb943c,2026-05-20T00:18:35-05:00,A,emergent_quantum_geometries/program_v2_tpu.py,
176,154755ace46ff6918f6bded1ed0b4343d6eb943c,2026-05-20T00:18:35-05:00,A,run_program_v2_shotgun.ps1,
177,e21d5e07da9801362ba9653d30e24bbb13c6eb3a,2026-05-20T18:26:51-05:00,A,emergent_quantum_geometries/calibrate_program_x.py,
177,e21d5e07da9801362ba9653d30e24bbb13c6eb3a,2026-05-20T18:26:51-05:00,A,emergent_quantum_geometries/program_x_results/calibration_run.log,
177,e21d5e07da9801362ba9653d30e24bbb13c6eb3a,2026-05-20T18:26:51-05:00,A,emergent_quantum_geometries/program_x_results/program_x_depth2_results.json,
177,e21d5e07da9801362ba9653d30e24bbb13c6eb3a,2026-05-20T18:26:51-05:00,A,emergent_quantum_geometries/program_x_tpu.py,
178,b48122174bdd8443d41310ce168a0b414eb1b919,2026-05-20T21:38:59-05:00,A,emergent_quantum_geometries/program_y_results/program_y_run.log,
178,b48122174bdd8443d41310ce168a0b414eb1b919,2026-05-20T21:38:59-05:00,A,emergent_quantum_geometries/program_y_results/program_y_summary.json,
178,b48122174bdd8443d41310ce168a0b414eb1b919,2026-05-20T21:38:59-05:00,A,emergent_quantum_geometries/program_y_tpu.py,
179,2bdc8d4fd7a71a98296e9c3630ae0d94700d7f8f,2026-05-21T06:53:10-05:00,A,emergent_quantum_geometries/program_z_results/program_z_run.log,
179,2bdc8d4fd7a71a98296e9c3630ae0d94700d7f8f,2026-05-21T06:53:10-05:00,A,emergent_quantum_geometries/program_z_results/program_z_summary.json,
179,2bdc8d4fd7a71a98296e9c3630ae0d94700d7f8f,2026-05-21T06:53:10-05:00,A,emergent_quantum_geometries/program_z_tpu.py,
180,831e9d5814f0d8a4a2d18fd3d2d381dca8b3218e,2026-05-21T07:45:45-05:00,A,emergent_quantum_geometries/program_aa_results/program_aa_run.log,
180,831e9d5814f0d8a4a2d18fd3d2d381dca8b3218e,2026-05-21T07:45:45-05:00,A,emergent_quantum_geometries/program_aa_results/program_aa_summary.json,
180,831e9d5814f0d8a4a2d18fd3d2d381dca8b3218e,2026-05-21T07:45:45-05:00,A,emergent_quantum_geometries/program_aa_tpu.py,
181,47741566429762cdcb1cea4705f4e74233a12f49,2026-05-21T08:56:46-05:00,A,emergent_quantum_geometries/program_ab_tpu.py,
182,6fad43ce289695312750b99db61430e1357db4f9,2026-05-21T10:12:26-05:00,A,emergent_quantum_geometries/program_ad_tpu.py,
183,644654bdb91e35e6352a44cd67fa32baa66db0d5,2026-05-21T12:04:30-05:00,A,emergent_quantum_geometries/program_ae_results/program_ae_summary.json,
183,644654bdb91e35e6352a44cd67fa32baa66db0d5,2026-05-21T12:04:30-05:00,A,emergent_quantum_geometries/program_ae_tpu.py,
184,33b87532322a8f2e1992b8bdaeb249257e5d5462,2026-05-21T16:06:55-05:00,A,emergent_quantum_geometries/program_af_results/program_af_summary.json,
184,33b87532322a8f2e1992b8bdaeb249257e5d5462,2026-05-21T16:06:55-05:00,A,emergent_quantum_geometries/program_af_tpu.py,
185,aff39a4277be9007dcd44750a10c406e31956b5b,2026-05-21T18:52:11-05:00,M,emergent_quantum_geometries/program_aa_tpu.py,
185,aff39a4277be9007dcd44750a10c406e31956b5b,2026-05-21T18:52:11-05:00,M,emergent_quantum_geometries/program_ab_tpu.py,
185,aff39a4277be9007dcd44750a10c406e31956b5b,2026-05-21T18:52:11-05:00,A,emergent_quantum_geometries/program_ag_tpu.py,
185,aff39a4277be9007dcd44750a10c406e31956b5b,2026-05-21T18:52:11-05:00,M,emergent_quantum_geometries/program_v2_tpu.py,
185,aff39a4277be9007dcd44750a10c406e31956b5b,2026-05-21T18:52:11-05:00,M,run_program_v2_shotgun.ps1,
186,4e9bb6306f369a53d60789e61b5b2a448342f097,2026-05-22T15:13:20-05:00,A,emergent_quantum_geometries/program_ag_results/program_ag_summary.json,
186,4e9bb6306f369a53d60789e61b5b2a448342f097,2026-05-22T15:13:20-05:00,M,emergent_quantum_geometries/program_ag_tpu.py,
186,4e9bb6306f369a53d60789e61b5b2a448342f097,2026-05-22T15:13:20-05:00,A,run_program_ag_shotgun.ps1,
187,67e273024b3530014619be6d6e2a9beb353ab05c,2026-05-22T15:14:39-05:00,A,emergent_quantum_geometries/program_ag_results/analysis_results.md,
188,691b2ed1cf85cbcf87447c8538d9866aef640d2d,2026-05-22T16:45:34-05:00,A,emergent_quantum_geometries/program_ah_tpu.py,
188,691b2ed1cf85cbcf87447c8538d9866aef640d2d,2026-05-22T16:45:34-05:00,A,emergent_quantum_geometries/scripts/run_program_ah_shotgun.ps1,
189,bcd6ad84df95c697ecb110e18bb7160f68d4332e,2026-05-23T09:35:37-05:00,M,emergent_quantum_geometries/RESEARCH_LOG.md,
189,bcd6ad84df95c697ecb110e18bb7160f68d4332e,2026-05-23T09:35:37-05:00,A,emergent_quantum_geometries/program_ah_results/program_ah_summary.json,
189,bcd6ad84df95c697ecb110e18bb7160f68d4332e,2026-05-23T09:35:37-05:00,M,emergent_quantum_geometries/program_ah_tpu.py,
189,bcd6ad84df95c697ecb110e18bb7160f68d4332e,2026-05-23T09:35:37-05:00,M,emergent_quantum_geometries/scripts/run_program_ah_shotgun.ps1,
190,3faa8e065273c2383c63994d20d55cf09ea15def,2026-05-23T18:10:03-05:00,A,emergent_quantum_geometries/--zone=europe-west4-a,
190,3faa8e065273c2383c63994d20d55cf09ea15def,2026-05-23T18:10:03-05:00,A,emergent_quantum_geometries/.jila_tpu_queue.json,
190,3faa8e065273c2383c63994d20d55cf09ea15def,2026-05-23T18:10:03-05:00,A,emergent_quantum_geometries/PROGRAM_L_TRC_ATTEMPT_README.md,
190,3faa8e065273c2383c63994d20d55cf09ea15def,2026-05-23T18:10:03-05:00,A,emergent_quantum_geometries/PROGRAM_M2_PLAN.md,
190,3faa8e065273c2383c63994d20d55cf09ea15def,2026-05-23T18:10:03-05:00,A,emergent_quantum_geometries/PROGRAM_M_PLAN.md,
190,3faa8e065273c2383c63994d20d55cf09ea15def,2026-05-23T18:10:03-05:00,A,emergent_quantum_geometries/PROGRAM_N1_PLAN.md,
190,3faa8e065273c2383c63994d20d55cf09ea15def,2026-05-23T18:10:03-05:00,A,emergent_quantum_geometries/PROGRAM_N_PLAN.md,
190,3faa8e065273c2383c63994d20d55cf09ea15def,2026-05-23T18:10:03-05:00,A,emergent_quantum_geometries/Program_P2_Instructions.md,
190,3faa8e065273c2383c63994d20d55cf09ea15def,2026-05-23T18:10:03-05:00,M,emergent_quantum_geometries/RESEARCH_LOG.md,
190,3faa8e065273c2383c63994d20d55cf09ea15def,2026-05-23T18:10:03-05:00,A,emergent_quantum_geometries/_check_usage.py,
190,3faa8e065273c2383c63994d20d55cf09ea15def,2026-05-23T18:10:03-05:00,A,emergent_quantum_geometries/_diag_angle.py,
190,3faa8e065273c2383c63994d20d55cf09ea15def,2026-05-23T18:10:03-05:00,A,emergent_quantum_geometries/_l_01_header.py,
190,3faa8e065273c2383c63994d20d55cf09ea15def,2026-05-23T18:10:03-05:00,A,emergent_quantum_geometries/_l_02_operators.py,
190,3faa8e065273c2383c63994d20d55cf09ea15def,2026-05-23T18:10:03-05:00,A,emergent_quantum_geometries/_l_03_hamiltonians.py,
190,3faa8e065273c2383c63994d20d55cf09ea15def,2026-05-23T18:10:03-05:00,A,emergent_quantum_geometries/_l_04_observables.py,
190,3faa8e065273c2383c63994d20d55cf09ea15def,2026-05-23T18:10:03-05:00,A,emergent_quantum_geometries/_l_05_strata.py,
190,3faa8e065273c2383c63994d20d55cf09ea15def,2026-05-23T18:10:03-05:00,A,emergent_quantum_geometries/_l_06_controllers.py,
190,3faa8e065273c2383c63994d20d55cf09ea15def,2026-05-23T18:10:03-05:00,A,emergent_quantum_geometries/_l_07_runner.py,
190,3faa8e065273c2383c63994d20d55cf09ea15def,2026-05-23T18:10:03-05:00,A,emergent_quantum_geometries/_patch_g.py,
190,3faa8e065273c2383c63994d20d55cf09ea15def,2026-05-23T18:10:03-05:00,A,emergent_quantum_geometries/_patch_g2.py,
190,3faa8e065273c2383c63994d20d55cf09ea15def,2026-05-23T18:10:03-05:00,A,emergent_quantum_geometries/active_teleport_tpu.json,
190,3faa8e065273c2383c63994d20d55cf09ea15def,2026-05-23T18:10:03-05:00,A,emergent_quantum_geometries/analyze_program_v2_data.py,
190,3faa8e065273c2383c63994d20d55cf09ea15def,2026-05-23T18:10:03-05:00,A,emergent_quantum_geometries/approach_c_purity_scaling.py,
190,3faa8e065273c2383c63994d20d55cf09ea15def,2026-05-23T18:10:03-05:00,A,emergent_quantum_geometries/blind_test/results.json,
190,3faa8e065273c2383c63994d20d55cf09ea15def,2026-05-23T18:10:03-05:00,A,emergent_quantum_geometries/code.tar.gz,
190,3faa8e065273c2383c63994d20d55cf09ea15def,2026-05-23T18:10:03-05:00,A,emergent_quantum_geometries/generate_orchestrators.py,
190,3faa8e065273c2383c63994d20d55cf09ea15def,2026-05-23T18:10:03-05:00,A,emergent_quantum_geometries/geometry_test/diffusion_embedding.npy,
190,3faa8e065273c2383c63994d20d55cf09ea15def,2026-05-23T18:10:03-05:00,A,emergent_quantum_geometries/geometry_test/geometry_report.json,
190,3faa8e065273c2383c63994d20d55cf09ea15def,2026-05-23T18:10:03-05:00,A,emergent_quantum_geometries/geometry_test/spectral_entropy.npy,
190,3faa8e065273c2383c63994d20d55cf09ea15def,2026-05-23T18:10:03-05:00,A,emergent_quantum_geometries/geometry_test/strata.npy,
190,3faa8e065273c2383c63994d20d55cf09ea15def,2026-05-23T18:10:03-05:00,A,emergent_quantum_geometries/ibm_emulator_results.json,
190,3faa8e065273c2383c63994d20d55cf09ea15def,2026-05-23T18:10:03-05:00,A,emergent_quantum_geometries/patch.py,
190,3faa8e065273c2383c63994d20d55cf09ea15def,2026-05-23T18:10:03-05:00,A,emergent_quantum_geometries/program_ab_results/program_ab_summary.json,
190,3faa8e065273c2383c63994d20d55cf09ea15def,2026-05-23T18:10:03-05:00,A,emergent_quantum_geometries/program_ai_predictive_hydrodynamics.py,
190,3faa8e065273c2383c63994d20d55cf09ea15def,2026-05-23T18:10:03-05:00,A,emergent_quantum_geometries/program_aj_predictive_horizon.py,
190,3faa8e065273c2383c63994d20d55cf09ea15def,2026-05-23T18:10:03-05:00,A,emergent_quantum_geometries/program_aj_results/program_aj_summary.json,
190,3faa8e065273c2383c63994d20d55cf09ea15def,2026-05-23T18:10:03-05:00,A,emergent_quantum_geometries/program_f_medium/results_f.json,
190,3faa8e065273c2383c63994d20d55cf09ea15def,2026-05-23T18:10:03-05:00,A,emergent_quantum_geometries/program_f_test/results_f.json,
190,3faa8e065273c2383c63994d20d55cf09ea15def,2026-05-23T18:10:03-05:00,A,emergent_quantum_geometries/program_g2_results.json,
190,3faa8e065273c2383c63994d20d55cf09ea15def,2026-05-23T18:10:03-05:00,A,emergent_quantum_geometries/program_h2_results.json,
190,3faa8e065273c2383c63994d20d55cf09ea15def,2026-05-23T18:10:03-05:00,A,emergent_quantum_geometries/program_h3_results.json,
190,3faa8e065273c2383c63994d20d55cf09ea15def,2026-05-23T18:10:03-05:00,A,emergent_quantum_geometries/program_h3_results_sweeps.json,
190,3faa8e065273c2383c63994d20d55cf09ea15def,2026-05-23T18:10:03-05:00,A,emergent_quantum_geometries/program_h_tpu_results.json,
190,3faa8e065273c2383c63994d20d55cf09ea15def,2026-05-23T18:10:03-05:00,A,emergent_quantum_geometries/program_i0_results.json,
190,3faa8e065273c2383c63994d20d55cf09ea15def,2026-05-23T18:10:03-05:00,A,emergent_quantum_geometries/program_i0_results.zip,
190,3faa8e065273c2383c63994d20d55cf09ea15def,2026-05-23T18:10:03-05:00,A,emergent_quantum_geometries/program_iplus_results.json,
190,3faa8e065273c2383c63994d20d55cf09ea15def,2026-05-23T18:10:03-05:00,A,emergent_quantum_geometries/program_iplus_results.zip,
190,3faa8e065273c2383c63994d20d55cf09ea15def,2026-05-23T18:10:03-05:00,A,emergent_quantum_geometries/program_j_results.json,
190,3faa8e065273c2383c63994d20d55cf09ea15def,2026-05-23T18:10:03-05:00,A,emergent_quantum_geometries/program_j_results.zip,
190,3faa8e065273c2383c63994d20d55cf09ea15def,2026-05-23T18:10:03-05:00,A,emergent_quantum_geometries/program_k_results.json,
190,3faa8e065273c2383c63994d20d55cf09ea15def,2026-05-23T18:10:03-05:00,A,emergent_quantum_geometries/program_k_results.zip,
190,3faa8e065273c2383c63994d20d55cf09ea15def,2026-05-23T18:10:03-05:00,A,emergent_quantum_geometries/program_l_b10_diagnostic/program_l_N10_results.json,
190,3faa8e065273c2383c63994d20d55cf09ea15def,2026-05-23T18:10:03-05:00,A,emergent_quantum_geometries/program_l_b10_diagnostic/program_l_N10_results_analysis.json,
190,3faa8e065273c2383c63994d20d55cf09ea15def,2026-05-23T18:10:03-05:00,A,emergent_quantum_geometries/program_l_full_run/program_l_N10_results.json,
190,3faa8e065273c2383c63994d20d55cf09ea15def,2026-05-23T18:10:03-05:00,A,emergent_quantum_geometries/program_l_full_run/program_l_N10_results_analysis.json,
190,3faa8e065273c2383c63994d20d55cf09ea15def,2026-05-23T18:10:03-05:00,A,emergent_quantum_geometries/program_l_results/program_l_N6_results.json,
190,3faa8e065273c2383c63994d20d55cf09ea15def,2026-05-23T18:10:03-05:00,A,emergent_quantum_geometries/program_l_results/program_l_N6_results_analysis.json,
190,3faa8e065273c2383c63994d20d55cf09ea15def,2026-05-23T18:10:03-05:00,A,emergent_quantum_geometries/program_l_smoke_final/program_l_N6_results.json,
190,3faa8e065273c2383c63994d20d55cf09ea15def,2026-05-23T18:10:03-05:00,A,emergent_quantum_geometries/program_l_smoke_final/program_l_N6_results_analysis.json,
190,3faa8e065273c2383c63994d20d55cf09ea15def,2026-05-23T18:10:03-05:00,A,emergent_quantum_geometries/program_m2_4ctrl/program_l_N10_results.json,
190,3faa8e065273c2383c63994d20d55cf09ea15def,2026-05-23T18:10:03-05:00,A,emergent_quantum_geometries/program_m2_4ctrl/program_l_N10_results_analysis.json,
190,3faa8e065273c2383c63994d20d55cf09ea15def,2026-05-23T18:10:03-05:00,A,emergent_quantum_geometries/program_n1_gradient/program_l_N10_results.json,
190,3faa8e065273c2383c63994d20d55cf09ea15def,2026-05-23T18:10:03-05:00,A,emergent_quantum_geometries/program_n1_gradient/program_l_N10_results_analysis.json,
190,3faa8e065273c2383c63994d20d55cf09ea15def,2026-05-23T18:10:03-05:00,A,emergent_quantum_geometries/program_n2_jac/program_l_N10_results.json,
190,3faa8e065273c2383c63994d20d55cf09ea15def,2026-05-23T18:10:03-05:00,A,emergent_quantum_geometries/program_n2_jac/program_l_N10_results_analysis.json,
190,3faa8e065273c2383c63994d20d55cf09ea15def,2026-05-23T18:10:03-05:00,A,emergent_quantum_geometries/program_n3_regime/program_l_N10_results.json,
190,3faa8e065273c2383c63994d20d55cf09ea15def,2026-05-23T18:10:03-05:00,A,emergent_quantum_geometries/program_n3_regime/program_l_N10_results_analysis.json,
190,3faa8e065273c2383c63994d20d55cf09ea15def,2026-05-23T18:10:03-05:00,A,emergent_quantum_geometries/program_n4_regime/program_l_N10_results.json,
190,3faa8e065273c2383c63994d20d55cf09ea15def,2026-05-23T18:10:03-05:00,A,emergent_quantum_geometries/program_n4_regime/program_l_N10_results_analysis.json,
190,3faa8e065273c2383c63994d20d55cf09ea15def,2026-05-23T18:10:03-05:00,A,emergent_quantum_geometries/program_n5_regime/program_l_N10_results.json,
190,3faa8e065273c2383c63994d20d55cf09ea15def,2026-05-23T18:10:03-05:00,A,emergent_quantum_geometries/program_n5_regime/program_l_N10_results_analysis.json,
190,3faa8e065273c2383c63994d20d55cf09ea15def,2026-05-23T18:10:03-05:00,A,emergent_quantum_geometries/program_n6_ctrl/program_l_N10_results.json,
190,3faa8e065273c2383c63994d20d55cf09ea15def,2026-05-23T18:10:03-05:00,A,emergent_quantum_geometries/program_n6_ctrl/program_l_N10_results_analysis.json,
190,3faa8e065273c2383c63994d20d55cf09ea15def,2026-05-23T18:10:03-05:00,A,emergent_quantum_geometries/program_n7_ctrl/program_l_N10_results.json,
190,3faa8e065273c2383c63994d20d55cf09ea15def,2026-05-23T18:10:03-05:00,A,emergent_quantum_geometries/program_n7_ctrl/program_l_N10_results_analysis.json,
190,3faa8e065273c2383c63994d20d55cf09ea15def,2026-05-23T18:10:03-05:00,A,emergent_quantum_geometries/program_n7_ctrl/program_l_N10_w3_fragility.json,
190,3faa8e065273c2383c63994d20d55cf09ea15def,2026-05-23T18:10:03-05:00,A,emergent_quantum_geometries/program_n8_ctrl/program_l_N10_results.json,
190,3faa8e065273c2383c63994d20d55cf09ea15def,2026-05-23T18:10:03-05:00,A,emergent_quantum_geometries/program_n8_ctrl/program_l_N10_results_analysis.json,
190,3faa8e065273c2383c63994d20d55cf09ea15def,2026-05-23T18:10:03-05:00,A,emergent_quantum_geometries/program_n9_ctrl/program_l_N10_results.json,
190,3faa8e065273c2383c63994d20d55cf09ea15def,2026-05-23T18:10:03-05:00,A,emergent_quantum_geometries/program_n9_ctrl/program_l_N10_results_analysis.json,
190,3faa8e065273c2383c63994d20d55cf09ea15def,2026-05-23T18:10:03-05:00,A,emergent_quantum_geometries/program_n_phase0/program_l_N10_results.json,
190,3faa8e065273c2383c63994d20d55cf09ea15def,2026-05-23T18:10:03-05:00,A,emergent_quantum_geometries/program_n_phase0/program_l_N10_results_analysis.json,
190,3faa8e065273c2383c63994d20d55cf09ea15def,2026-05-23T18:10:03-05:00,A,emergent_quantum_geometries/program_o_results/program_o_N6_results.json,
190,3faa8e065273c2383c63994d20d55cf09ea15def,2026-05-23T18:10:03-05:00,A,emergent_quantum_geometries/program_p2_local_smoke/program_p2_N6_results.json,
190,3faa8e065273c2383c63994d20d55cf09ea15def,2026-05-23T18:10:03-05:00,A,emergent_quantum_geometries/program_p2_results/program_p2_N10_results.json,
190,3faa8e065273c2383c63994d20d55cf09ea15def,2026-05-23T18:10:03-05:00,A,emergent_quantum_geometries/program_p2_tpu.py,
190,3faa8e065273c2383c63994d20d55cf09ea15def,2026-05-23T18:10:03-05:00,A,emergent_quantum_geometries/program_p_results/program_l_N10_results.json,
190,3faa8e065273c2383c63994d20d55cf09ea15def,2026-05-23T18:10:03-05:00,A,emergent_quantum_geometries/program_p_results/program_l_N10_results_analysis.json,
190,3faa8e065273c2383c63994d20d55cf09ea15def,2026-05-23T18:10:03-05:00,A,emergent_quantum_geometries/program_p_results/program_p_N10_results.json,
190,3faa8e065273c2383c63994d20d55cf09ea15def,2026-05-23T18:10:03-05:00,A,emergent_quantum_geometries/program_p_results/program_p_N10_results_analysis.json,
190,3faa8e065273c2383c63994d20d55cf09ea15def,2026-05-23T18:10:03-05:00,A,emergent_quantum_geometries/program_p_tpu_v2.py,
190,3faa8e065273c2383c63994d20d55cf09ea15def,2026-05-23T18:10:03-05:00,A,emergent_quantum_geometries/program_v2_results/program_v2_N12_results.json,
190,3faa8e065273c2383c63994d20d55cf09ea15def,2026-05-23T18:10:03-05:00,A,emergent_quantum_geometries/program_w_causal.py,
190,3faa8e065273c2383c63994d20d55cf09ea15def,2026-05-23T18:10:03-05:00,A,emergent_quantum_geometries/program_w_geometry.py,
190,3faa8e065273c2383c63994d20d55cf09ea15def,2026-05-23T18:10:03-05:00,A,emergent_quantum_geometries/program_w_results/program_w_N12_results.json,
190,3faa8e065273c2383c63994d20d55cf09ea15def,2026-05-23T18:10:03-05:00,A,emergent_quantum_geometries/program_w_results/program_w_causal_validation.json,
190,3faa8e065273c2383c63994d20d55cf09ea15def,2026-05-23T18:10:03-05:00,A,emergent_quantum_geometries/program_w_results/program_w_geometry_results.json,
190,3faa8e065273c2383c63994d20d55cf09ea15def,2026-05-23T18:10:03-05:00,A,emergent_quantum_geometries/program_w_tpu.py,
190,3faa8e065273c2383c63994d20d55cf09ea15def,2026-05-23T18:10:03-05:00,A,emergent_quantum_geometries/ptm_corpus_test_meta.json,
190,3faa8e065273c2383c63994d20d55cf09ea15def,2026-05-23T18:10:03-05:00,A,emergent_quantum_geometries/results_aj.tar.gz,
190,3faa8e065273c2383c63994d20d55cf09ea15def,2026-05-23T18:10:03-05:00,A,emergent_quantum_geometries/run_eu_v5.ps1,
190,3faa8e065273c2383c63994d20d55cf09ea15def,2026-05-23T18:10:03-05:00,A,emergent_quantum_geometries/run_eu_v6.ps1,
190,3faa8e065273c2383c63994d20d55cf09ea15def,2026-05-23T18:10:03-05:00,A,emergent_quantum_geometries/run_program_ai_shotgun.ps1,
190,3faa8e065273c2383c63994d20d55cf09ea15def,2026-05-23T18:10:03-05:00,A,emergent_quantum_geometries/run_program_aj_shotgun.ps1,
190,3faa8e065273c2383c63994d20d55cf09ea15def,2026-05-23T18:10:03-05:00,A,emergent_quantum_geometries/run_program_w_shotgun.ps1,
190,3faa8e065273c2383c63994d20d55cf09ea15def,2026-05-23T18:10:03-05:00,A,emergent_quantum_geometries/run_us_v5.ps1,
190,3faa8e065273c2383c63994d20d55cf09ea15def,2026-05-23T18:10:03-05:00,A,emergent_quantum_geometries/run_us_v6.ps1,
190,3faa8e065273c2383c63994d20d55cf09ea15def,2026-05-23T18:10:03-05:00,A,emergent_quantum_geometries/run_v4_ondemand.ps1,
190,3faa8e065273c2383c63994d20d55cf09ea15def,2026-05-23T18:10:03-05:00,A,emergent_quantum_geometries/sample_data/_jila_tpu_input.json,
190,3faa8e065273c2383c63994d20d55cf09ea15def,2026-05-23T18:10:03-05:00,A,emergent_quantum_geometries/sample_data/ptm_results.json,
190,3faa8e065273c2383c63994d20d55cf09ea15def,2026-05-23T18:10:03-05:00,A,emergent_quantum_geometries/scripts/capture_gui_screenshots.py,
190,3faa8e065273c2383c63994d20d55cf09ea15def,2026-05-23T18:10:03-05:00,A,emergent_quantum_geometries/smoke_ctrl.py,
190,3faa8e065273c2383c63994d20d55cf09ea15def,2026-05-23T18:10:03-05:00,A,emergent_quantum_geometries/sweep_N4.json,
190,3faa8e065273c2383c63994d20d55cf09ea15def,2026-05-23T18:10:03-05:00,A,emergent_quantum_geometries/sweep_N8.json,
190,3faa8e065273c2383c63994d20d55cf09ea15def,2026-05-23T18:10:03-05:00,A,emergent_quantum_geometries/test_tar.tar.gz,
190,3faa8e065273c2383c63994d20d55cf09ea15def,2026-05-23T18:10:03-05:00,A,emergent_quantum_geometries/tests/fixtures/ptm_results.json,
191,b96555ed1272c9e78be9e53b81c49a6ff62f85c9,2026-05-24T14:59:31-05:00,A,emergent_quantum_geometries/program_al_semantic_modes.py,
191,b96555ed1272c9e78be9e53b81c49a6ff62f85c9,2026-05-24T14:59:31-05:00,A,run_program_al_shotgun.ps1,
192,0663c20318dedaaccce97cfc883f2c0d3a7e2d88,2026-05-26T12:15:07-05:00,A,emergent_quantum_geometries/docs/PROGRAM_AO_FOCUSED_REMOTE_ANALYSIS_2026-05-26.md,
192,0663c20318dedaaccce97cfc883f2c0d3a7e2d88,2026-05-26T12:15:07-05:00,A,emergent_quantum_geometries/program_ao_folded_field_recovery.py,
193,5b1f8fb88a2530df2f70ccf31d685d2f16b7e02d,2026-05-27T21:16:53-05:00,A,emergent_quantum_geometries/docs/PROGRAM_AP_PARTIAL_LIVE_READ_2026-05-27.md,
193,5b1f8fb88a2530df2f70ccf31d685d2f16b7e02d,2026-05-27T21:16:53-05:00,A,emergent_quantum_geometries/docs/PROGRAM_AP_T_REMOTE_ANALYSIS_2026-05-27.md,
193,5b1f8fb88a2530df2f70ccf31d685d2f16b7e02d,2026-05-27T21:16:53-05:00,A,emergent_quantum_geometries/program_ap_tunnel_eigen_recovery.py,
193,5b1f8fb88a2530df2f70ccf31d685d2f16b7e02d,2026-05-27T21:16:53-05:00,A,implementation_plan.md,
193,5b1f8fb88a2530df2f70ccf31d685d2f16b7e02d,2026-05-27T21:16:53-05:00,A,run_program_ap_ready_node.ps1,
194,a580b962ccb90ad7dfaa493b5a1fe97fb696274b,2026-05-31T10:33:11-05:00,A,emergent_quantum_geometries/docs/PROGRAM_AQ_IMG0_REMOTE_ANALYSIS_2026-05-30.md,
194,a580b962ccb90ad7dfaa493b5a1fe97fb696274b,2026-05-31T10:33:11-05:00,A,emergent_quantum_geometries/docs/PROGRAM_AQ_IMG1_LITE_REMOTE_ANALYSIS_2026-05-31.md,
194,a580b962ccb90ad7dfaa493b5a1fe97fb696274b,2026-05-31T10:33:11-05:00,A,emergent_quantum_geometries/docs/PROGRAM_AQ_PLAN.md,
194,a580b962ccb90ad7dfaa493b5a1fe97fb696274b,2026-05-31T10:33:11-05:00,M,emergent_quantum_geometries/program_ap_tunnel_eigen_recovery.py,
194,a580b962ccb90ad7dfaa493b5a1fe97fb696274b,2026-05-31T10:33:11-05:00,M,run_program_ap_ready_node.ps1,
195,b91596dc79bf99bfa5ac81d19d187e97d45a84a3,2026-05-31T10:52:02-05:00,M,.gitignore,
195,b91596dc79bf99bfa5ac81d19d187e97d45a84a3,2026-05-31T10:52:02-05:00,A,TRC_TPU_RULES.md,
195,b91596dc79bf99bfa5ac81d19d187e97d45a84a3,2026-05-31T10:52:02-05:00,A,aq0b_smoke_results/program_ap_summary.json,
195,b91596dc79bf99bfa5ac81d19d187e97d45a84a3,2026-05-31T10:52:02-05:00,A,aq1c_smoke_results/program_ap_summary.json,
195,b91596dc79bf99bfa5ac81d19d187e97d45a84a3,2026-05-31T10:52:02-05:00,A,emergent_quantum_geometries/aq1c_offline_diagnostics.py,
195,b91596dc79bf99bfa5ac81d19d187e97d45a84a3,2026-05-31T10:52:02-05:00,A,emergent_quantum_geometries/docs/PROGRAM_AN_REMOTE_ANALYSIS_2026-05-26.md,
195,b91596dc79bf99bfa5ac81d19d187e97d45a84a3,2026-05-31T10:52:02-05:00,M,emergent_quantum_geometries/docs/PROGRAM_AO_FOCUSED_REMOTE_ANALYSIS_2026-05-26.md,
195,b91596dc79bf99bfa5ac81d19d187e97d45a84a3,2026-05-31T10:52:02-05:00,A,emergent_quantum_geometries/docs/PROGRAM_AO_PLAN.md,
195,b91596dc79bf99bfa5ac81d19d187e97d45a84a3,2026-05-31T10:52:02-05:00,A,emergent_quantum_geometries/docs/PROGRAM_AO_REMOTE_PRELIMINARY_2026-05-26.md,
195,b91596dc79bf99bfa5ac81d19d187e97d45a84a3,2026-05-31T10:52:02-05:00,A,emergent_quantum_geometries/docs/PROGRAM_AP_PLAN.md,
195,b91596dc79bf99bfa5ac81d19d187e97d45a84a3,2026-05-31T10:52:02-05:00,A,emergent_quantum_geometries/docs/PROGRAM_AP_U_PLAN.md,
195,b91596dc79bf99bfa5ac81d19d187e97d45a84a3,2026-05-31T10:52:02-05:00,A,emergent_quantum_geometries/docs/PROGRAM_AP_U_REMOTE_ANALYSIS_2026-05-29.md,
195,b91596dc79bf99bfa5ac81d19d187e97d45a84a3,2026-05-31T10:52:02-05:00,A,emergent_quantum_geometries/docs/PROGRAM_AQ0B_REMOTE_ANALYSIS_2026-05-29.md,
195,b91596dc79bf99bfa5ac81d19d187e97d45a84a3,2026-05-31T10:52:02-05:00,A,emergent_quantum_geometries/docs/PROGRAM_AQ0_REMOTE_ANALYSIS_2026-05-29.md,
195,b91596dc79bf99bfa5ac81d19d187e97d45a84a3,2026-05-31T10:52:02-05:00,A,emergent_quantum_geometries/docs/PROGRAM_AQ1A_TF_GATE_REMOTE_ANALYSIS_2026-05-29.md,
195,b91596dc79bf99bfa5ac81d19d187e97d45a84a3,2026-05-31T10:52:02-05:00,A,emergent_quantum_geometries/docs/PROGRAM_AQ1A_TF_S29_REMOTE_ANALYSIS_2026-05-29.md,
195,b91596dc79bf99bfa5ac81d19d187e97d45a84a3,2026-05-31T10:52:02-05:00,A,emergent_quantum_geometries/docs/PROGRAM_AQ1C_RECALIBRATION_SUMMARY_2026-05-30.md,
195,b91596dc79bf99bfa5ac81d19d187e97d45a84a3,2026-05-31T10:52:02-05:00,A,emergent_quantum_geometries/docs/PROGRAM_AQ1C_REMOTE_ANALYSIS_2026-05-29.md,
195,b91596dc79bf99bfa5ac81d19d187e97d45a84a3,2026-05-31T10:52:02-05:00,A,emergent_quantum_geometries/docs/PROGRAM_AQ1C_SOURCE_RECOVERY_AND_SEQUENCE_METHODOLOGY_2026-05-30.md,
195,b91596dc79bf99bfa5ac81d19d187e97d45a84a3,2026-05-31T10:52:02-05:00,A,emergent_quantum_geometries/docs/TPU_BIBLE.md,
195,b91596dc79bf99bfa5ac81d19d187e97d45a84a3,2026-05-31T10:52:02-05:00,M,emergent_quantum_geometries/program_ag_results/program_ag_summary.json,
195,b91596dc79bf99bfa5ac81d19d187e97d45a84a3,2026-05-31T10:52:02-05:00,M,emergent_quantum_geometries/program_aj_results/program_aj_summary.json,
195,b91596dc79bf99bfa5ac81d19d187e97d45a84a3,2026-05-31T10:52:02-05:00,A,emergent_quantum_geometries/program_aj_results/program_aj_summary_eu.json,
195,b91596dc79bf99bfa5ac81d19d187e97d45a84a3,2026-05-31T10:52:02-05:00,A,emergent_quantum_geometries/program_aj_results/program_aj_summary_us.json,
195,b91596dc79bf99bfa5ac81d19d187e97d45a84a3,2026-05-31T10:52:02-05:00,M,emergent_quantum_geometries/program_ao_folded_field_recovery.py,
195,b91596dc79bf99bfa5ac81d19d187e97d45a84a3,2026-05-31T10:52:02-05:00,M,emergent_quantum_geometries/program_v_tpu.py,
195,b91596dc79bf99bfa5ac81d19d187e97d45a84a3,2026-05-31T10:52:02-05:00,D,emergent_quantum_geometries/results_aj.tar.gz,
195,b91596dc79bf99bfa5ac81d19d187e97d45a84a3,2026-05-31T10:52:02-05:00,A,emergent_quantum_geometries/run_program_ak_shotgun.ps1,
195,b91596dc79bf99bfa5ac81d19d187e97d45a84a3,2026-05-31T10:52:02-05:00,A,emergent_quantum_geometries/run_program_al_shotgun.ps1,
195,b91596dc79bf99bfa5ac81d19d187e97d45a84a3,2026-05-31T10:52:02-05:00,M,implementation_plan.md,
195,b91596dc79bf99bfa5ac81d19d187e97d45a84a3,2026-05-31T10:52:02-05:00,A,run_program_am_shotgun.ps1,
195,b91596dc79bf99bfa5ac81d19d187e97d45a84a3,2026-05-31T10:52:02-05:00,A,run_program_an_ready_node.ps1,
195,b91596dc79bf99bfa5ac81d19d187e97d45a84a3,2026-05-31T10:52:02-05:00,A,run_program_ao_ready_node.ps1,
195,b91596dc79bf99bfa5ac81d19d187e97d45a84a3,2026-05-31T10:52:02-05:00,A,watch_program_am_status.ps1,
196,c016eb0a0bcd14eb0d12cf43a5d0ce64be93ab10,2026-06-03T23:21:25-05:00,A,emergent_quantum_geometries/docs/PROGRAM_AQ_DNA0_REMOTE_ANALYSIS_2026-06-01.md,
196,c016eb0a0bcd14eb0d12cf43a5d0ce64be93ab10,2026-06-03T23:21:25-05:00,A,emergent_quantum_geometries/docs/PROGRAM_AQ_DNA0_RUN_SPEC_2026-06-01.md,
196,c016eb0a0bcd14eb0d12cf43a5d0ce64be93ab10,2026-06-03T23:21:25-05:00,A,emergent_quantum_geometries/docs/PROGRAM_AQ_FFT1_REMOTE_ANALYSIS_2026-06-01.md,
196,c016eb0a0bcd14eb0d12cf43a5d0ce64be93ab10,2026-06-03T23:21:25-05:00,A,emergent_quantum_geometries/docs/PROGRAM_AQ_FFT2_REMOTE_ANALYSIS_2026-06-01.md,
196,c016eb0a0bcd14eb0d12cf43a5d0ce64be93ab10,2026-06-03T23:21:25-05:00,A,emergent_quantum_geometries/docs/PROGRAM_AQ_FFT3_REMOTE_ANALYSIS_2026-06-02.md,
196,c016eb0a0bcd14eb0d12cf43a5d0ce64be93ab10,2026-06-03T23:21:25-05:00,A,emergent_quantum_geometries/docs/PROGRAM_AQ_FFT3_RUN_SPEC_2026-06-02.md,
196,c016eb0a0bcd14eb0d12cf43a5d0ce64be93ab10,2026-06-03T23:21:25-05:00,A,emergent_quantum_geometries/docs/PROGRAM_AQ_FFT4_RUN_SPEC_2026-06-02.md,
196,c016eb0a0bcd14eb0d12cf43a5d0ce64be93ab10,2026-06-03T23:21:25-05:00,A,emergent_quantum_geometries/docs/PROGRAM_AQ_FFT5_RUN_SPEC_2026-06-02.md,
196,c016eb0a0bcd14eb0d12cf43a5d0ce64be93ab10,2026-06-03T23:21:25-05:00,A,emergent_quantum_geometries/docs/PROGRAM_AQ_FFT6_RUN_SPEC_2026-06-02.md,
196,c016eb0a0bcd14eb0d12cf43a5d0ce64be93ab10,2026-06-03T23:21:25-05:00,A,emergent_quantum_geometries/docs/PROGRAM_AQ_FFT7_REMOTE_ANALYSIS_2026-06-02.md,
196,c016eb0a0bcd14eb0d12cf43a5d0ce64be93ab10,2026-06-03T23:21:25-05:00,A,emergent_quantum_geometries/docs/PROGRAM_AQ_FFT7_RUN_SPEC_2026-06-02.md,
196,c016eb0a0bcd14eb0d12cf43a5d0ce64be93ab10,2026-06-03T23:21:25-05:00,A,emergent_quantum_geometries/docs/PROGRAM_AQ_HYBRID0_RUN_SPEC_2026-06-01.md,
196,c016eb0a0bcd14eb0d12cf43a5d0ce64be93ab10,2026-06-03T23:21:25-05:00,M,emergent_quantum_geometries/docs/PROGRAM_AQ_PLAN.md,
196,c016eb0a0bcd14eb0d12cf43a5d0ce64be93ab10,2026-06-03T23:21:25-05:00,A,emergent_quantum_geometries/docs/PROGRAM_AQ_YINYANG1_EXPECTATIONS_2026-06-03.md,
196,c016eb0a0bcd14eb0d12cf43a5d0ce64be93ab10,2026-06-03T23:21:25-05:00,A,emergent_quantum_geometries/docs/PROGRAM_AQ_YINYANG_FINDINGS_2026-06-03.md,
196,c016eb0a0bcd14eb0d12cf43a5d0ce64be93ab10,2026-06-03T23:21:25-05:00,A,emergent_quantum_geometries/docs/PROGRAM_AS0_RUN_SPEC_2026-06-01.md,
196,c016eb0a0bcd14eb0d12cf43a5d0ce64be93ab10,2026-06-03T23:21:25-05:00,M,emergent_quantum_geometries/program_ap_tunnel_eigen_recovery.py,
196,c016eb0a0bcd14eb0d12cf43a5d0ce64be93ab10,2026-06-03T23:21:25-05:00,M,implementation_plan.md,
196,c016eb0a0bcd14eb0d12cf43a5d0ce64be93ab10,2026-06-03T23:21:25-05:00,M,run_program_ap_ready_node.ps1,
196,c016eb0a0bcd14eb0d12cf43a5d0ce64be93ab10,2026-06-03T23:21:25-05:00,A,tpu_previews/yinyang_ordered2/aq_frame_depth3_noise0.0_seed11_complex_pair_norm_taichi_16x16_frame_1_compare.png,
196,c016eb0a0bcd14eb0d12cf43a5d0ce64be93ab10,2026-06-03T23:21:25-05:00,A,tpu_previews/yinyang_ordered2/aq_frame_depth3_noise0.0_seed11_complex_pair_norm_taichi_16x16_frame_1_error.png,
196,c016eb0a0bcd14eb0d12cf43a5d0ce64be93ab10,2026-06-03T23:21:25-05:00,A,tpu_previews/yinyang_ordered2/aq_frame_depth3_noise0.0_seed11_complex_pair_norm_taichi_16x16_frame_1_recovered.png,
196,c016eb0a0bcd14eb0d12cf43a5d0ce64be93ab10,2026-06-03T23:21:25-05:00,A,tpu_previews/yinyang_ordered2/aq_frame_depth3_noise0.0_seed11_complex_pair_norm_taichi_16x16_frame_1_target.png,
196,c016eb0a0bcd14eb0d12cf43a5d0ce64be93ab10,2026-06-03T23:21:25-05:00,A,tpu_previews/yinyang_ordered2/aq_frame_depth3_noise0.0_seed11_complex_pair_norm_taichi_16x16_frame_2_compare.png,
196,c016eb0a0bcd14eb0d12cf43a5d0ce64be93ab10,2026-06-03T23:21:25-05:00,A,tpu_previews/yinyang_ordered2/aq_frame_depth3_noise0.0_seed11_complex_pair_norm_taichi_16x16_frame_2_error.png,
196,c016eb0a0bcd14eb0d12cf43a5d0ce64be93ab10,2026-06-03T23:21:25-05:00,A,tpu_previews/yinyang_ordered2/aq_frame_depth3_noise0.0_seed11_complex_pair_norm_taichi_16x16_frame_2_recovered.png,
196,c016eb0a0bcd14eb0d12cf43a5d0ce64be93ab10,2026-06-03T23:21:25-05:00,A,tpu_previews/yinyang_ordered2/aq_frame_depth3_noise0.0_seed11_complex_pair_norm_taichi_16x16_frame_2_target.png,
196,c016eb0a0bcd14eb0d12cf43a5d0ce64be93ab10,2026-06-03T23:21:25-05:00,A,tpu_previews/yinyang_ordered2/program_ap_summary.json,
196,c016eb0a0bcd14eb0d12cf43a5d0ce64be93ab10,2026-06-03T23:21:25-05:00,A,tpu_previews/yinyang_ref16_frame1_ordered/aq_frame_depth3_noise0.0_seed11_complex_pair_norm_taichi_16x16_frame_1_compare.png,
196,c016eb0a0bcd14eb0d12cf43a5d0ce64be93ab10,2026-06-03T23:21:25-05:00,A,tpu_previews/yinyang_ref16_frame1_ordered/aq_frame_depth3_noise0.0_seed11_complex_pair_norm_taichi_16x16_frame_1_error.png,
196,c016eb0a0bcd14eb0d12cf43a5d0ce64be93ab10,2026-06-03T23:21:25-05:00,A,tpu_previews/yinyang_ref16_frame1_ordered/aq_frame_depth3_noise0.0_seed11_complex_pair_norm_taichi_16x16_frame_1_recovered.png,
196,c016eb0a0bcd14eb0d12cf43a5d0ce64be93ab10,2026-06-03T23:21:25-05:00,A,tpu_previews/yinyang_ref16_frame1_ordered/aq_frame_depth3_noise0.0_seed11_complex_pair_norm_taichi_16x16_frame_1_target.png,
196,c016eb0a0bcd14eb0d12cf43a5d0ce64be93ab10,2026-06-03T23:21:25-05:00,A,tpu_previews/yinyang_ref16_frame1_ordered/aq_preview_depth3_noise0.0_seed11_complex_pair_norm.png,
196,c016eb0a0bcd14eb0d12cf43a5d0ce64be93ab10,2026-06-03T23:21:25-05:00,A,tpu_previews/yinyang_ref16_frame2/aq_frame_depth3_noise0.0_seed11_complex_pair_norm_taichi_16x16_frame_2_compare.png,
196,c016eb0a0bcd14eb0d12cf43a5d0ce64be93ab10,2026-06-03T23:21:25-05:00,A,tpu_previews/yinyang_ref16_frame2/aq_frame_depth3_noise0.0_seed11_complex_pair_norm_taichi_16x16_frame_2_error.png,
196,c016eb0a0bcd14eb0d12cf43a5d0ce64be93ab10,2026-06-03T23:21:25-05:00,A,tpu_previews/yinyang_ref16_frame2/aq_frame_depth3_noise0.0_seed11_complex_pair_norm_taichi_16x16_frame_2_recovered.png,
196,c016eb0a0bcd14eb0d12cf43a5d0ce64be93ab10,2026-06-03T23:21:25-05:00,A,tpu_previews/yinyang_ref16_frame2/aq_frame_depth3_noise0.0_seed11_complex_pair_norm_taichi_16x16_frame_2_target.png,
196,c016eb0a0bcd14eb0d12cf43a5d0ce64be93ab10,2026-06-03T23:21:25-05:00,A,tpu_previews/yinyang_ref16_frame2/program_ap_summary.json,
196,c016eb0a0bcd14eb0d12cf43a5d0ce64be93ab10,2026-06-03T23:21:25-05:00,A,tpu_previews/yinyang_reference_v2/frame_00_yin_yang_human_reference.png,
196,c016eb0a0bcd14eb0d12cf43a5d0ce64be93ab10,2026-06-03T23:21:25-05:00,A,tpu_previews/yinyang_reference_v2/frame_00_yin_yang_reference.png,
196,c016eb0a0bcd14eb0d12cf43a5d0ce64be93ab10,2026-06-03T23:21:25-05:00,A,tpu_previews/yinyang_reference_v2/frame_01_yang_yin_human_reference.png,
196,c016eb0a0bcd14eb0d12cf43a5d0ce64be93ab10,2026-06-03T23:21:25-05:00,A,tpu_previews/yinyang_reference_v2/frame_01_yang_yin_reference.png,
196,c016eb0a0bcd14eb0d12cf43a5d0ce64be93ab10,2026-06-03T23:21:25-05:00,A,tpu_previews/yinyang_reference_v2/taichi_16x16_frame_1.png,
196,c016eb0a0bcd14eb0d12cf43a5d0ce64be93ab10,2026-06-03T23:21:25-05:00,A,tpu_previews/yinyang_reference_v2/taichi_16x16_frame_2.png,
196,c016eb0a0bcd14eb0d12cf43a5d0ce64be93ab10,2026-06-03T23:21:25-05:00,A,tpu_previews/yinyang_reference_v2/taichi_32x32_frame_1.png,
196,c016eb0a0bcd14eb0d12cf43a5d0ce64be93ab10,2026-06-03T23:21:25-05:00,A,tpu_previews/yinyang_reference_v2/taichi_32x32_frame_2.png,
197,d19d973980239690d006f85dcc2094e72b51fdb4,2026-06-04T01:49:07-05:00,M,emergent_quantum_geometries/docs/PROGRAM_AQ_PLAN.md,
197,d19d973980239690d006f85dcc2094e72b51fdb4,2026-06-04T01:49:07-05:00,A,emergent_quantum_geometries/docs/PROGRAM_AQ_STREAM0_RUN_SPEC_2026-06-04.md,
197,d19d973980239690d006f85dcc2094e72b51fdb4,2026-06-04T01:49:07-05:00,M,emergent_quantum_geometries/program_ap_tunnel_eigen_recovery.py,
197,d19d973980239690d006f85dcc2094e72b51fdb4,2026-06-04T01:49:07-05:00,M,implementation_plan.md,
197,d19d973980239690d006f85dcc2094e72b51fdb4,2026-06-04T01:49:07-05:00,M,run_program_ap_ready_node.ps1,
197,d19d973980239690d006f85dcc2094e72b51fdb4,2026-06-04T01:49:07-05:00,A,tpu_previews/aq_stream0_2026-06-04/aq_frame_depth3_noise0.0_seed11_entangled_pair_stream_taichi_16x16_frame_1_compare.png,
197,d19d973980239690d006f85dcc2094e72b51fdb4,2026-06-04T01:49:07-05:00,A,tpu_previews/aq_stream0_2026-06-04/aq_frame_depth3_noise0.0_seed11_entangled_pair_stream_taichi_16x16_frame_1_error.png,
197,d19d973980239690d006f85dcc2094e72b51fdb4,2026-06-04T01:49:07-05:00,A,tpu_previews/aq_stream0_2026-06-04/aq_frame_depth3_noise0.0_seed11_entangled_pair_stream_taichi_16x16_frame_1_recovered.png,
197,d19d973980239690d006f85dcc2094e72b51fdb4,2026-06-04T01:49:07-05:00,A,tpu_previews/aq_stream0_2026-06-04/aq_frame_depth3_noise0.0_seed11_entangled_pair_stream_taichi_16x16_frame_1_target.png,
197,d19d973980239690d006f85dcc2094e72b51fdb4,2026-06-04T01:49:07-05:00,A,tpu_previews/aq_stream0_2026-06-04/aq_frame_depth3_noise0.0_seed11_entangled_pair_stream_taichi_16x16_frame_2_compare.png,
197,d19d973980239690d006f85dcc2094e72b51fdb4,2026-06-04T01:49:07-05:00,A,tpu_previews/aq_stream0_2026-06-04/aq_frame_depth3_noise0.0_seed11_entangled_pair_stream_taichi_16x16_frame_2_error.png,
197,d19d973980239690d006f85dcc2094e72b51fdb4,2026-06-04T01:49:07-05:00,A,tpu_previews/aq_stream0_2026-06-04/aq_frame_depth3_noise0.0_seed11_entangled_pair_stream_taichi_16x16_frame_2_recovered.png,
197,d19d973980239690d006f85dcc2094e72b51fdb4,2026-06-04T01:49:07-05:00,A,tpu_previews/aq_stream0_2026-06-04/aq_frame_depth3_noise0.0_seed11_entangled_pair_stream_taichi_16x16_frame_2_target.png,
197,d19d973980239690d006f85dcc2094e72b51fdb4,2026-06-04T01:49:07-05:00,A,tpu_previews/aq_stream0_2026-06-04/aq_frame_depth3_noise0.0_seed11_flat_ordered_roster_taichi_16x16_frame_1_compare.png,
197,d19d973980239690d006f85dcc2094e72b51fdb4,2026-06-04T01:49:07-05:00,A,tpu_previews/aq_stream0_2026-06-04/aq_frame_depth3_noise0.0_seed11_flat_ordered_roster_taichi_16x16_frame_1_error.png,
197,d19d973980239690d006f85dcc2094e72b51fdb4,2026-06-04T01:49:07-05:00,A,tpu_previews/aq_stream0_2026-06-04/aq_frame_depth3_noise0.0_seed11_flat_ordered_roster_taichi_16x16_frame_1_recovered.png,
197,d19d973980239690d006f85dcc2094e72b51fdb4,2026-06-04T01:49:07-05:00,A,tpu_previews/aq_stream0_2026-06-04/aq_frame_depth3_noise0.0_seed11_flat_ordered_roster_taichi_16x16_frame_1_target.png,
197,d19d973980239690d006f85dcc2094e72b51fdb4,2026-06-04T01:49:07-05:00,A,tpu_previews/aq_stream0_2026-06-04/aq_frame_depth3_noise0.0_seed11_flat_ordered_roster_taichi_16x16_frame_2_compare.png,
197,d19d973980239690d006f85dcc2094e72b51fdb4,2026-06-04T01:49:07-05:00,A,tpu_previews/aq_stream0_2026-06-04/aq_frame_depth3_noise0.0_seed11_flat_ordered_roster_taichi_16x16_frame_2_error.png,
197,d19d973980239690d006f85dcc2094e72b51fdb4,2026-06-04T01:49:07-05:00,A,tpu_previews/aq_stream0_2026-06-04/aq_frame_depth3_noise0.0_seed11_flat_ordered_roster_taichi_16x16_frame_2_recovered.png,
197,d19d973980239690d006f85dcc2094e72b51fdb4,2026-06-04T01:49:07-05:00,A,tpu_previews/aq_stream0_2026-06-04/aq_frame_depth3_noise0.0_seed11_flat_ordered_roster_taichi_16x16_frame_2_target.png,
197,d19d973980239690d006f85dcc2094e72b51fdb4,2026-06-04T01:49:07-05:00,A,tpu_previews/aq_stream0_2026-06-04/aq_frame_depth3_noise0.0_seed11_separable_mode_stream_taichi_16x16_frame_1_compare.png,
197,d19d973980239690d006f85dcc2094e72b51fdb4,2026-06-04T01:49:07-05:00,A,tpu_previews/aq_stream0_2026-06-04/aq_frame_depth3_noise0.0_seed11_separable_mode_stream_taichi_16x16_frame_1_error.png,
197,d19d973980239690d006f85dcc2094e72b51fdb4,2026-06-04T01:49:07-05:00,A,tpu_previews/aq_stream0_2026-06-04/aq_frame_depth3_noise0.0_seed11_separable_mode_stream_taichi_16x16_frame_1_recovered.png,
197,d19d973980239690d006f85dcc2094e72b51fdb4,2026-06-04T01:49:07-05:00,A,tpu_previews/aq_stream0_2026-06-04/aq_frame_depth3_noise0.0_seed11_separable_mode_stream_taichi_16x16_frame_1_target.png,
197,d19d973980239690d006f85dcc2094e72b51fdb4,2026-06-04T01:49:07-05:00,A,tpu_previews/aq_stream0_2026-06-04/aq_frame_depth3_noise0.0_seed11_separable_mode_stream_taichi_16x16_frame_2_compare.png,
197,d19d973980239690d006f85dcc2094e72b51fdb4,2026-06-04T01:49:07-05:00,A,tpu_previews/aq_stream0_2026-06-04/aq_frame_depth3_noise0.0_seed11_separable_mode_stream_taichi_16x16_frame_2_error.png,
197,d19d973980239690d006f85dcc2094e72b51fdb4,2026-06-04T01:49:07-05:00,A,tpu_previews/aq_stream0_2026-06-04/aq_frame_depth3_noise0.0_seed11_separable_mode_stream_taichi_16x16_frame_2_recovered.png,
197,d19d973980239690d006f85dcc2094e72b51fdb4,2026-06-04T01:49:07-05:00,A,tpu_previews/aq_stream0_2026-06-04/aq_frame_depth3_noise0.0_seed11_separable_mode_stream_taichi_16x16_frame_2_target.png,
197,d19d973980239690d006f85dcc2094e72b51fdb4,2026-06-04T01:49:07-05:00,A,tpu_previews/aq_stream0_2026-06-04/aq_preview_depth3_noise0.0_seed11_entangled_pair_stream.png,
197,d19d973980239690d006f85dcc2094e72b51fdb4,2026-06-04T01:49:07-05:00,A,tpu_previews/aq_stream0_2026-06-04/aq_preview_depth3_noise0.0_seed11_flat_ordered_roster.png,
197,d19d973980239690d006f85dcc2094e72b51fdb4,2026-06-04T01:49:07-05:00,A,tpu_previews/aq_stream0_2026-06-04/aq_preview_depth3_noise0.0_seed11_separable_mode_stream.png,
197,d19d973980239690d006f85dcc2094e72b51fdb4,2026-06-04T01:49:07-05:00,A,tpu_previews/aq_stream0_v2_2026-06-04/aq_frame_depth3_noise0.0_seed11_entangled_pair_stream_taichi_16x16_frame_1_compare.png,
197,d19d973980239690d006f85dcc2094e72b51fdb4,2026-06-04T01:49:07-05:00,A,tpu_previews/aq_stream0_v2_2026-06-04/aq_frame_depth3_noise0.0_seed11_entangled_pair_stream_taichi_16x16_frame_1_error.png,
197,d19d973980239690d006f85dcc2094e72b51fdb4,2026-06-04T01:49:07-05:00,A,tpu_previews/aq_stream0_v2_2026-06-04/aq_frame_depth3_noise0.0_seed11_entangled_pair_stream_taichi_16x16_frame_1_recovered.png,
197,d19d973980239690d006f85dcc2094e72b51fdb4,2026-06-04T01:49:07-05:00,A,tpu_previews/aq_stream0_v2_2026-06-04/aq_frame_depth3_noise0.0_seed11_entangled_pair_stream_taichi_16x16_frame_1_target.png,
197,d19d973980239690d006f85dcc2094e72b51fdb4,2026-06-04T01:49:07-05:00,A,tpu_previews/aq_stream0_v2_2026-06-04/aq_frame_depth3_noise0.0_seed11_entangled_pair_stream_taichi_16x16_frame_2_compare.png,
197,d19d973980239690d006f85dcc2094e72b51fdb4,2026-06-04T01:49:07-05:00,A,tpu_previews/aq_stream0_v2_2026-06-04/aq_frame_depth3_noise0.0_seed11_entangled_pair_stream_taichi_16x16_frame_2_error.png,
197,d19d973980239690d006f85dcc2094e72b51fdb4,2026-06-04T01:49:07-05:00,A,tpu_previews/aq_stream0_v2_2026-06-04/aq_frame_depth3_noise0.0_seed11_entangled_pair_stream_taichi_16x16_frame_2_recovered.png,
197,d19d973980239690d006f85dcc2094e72b51fdb4,2026-06-04T01:49:07-05:00,A,tpu_previews/aq_stream0_v2_2026-06-04/aq_frame_depth3_noise0.0_seed11_entangled_pair_stream_taichi_16x16_frame_2_target.png,
197,d19d973980239690d006f85dcc2094e72b51fdb4,2026-06-04T01:49:07-05:00,A,tpu_previews/aq_stream0_v2_2026-06-04/aq_frame_depth3_noise0.0_seed11_flat_ordered_roster_taichi_16x16_frame_1_compare.png,
197,d19d973980239690d006f85dcc2094e72b51fdb4,2026-06-04T01:49:07-05:00,A,tpu_previews/aq_stream0_v2_2026-06-04/aq_frame_depth3_noise0.0_seed11_flat_ordered_roster_taichi_16x16_frame_1_error.png,
197,d19d973980239690d006f85dcc2094e72b51fdb4,2026-06-04T01:49:07-05:00,A,tpu_previews/aq_stream0_v2_2026-06-04/aq_frame_depth3_noise0.0_seed11_flat_ordered_roster_taichi_16x16_frame_1_recovered.png,
197,d19d973980239690d006f85dcc2094e72b51fdb4,2026-06-04T01:49:07-05:00,A,tpu_previews/aq_stream0_v2_2026-06-04/aq_frame_depth3_noise0.0_seed11_flat_ordered_roster_taichi_16x16_frame_1_target.png,
197,d19d973980239690d006f85dcc2094e72b51fdb4,2026-06-04T01:49:07-05:00,A,tpu_previews/aq_stream0_v2_2026-06-04/aq_frame_depth3_noise0.0_seed11_flat_ordered_roster_taichi_16x16_frame_2_compare.png,
197,d19d973980239690d006f85dcc2094e72b51fdb4,2026-06-04T01:49:07-05:00,A,tpu_previews/aq_stream0_v2_2026-06-04/aq_frame_depth3_noise0.0_seed11_flat_ordered_roster_taichi_16x16_frame_2_error.png,
197,d19d973980239690d006f85dcc2094e72b51fdb4,2026-06-04T01:49:07-05:00,A,tpu_previews/aq_stream0_v2_2026-06-04/aq_frame_depth3_noise0.0_seed11_flat_ordered_roster_taichi_16x16_frame_2_recovered.png,
197,d19d973980239690d006f85dcc2094e72b51fdb4,2026-06-04T01:49:07-05:00,A,tpu_previews/aq_stream0_v2_2026-06-04/aq_frame_depth3_noise0.0_seed11_flat_ordered_roster_taichi_16x16_frame_2_target.png,
197,d19d973980239690d006f85dcc2094e72b51fdb4,2026-06-04T01:49:07-05:00,A,tpu_previews/aq_stream0_v2_2026-06-04/aq_frame_depth3_noise0.0_seed11_separable_mode_stream_taichi_16x16_frame_1_compare.png,
197,d19d973980239690d006f85dcc2094e72b51fdb4,2026-06-04T01:49:07-05:00,A,tpu_previews/aq_stream0_v2_2026-06-04/aq_frame_depth3_noise0.0_seed11_separable_mode_stream_taichi_16x16_frame_1_error.png,
197,d19d973980239690d006f85dcc2094e72b51fdb4,2026-06-04T01:49:07-05:00,A,tpu_previews/aq_stream0_v2_2026-06-04/aq_frame_depth3_noise0.0_seed11_separable_mode_stream_taichi_16x16_frame_1_recovered.png,
197,d19d973980239690d006f85dcc2094e72b51fdb4,2026-06-04T01:49:07-05:00,A,tpu_previews/aq_stream0_v2_2026-06-04/aq_frame_depth3_noise0.0_seed11_separable_mode_stream_taichi_16x16_frame_1_target.png,
197,d19d973980239690d006f85dcc2094e72b51fdb4,2026-06-04T01:49:07-05:00,A,tpu_previews/aq_stream0_v2_2026-06-04/aq_frame_depth3_noise0.0_seed11_separable_mode_stream_taichi_16x16_frame_2_compare.png,
197,d19d973980239690d006f85dcc2094e72b51fdb4,2026-06-04T01:49:07-05:00,A,tpu_previews/aq_stream0_v2_2026-06-04/aq_frame_depth3_noise0.0_seed11_separable_mode_stream_taichi_16x16_frame_2_error.png,
197,d19d973980239690d006f85dcc2094e72b51fdb4,2026-06-04T01:49:07-05:00,A,tpu_previews/aq_stream0_v2_2026-06-04/aq_frame_depth3_noise0.0_seed11_separable_mode_stream_taichi_16x16_frame_2_recovered.png,
197,d19d973980239690d006f85dcc2094e72b51fdb4,2026-06-04T01:49:07-05:00,A,tpu_previews/aq_stream0_v2_2026-06-04/aq_frame_depth3_noise0.0_seed11_separable_mode_stream_taichi_16x16_frame_2_target.png,
197,d19d973980239690d006f85dcc2094e72b51fdb4,2026-06-04T01:49:07-05:00,A,tpu_previews/aq_stream0_v2_2026-06-04/aq_preview_depth3_noise0.0_seed11_entangled_pair_stream.png,
197,d19d973980239690d006f85dcc2094e72b51fdb4,2026-06-04T01:49:07-05:00,A,tpu_previews/aq_stream0_v2_2026-06-04/aq_preview_depth3_noise0.0_seed11_flat_ordered_roster.png,
197,d19d973980239690d006f85dcc2094e72b51fdb4,2026-06-04T01:49:07-05:00,A,tpu_previews/aq_stream0_v2_2026-06-04/aq_preview_depth3_noise0.0_seed11_separable_mode_stream.png,
197,d19d973980239690d006f85dcc2094e72b51fdb4,2026-06-04T01:49:07-05:00,A,tpu_previews/aq_stream0_v2_2026-06-04/program_ap_summary.json,
198,3c22f35f2c7295cdc4bb6e6c627020363ede5535,2026-06-04T16:53:09-05:00,M,emergent_quantum_geometries/program_ap_tunnel_eigen_recovery.py,
198,3c22f35f2c7295cdc4bb6e6c627020363ede5535,2026-06-04T16:53:09-05:00,M,run_program_ap_ready_node.ps1,
199,05ed17b40a227a45278410f2fff4642a08a4fb45,2026-06-04T18:27:35-05:00,A,emergent_quantum_geometries/docs/PROGRAM_AQ_STREAM2_REMOTE_ANALYSIS_2026-06-04.md,
200,dcf54b84aecb29c1faf7c917d547fa1b458edc9d,2026-06-05T14:59:29-05:00,A,emergent_quantum_geometries/kernel/2403.19500v1[1].md,
200,dcf54b84aecb29c1faf7c917d547fa1b458edc9d,2026-06-05T14:59:29-05:00,A,emergent_quantum_geometries/kernel/PROGRAM_AQ_PLAN.md,
200,dcf54b84aecb29c1faf7c917d547fa1b458edc9d,2026-06-05T14:59:29-05:00,A,emergent_quantum_geometries/kernel/paper.md,
200,dcf54b84aecb29c1faf7c917d547fa1b458edc9d,2026-06-05T14:59:29-05:00,A,emergent_quantum_geometries/kernel/paper.pdf,
200,dcf54b84aecb29c1faf7c917d547fa1b458edc9d,2026-06-05T14:59:29-05:00,A,emergent_quantum_geometries/kernel/paper.txt,
201,f5b8ba72e4d22be8e9b5a43ee4e962a78fa09416,2026-06-05T17:02:03-05:00,M,emergent_quantum_geometries/kernel/PROGRAM_AQ_PLAN.md,
202,09122404b2789ebbe93872395c2fa1222f6901ad,2026-06-05T23:22:32-05:00,A,emergent_quantum_geometries/docs/PROGRAM_AQ_CERTIFIED_TPU_RUN_2026-06-06.md,
202,09122404b2789ebbe93872395c2fa1222f6901ad,2026-06-05T23:22:32-05:00,A,emergent_quantum_geometries/docs/PROGRAM_AQ_TPU_EXPERIMENT_SUMMARY_2026-06-06.md,
202,09122404b2789ebbe93872395c2fa1222f6901ad,2026-06-05T23:22:32-05:00,M,emergent_quantum_geometries/kernel/PROGRAM_AQ_PLAN.md,
202,09122404b2789ebbe93872395c2fa1222f6901ad,2026-06-05T23:22:32-05:00,A,emergent_quantum_geometries/program_aq_so3_kernel_galerkin.py,
202,09122404b2789ebbe93872395c2fa1222f6901ad,2026-06-05T23:22:32-05:00,A,emergent_quantum_geometries/program_aq_tpu_certified/summary.json,
202,09122404b2789ebbe93872395c2fa1222f6901ad,2026-06-05T23:22:32-05:00,A,emergent_quantum_geometries/program_aq_tpu_pilot/summary.json,
202,09122404b2789ebbe93872395c2fa1222f6901ad,2026-06-05T23:22:32-05:00,A,emergent_quantum_geometries/program_aq_tpu_smoke/summary.json,
203,f5b9d6533ed0e1a2bf154cab16e38d0d9d033f01,2026-06-05T23:55:42-05:00,A,emergent_quantum_geometries/docs/PROGRAM_AQ_CONFIDENCE_TPU_RUN_2026-06-06.md,
203,f5b9d6533ed0e1a2bf154cab16e38d0d9d033f01,2026-06-05T23:55:42-05:00,M,emergent_quantum_geometries/program_aq_so3_kernel_galerkin.py,
203,f5b9d6533ed0e1a2bf154cab16e38d0d9d033f01,2026-06-05T23:55:42-05:00,A,emergent_quantum_geometries/program_aq_tpu_confidence/summary.json,
204,50f14f51d17a69da03ce6368765ef84caf9e3864,2026-06-07T19:27:44-05:00,A,chronos_time_emission/README.md,
204,50f14f51d17a69da03ce6368765ef84caf9e3864,2026-06-07T19:27:44-05:00,A,chronos_time_emission/__init__.py,
204,50f14f51d17a69da03ce6368765ef84caf9e3864,2026-06-07T19:27:44-05:00,A,chronos_time_emission/analyze_chronos.py,
204,50f14f51d17a69da03ce6368765ef84caf9e3864,2026-06-07T19:27:44-05:00,A,chronos_time_emission/classifiers.py,
204,50f14f51d17a69da03ce6368765ef84caf9e3864,2026-06-07T19:27:44-05:00,A,chronos_time_emission/conditions.py,
204,50f14f51d17a69da03ce6368765ef84caf9e3864,2026-06-07T19:27:44-05:00,A,chronos_time_emission/docs/CHRONOS_0B_REMOTE_ANALYSIS_2026-06-07.md,
204,50f14f51d17a69da03ce6368765ef84caf9e3864,2026-06-07T19:27:44-05:00,A,chronos_time_emission/results0b_remote/results.json,
204,50f14f51d17a69da03ce6368765ef84caf9e3864,2026-06-07T19:27:44-05:00,A,chronos_time_emission/results0b_remote/summary.md,
204,50f14f51d17a69da03ce6368765ef84caf9e3864,2026-06-07T19:27:44-05:00,A,chronos_time_emission/run_chronos_ready_node.ps1,
204,50f14f51d17a69da03ce6368765ef84caf9e3864,2026-06-07T19:27:44-05:00,A,chronos_time_emission/run_chronos_shotgun.ps1,
204,50f14f51d17a69da03ce6368765ef84caf9e3864,2026-06-07T19:27:44-05:00,A,chronos_time_emission/run_chronos_tpu.py,
204,50f14f51d17a69da03ce6368765ef84caf9e3864,2026-06-07T19:27:44-05:00,A,chronos_time_emission/spectral.py,
204,50f14f51d17a69da03ce6368765ef84caf9e3864,2026-06-07T19:27:44-05:00,A,chronos_time_emission/telemetry.py,
204,50f14f51d17a69da03ce6368765ef84caf9e3864,2026-06-07T19:27:44-05:00,A,chronos_time_emission/workloads.py,
205,deac28b2ae9371401332412b21a6119a383a5c16,2026-06-08T11:28:14-05:00,M,emergent_quantum_geometries/docs/PROGRAM_AQ_CERTIFIED_TPU_RUN_2026-06-06.md,
205,deac28b2ae9371401332412b21a6119a383a5c16,2026-06-08T11:28:14-05:00,M,emergent_quantum_geometries/docs/PROGRAM_AQ_CONFIDENCE_TPU_RUN_2026-06-06.md,
205,deac28b2ae9371401332412b21a6119a383a5c16,2026-06-08T11:28:14-05:00,M,emergent_quantum_geometries/docs/PROGRAM_AQ_TPU_EXPERIMENT_SUMMARY_2026-06-06.md,
205,deac28b2ae9371401332412b21a6119a383a5c16,2026-06-08T11:28:14-05:00,M,emergent_quantum_geometries/kernel/PROGRAM_AQ_PLAN.md,
205,deac28b2ae9371401332412b21a6119a383a5c16,2026-06-08T11:28:14-05:00,R100,emergent_quantum_geometries/kernel/program_aq_so3_kernel_galerkin.py,emergent_quantum_geometries/program_aq_so3_kernel_galerkin.py
205,deac28b2ae9371401332412b21a6119a383a5c16,2026-06-08T11:28:14-05:00,M,emergent_quantum_geometries/program_ap_tunnel_eigen_recovery.py,
205,deac28b2ae9371401332412b21a6119a383a5c16,2026-06-08T11:28:14-05:00,M,implementation_plan.md,
205,deac28b2ae9371401332412b21a6119a383a5c16,2026-06-08T11:28:14-05:00,M,run_program_ap_ready_node.ps1,
206,88ca6f0fdff3c33889a523a814cb380c3b692541,2026-06-08T11:54:11-05:00,A,emergent_quantum_geometries/kernel/TPU_GUIDE_FOR_MATHEMATICIANS.md,
206,88ca6f0fdff3c33889a523a814cb380c3b692541,2026-06-08T11:54:11-05:00,A,emergent_quantum_geometries/run_program_aq_shotgun.ps1,
207,5de06130cbf0c0f4c4c8755d0d9decbf40cc5330,2026-06-08T11:57:58-05:00,M,emergent_quantum_geometries/kernel/TPU_GUIDE_FOR_MATHEMATICIANS.md,
207,5de06130cbf0c0f4c4c8755d0d9decbf40cc5330,2026-06-08T11:57:58-05:00,A,emergent_quantum_geometries/kernel/run_program_aq_shotgun.ps1,
208,e6a2158727e0d253d705d16491c5dcc31dee3542,2026-06-09T15:43:11-05:00,A,emergent_quantum_geometries/docs/PROGRAM_AQ_STREAM4_REMOTE_ANALYSIS_2026-06-04.md,
208,e6a2158727e0d253d705d16491c5dcc31dee3542,2026-06-09T15:43:11-05:00,A,emergent_quantum_geometries/docs/PROGRAM_AQ_STREAM5_REMOTE_ANALYSIS_2026-06-04.md,
208,e6a2158727e0d253d705d16491c5dcc31dee3542,2026-06-09T15:43:11-05:00,A,emergent_quantum_geometries/docs/PROGRAM_AQ_STREAM6_LATENT_SWEEP_2026-06-05.md,
208,e6a2158727e0d253d705d16491c5dcc31dee3542,2026-06-09T15:43:11-05:00,A,emergent_quantum_geometries/docs/PROGRAM_AQ_TEMPORAL_GAUGE0_RUN_SPEC.md,
209,ad5b9142546f305545cec7db8bcf42fed06cd790,2026-06-13T13:13:51-05:00,M,chronos_time_emission/README.md,
209,ad5b9142546f305545cec7db8bcf42fed06cd790,2026-06-13T13:13:51-05:00,A,chronos_time_emission/chronos_carrier2_analysis.py,
209,ad5b9142546f305545cec7db8bcf42fed06cd790,2026-06-13T13:13:51-05:00,A,chronos_time_emission/chronos_schumann_significance.py,
209,ad5b9142546f305545cec7db8bcf42fed06cd790,2026-06-13T13:13:51-05:00,A,chronos_time_emission/docs/CHRONOS_SCHUMANN_REPLICATION_SPEC_2026-06-13.md,
209,ad5b9142546f305545cec7db8bcf42fed06cd790,2026-06-13T13:13:51-05:00,A,chronos_time_emission/results0b_independence_remote/carrier2_0b.json,
209,ad5b9142546f305545cec7db8bcf42fed06cd790,2026-06-13T13:13:51-05:00,A,chronos_time_emission/results0b_independence_remote/carrier2_rep1.json,
209,ad5b9142546f305545cec7db8bcf42fed06cd790,2026-06-13T13:13:51-05:00,A,chronos_time_emission/results0b_independence_remote/independence_results.json,
209,ad5b9142546f305545cec7db8bcf42fed06cd790,2026-06-13T13:13:51-05:00,A,chronos_time_emission/results0b_independence_remote/independence_summary.md,
209,ad5b9142546f305545cec7db8bcf42fed06cd790,2026-06-13T13:13:51-05:00,A,chronos_time_emission/results0b_independence_remote/significance_results.json,
209,ad5b9142546f305545cec7db8bcf42fed06cd790,2026-06-13T13:13:51-05:00,A,chronos_time_emission/results0b_independence_remote/significance_results_rep1.json,
209,ad5b9142546f305545cec7db8bcf42fed06cd790,2026-06-13T13:13:51-05:00,A,chronos_time_emission/run_chronos_independence_pair.ps1,
209,ad5b9142546f305545cec7db8bcf42fed06cd790,2026-06-13T13:13:51-05:00,A,chronos_time_emission/run_chronos_independence_tpu.py,
209,ad5b9142546f305545cec7db8bcf42fed06cd790,2026-06-13T13:13:51-05:00,M,chronos_time_emission/run_chronos_ready_node.ps1,
209,ad5b9142546f305545cec7db8bcf42fed06cd790,2026-06-13T13:13:51-05:00,A,chronos_time_emission/run_chronos_schumann_tpu.py,
209,ad5b9142546f305545cec7db8bcf42fed06cd790,2026-06-13T13:13:51-05:00,M,chronos_time_emission/run_chronos_shotgun.ps1,
210,bc154b25227107fb04705e626166668abc0a3cce,2026-06-14T17:06:08-05:00,M,chronos_time_emission/README.md,
210,bc154b25227107fb04705e626166668abc0a3cce,2026-06-14T17:06:08-05:00,A,chronos_time_emission/chronos_dlinoss_chrono0_analysis.py,
210,bc154b25227107fb04705e626166668abc0a3cce,2026-06-14T17:06:08-05:00,A,chronos_time_emission/chronos_marginal_drift_analysis.py,
210,bc154b25227107fb04705e626166668abc0a3cce,2026-06-14T17:06:08-05:00,A,chronos_time_emission/docs/AQ_DLINOSS_CHRONO_0_RUN_SPEC_2026-06-14.md,
210,bc154b25227107fb04705e626166668abc0a3cce,2026-06-14T17:06:08-05:00,A,chronos_time_emission/docs/CHRONOS_MARGINAL_DRIFT_1_RUN_SPEC_2026-06-14.md,
210,bc154b25227107fb04705e626166668abc0a3cce,2026-06-14T17:06:08-05:00,A,chronos_time_emission/results0b_independence_remote/aq_dlinoss_chrono0_live/aq_dlinoss_chrono0_results.json,
210,bc154b25227107fb04705e626166668abc0a3cce,2026-06-14T17:06:08-05:00,A,chronos_time_emission/results0b_independence_remote/aq_dlinoss_chrono0_live/aq_dlinoss_chrono0_summary.md,
210,bc154b25227107fb04705e626166668abc0a3cce,2026-06-14T17:06:08-05:00,A,chronos_time_emission/results0b_independence_remote/marginal_drift1/chronos_marginal_drift1_results.json,
210,bc154b25227107fb04705e626166668abc0a3cce,2026-06-14T17:06:08-05:00,A,chronos_time_emission/results0b_independence_remote/marginal_drift1/chronos_marginal_drift1_summary.md,
211,87c2501c20fbbbc3cb2de8191e10c8d8028ed4b1,2026-06-15T12:22:50-05:00,A,emergent_quantum_geometries/docs/AQ_PAGE_WOOTTERS_DLINOSS_0_RESULTS_2026-06-15.md,
212,f5dddef9923a300c94382c2192a2a184e9337614,2026-06-20T11:39:53-05:00,A,emergent_quantum_geometries/aq_trappist1e_dlinoss_stellar_state_residual_0/README_TRAPPIST1E_DLINOSS.md,
212,f5dddef9923a300c94382c2192a2a184e9337614,2026-06-20T11:39:53-05:00,A,emergent_quantum_geometries/aq_trappist1e_dlinoss_stellar_state_residual_0/TRAPPIST1E_LINEARSSM_1331_CLOSEOUT_0.md,
212,f5dddef9923a300c94382c2192a2a184e9337614,2026-06-20T11:39:53-05:00,A,emergent_quantum_geometries/aq_trappist1e_dlinoss_stellar_state_residual_0/results/dreams_repro/be_pair_reduction_report.json,
212,f5dddef9923a300c94382c2192a2a184e9337614,2026-06-20T11:39:53-05:00,A,emergent_quantum_geometries/aq_trappist1e_dlinoss_stellar_state_residual_0/results/dreams_repro/be_proxy_correction_report.json,
212,f5dddef9923a300c94382c2192a2a184e9337614,2026-06-20T11:39:53-05:00,A,emergent_quantum_geometries/aq_trappist1e_dlinoss_stellar_state_residual_0/results/dreams_repro/branch_freeze_manifest.json,
212,f5dddef9923a300c94382c2192a2a184e9337614,2026-06-20T11:39:53-05:00,A,emergent_quantum_geometries/aq_trappist1e_dlinoss_stellar_state_residual_0/results/dreams_repro/event_labels_9256_6456.json,
212,f5dddef9923a300c94382c2192a2a184e9337614,2026-06-20T11:39:53-05:00,A,emergent_quantum_geometries/aq_trappist1e_dlinoss_stellar_state_residual_0/results/dreams_repro/gp_be_hybrid_closeout_0.json,
212,f5dddef9923a300c94382c2192a2a184e9337614,2026-06-20T11:39:53-05:00,A,emergent_quantum_geometries/aq_trappist1e_dlinoss_stellar_state_residual_0/results/dreams_repro/gp_final_repro_1.json,
212,f5dddef9923a300c94382c2192a2a184e9337614,2026-06-20T11:39:53-05:00,A,emergent_quantum_geometries/aq_trappist1e_dlinoss_stellar_state_residual_0/results/dreams_repro/pair_cadence_requirement_0.json,
212,f5dddef9923a300c94382c2192a2a184e9337614,2026-06-20T11:39:53-05:00,A,emergent_quantum_geometries/aq_trappist1e_dlinoss_stellar_state_residual_0/results/dreams_repro/pair_count_power_audit_0_tpu_summary.json,
212,f5dddef9923a300c94382c2192a2a184e9337614,2026-06-20T11:39:53-05:00,A,emergent_quantum_geometries/aq_trappist1e_dlinoss_stellar_state_residual_0/trappist1e_dlinoss_failure_assessment.md,
213,829d029602405dc890234fbc01ca64c8e19c97a4,2026-06-20T11:49:34-05:00,M,emergent_quantum_geometries/aq_trappist1e_dlinoss_stellar_state_residual_0/README_TRAPPIST1E_DLINOSS.md,
213,829d029602405dc890234fbc01ca64c8e19c97a4,2026-06-20T11:49:34-05:00,M,emergent_quantum_geometries/aq_trappist1e_dlinoss_stellar_state_residual_0/TRAPPIST1E_LINEARSSM_1331_CLOSEOUT_0.md,
213,829d029602405dc890234fbc01ca64c8e19c97a4,2026-06-20T11:49:34-05:00,M,emergent_quantum_geometries/aq_trappist1e_dlinoss_stellar_state_residual_0/trappist1e_dlinoss_failure_assessment.md,
214,0a3c89f9081c12de9042d2edd1c22a1b66b824a8,2026-06-20T12:53:13-05:00,A,emergent_quantum_geometries/aq_trappist1e_dlinoss_stellar_state_residual_0/DLINOSS_EQUAL_SUPERVISION_CAPACITY_TEST_SPEC.md,
214,0a3c89f9081c12de9042d2edd1c22a1b66b824a8,2026-06-20T12:53:13-05:00,M,emergent_quantum_geometries/aq_trappist1e_dlinoss_stellar_state_residual_0/README_TRAPPIST1E_DLINOSS.md,
214,0a3c89f9081c12de9042d2edd1c22a1b66b824a8,2026-06-20T12:53:13-05:00,M,emergent_quantum_geometries/aq_trappist1e_dlinoss_stellar_state_residual_0/TRAPPIST1E_LINEARSSM_1331_CLOSEOUT_0.md,
214,0a3c89f9081c12de9042d2edd1c22a1b66b824a8,2026-06-20T12:53:13-05:00,A,emergent_quantum_geometries/aq_trappist1e_dlinoss_stellar_state_residual_0/configs/dlinoss_equal_supervision_capacity_test_0_manifest.json,
214,0a3c89f9081c12de9042d2edd1c22a1b66b824a8,2026-06-20T12:53:13-05:00,A,emergent_quantum_geometries/aq_trappist1e_dlinoss_stellar_state_residual_0/configs/dlinoss_equal_supervision_capacity_test_0_manifest.sha256,
214,0a3c89f9081c12de9042d2edd1c22a1b66b824a8,2026-06-20T12:53:13-05:00,A,emergent_quantum_geometries/aq_trappist1e_dlinoss_stellar_state_residual_0/results/dlinoss_equal_supervision_capacity_test_0_generation_receipt.json,
214,0a3c89f9081c12de9042d2edd1c22a1b66b824a8,2026-06-20T12:53:13-05:00,A,emergent_quantum_geometries/aq_trappist1e_dlinoss_stellar_state_residual_0/results/dlinoss_equal_supervision_capacity_test_0_tpu.json,
214,0a3c89f9081c12de9042d2edd1c22a1b66b824a8,2026-06-20T12:53:13-05:00,M,emergent_quantum_geometries/aq_trappist1e_dlinoss_stellar_state_residual_0/results/dreams_repro/branch_freeze_manifest.json,
214,0a3c89f9081c12de9042d2edd1c22a1b66b824a8,2026-06-20T12:53:13-05:00,M,emergent_quantum_geometries/aq_trappist1e_dlinoss_stellar_state_residual_0/trappist1e_dlinoss_failure_assessment.md,
215,df331df826427f26e766f6f664b265a819d6c546,2026-06-20T13:40:26-05:00,A,emergent_quantum_geometries/aq_dlinoss_mera_spectral_capacity_test_0/.gitignore,
215,df331df826427f26e766f6f664b265a819d6c546,2026-06-20T13:40:26-05:00,A,emergent_quantum_geometries/aq_dlinoss_mera_spectral_capacity_test_0/README.md,
215,df331df826427f26e766f6f664b265a819d6c546,2026-06-20T13:40:26-05:00,A,emergent_quantum_geometries/aq_dlinoss_mera_spectral_capacity_test_0/launch_shotgun.ps1,
215,df331df826427f26e766f6f664b265a819d6c546,2026-06-20T13:40:26-05:00,A,emergent_quantum_geometries/aq_dlinoss_mera_spectral_capacity_test_0/models.py,
215,df331df826427f26e766f6f664b265a819d6c546,2026-06-20T13:40:26-05:00,A,emergent_quantum_geometries/aq_dlinoss_mera_spectral_capacity_test_0/results/glimpse17775_data_availability_0.json,
215,df331df826427f26e766f6f664b265a819d6c546,2026-06-20T13:40:26-05:00,A,emergent_quantum_geometries/aq_dlinoss_mera_spectral_capacity_test_0/run_capacity.py,
215,df331df826427f26e766f6f664b265a819d6c546,2026-06-20T13:40:26-05:00,A,emergent_quantum_geometries/aq_dlinoss_mera_spectral_capacity_test_0/run_tpu.sh,
216,8e272006d367247ba859aafd988f1bf9189e42a7,2026-06-20T13:42:11-05:00,M,emergent_quantum_geometries/aq_dlinoss_mera_spectral_capacity_test_0/launch_shotgun.ps1,
217,158bb4ed397fde08fe56f9e8b4c69000cab000d0,2026-06-20T14:34:38-05:00,M,emergent_quantum_geometries/aq_dlinoss_mera_spectral_capacity_test_0/README.md,
217,158bb4ed397fde08fe56f9e8b4c69000cab000d0,2026-06-20T14:34:38-05:00,A,emergent_quantum_geometries/aq_dlinoss_mera_spectral_capacity_test_0/results/mera_spectral_capacity_test_0_tpu.json,
218,88adba7b327919de8a61184fb149e98b923d6854,2026-06-20T14:46:16-05:00,M,emergent_quantum_geometries/aq_dlinoss_mera_spectral_capacity_test_0/README.md,
218,88adba7b327919de8a61184fb149e98b923d6854,2026-06-20T14:46:16-05:00,M,emergent_quantum_geometries/aq_dlinoss_mera_spectral_capacity_test_0/launch_shotgun.ps1,
218,88adba7b327919de8a61184fb149e98b923d6854,2026-06-20T14:46:16-05:00,M,emergent_quantum_geometries/aq_dlinoss_mera_spectral_capacity_test_0/models.py,
218,88adba7b327919de8a61184fb149e98b923d6854,2026-06-20T14:46:16-05:00,M,emergent_quantum_geometries/aq_dlinoss_mera_spectral_capacity_test_0/run_capacity.py,
218,88adba7b327919de8a61184fb149e98b923d6854,2026-06-20T14:46:16-05:00,M,emergent_quantum_geometries/aq_dlinoss_mera_spectral_capacity_test_0/run_tpu.sh,
