status,path,kind,bytes,mtime_epoch
??,[TRC] You have access to free Cloud TPUs.eml,other,31806,1779473265
??,aq_temporal_gauge_0b_calibrated_results.json,result_or_data,24388,1780960729
??,aq_temporal_gauge_0b_live_results.json,result_or_data,24307,1780960535
??,aq_temporal_gauge_0c_gate3_pass_results.json,result_or_data,28534,1780962404
??,aq_temporal_gauge_0c_results.json,result_or_data,27911,1780962244
 M,chronos_time_emission/README.md,documentation,5627,1781498471
??,chronos_time_emission/chronos_mera_strain_0.py,code_or_launcher,16563,1781497817
??,chronos_time_emission/docs/CHRONO_MERA_STRAIN_0_RUN_SPEC_2026-06-15.md,documentation,3686,1781497901
??,chronos_time_emission/results0b_independence_remote/alice_us_chrono0_q.json,result_or_data,307749,1781471146
??,chronos_time_emission/results0b_independence_remote/alice_us_q.json,result_or_data,306715,1781368295
??,chronos_time_emission/results0b_independence_remote/alice_us_rep1_q.json,result_or_data,303257,1781372458
??,chronos_time_emission/results0b_independence_remote/aq_dlinoss_chrono0_0b/aq_dlinoss_chrono0_results.json,result_or_data,2310,1781469593
??,chronos_time_emission/results0b_independence_remote/aq_dlinoss_chrono0_0b/aq_dlinoss_chrono0_summary.md,documentation,443,1781469593
??,chronos_time_emission/results0b_independence_remote/aq_dlinoss_chrono0_rep1/aq_dlinoss_chrono0_results.json,result_or_data,2320,1781469593
??,chronos_time_emission/results0b_independence_remote/aq_dlinoss_chrono0_rep1/aq_dlinoss_chrono0_summary.md,documentation,438,1781469593
??,chronos_time_emission/results0b_independence_remote/bob_eu_chrono0_plus1h_q.json,result_or_data,306995,1781474304
??,chronos_time_emission/results0b_independence_remote/bob_eu_chrono0_q.json,result_or_data,306180,1781471148
??,chronos_time_emission/results0b_independence_remote/bob_eu_q.json,result_or_data,307224,1781369234
??,chronos_time_emission/results0b_independence_remote/bob_eu_rep1_q.json,result_or_data,305983,1781372460
??,chronos_time_emission/results0b_independence_remote/chrono_mera_strain0/chrono0_plus1h_results.json,result_or_data,16119,1781497868
??,chronos_time_emission/results0b_independence_remote/chrono_mera_strain0/chrono0_plus1h_results_compact.json,result_or_data,1338,1781497868
??,chronos_time_emission/results0b_independence_remote/chrono_mera_strain0/chrono0_plus1h_results_summary.md,documentation,451,1781497868
??,chronos_time_emission/results0b_independence_remote/chrono_mera_strain0/chrono0_results.json,result_or_data,16122,1781497842
??,chronos_time_emission/results0b_independence_remote/chrono_mera_strain0/chrono0_results_compact.json,result_or_data,1333,1781497842
??,chronos_time_emission/results0b_independence_remote/chrono_mera_strain0/chrono0_results_summary.md,documentation,451,1781497842
??,chronos_time_emission/results0b_independence_remote/chrono_mera_strain0/rep1_results.json,result_or_data,16122,1781497868
??,chronos_time_emission/results0b_independence_remote/chrono_mera_strain0/rep1_results_compact.json,result_or_data,1326,1781497868
??,chronos_time_emission/results0b_independence_remote/chrono_mera_strain0/rep1_results_summary.md,documentation,451,1781497868
??,compute_O.py,code_or_launcher,342,1779373576
??,emergent_quantum_geometries.zip,other,97783981,1779407687
??,emergent_quantum_geometries/AQ_TRAPPIST1E_DLINOSS_STELLAR_STATE_RESIDUAL_0_CODEX_INSTRUCTIONS.md,documentation,23771,1781820277
??,emergent_quantum_geometries/PROGRAM_AN_NOTES.md,documentation,3953,1779773107
 M,emergent_quantum_geometries/aq_dlinoss_mera_spectral_capacity_test_0/README.md,documentation,3919,1781994404
??,emergent_quantum_geometries/aq_dlinoss_mera_spectral_capacity_test_0/results/lrd_clock_data_audit_0.json,result_or_data,1810,1781994405
??,emergent_quantum_geometries/aq_dlinoss_mera_spectral_capacity_test_0/results/mera_spectral_capacity_test_1_tpu.json,result_or_data,25283,1781991924
??,emergent_quantum_geometries/aq_jwst_dlinoss_lrd_channel_damping_0/README.md,documentation,467,1781794895
??,emergent_quantum_geometries/aq_jwst_dlinoss_lrd_channel_damping_0/data/build_channel_shards.py,code_or_launcher,4692,1781795000
??,emergent_quantum_geometries/aq_jwst_dlinoss_lrd_channel_damping_0/results/high_conf_smoke.json,result_or_data,563,1781794982
??,emergent_quantum_geometries/aq_jwst_dlinoss_lrd_channel_damping_0/results/proxy_smoke.json,result_or_data,561,1781794986
??,emergent_quantum_geometries/aq_jwst_dlinoss_lrd_channel_damping_0/results/proxy_smoke2.json,result_or_data,570,1781795048
??,emergent_quantum_geometries/aq_jwst_dlinoss_lrd_channel_damping_0/results/synthetic_gate.json,result_or_data,541,1781794972
??,emergent_quantum_geometries/aq_jwst_dlinoss_lrd_channel_damping_0/results/synthetic_smoke.json,result_or_data,507,1781794910
??,emergent_quantum_geometries/aq_jwst_dlinoss_lrd_channel_damping_0/results/synthetic_smoke20.json,result_or_data,509,1781794918
??,emergent_quantum_geometries/aq_jwst_dlinoss_lrd_channel_damping_0/results/synthetic_tune.json,result_or_data,502,1781794929
??,emergent_quantum_geometries/aq_jwst_dlinoss_lrd_channel_damping_0/scripts/launch_on_ready_tpu.ps1,code_or_launcher,2239,1781795032
??,emergent_quantum_geometries/aq_jwst_dlinoss_lrd_channel_damping_0/scripts/run_tpu_channel_damping_0.sh,code_or_launcher,2230,1781794958
??,emergent_quantum_geometries/aq_jwst_dlinoss_lrd_channel_damping_0/train_channel_damping.py,code_or_launcher,7999,1781795000
??,emergent_quantum_geometries/aq_jwst_dlinoss_lrd_fullspectra_0/README.md,documentation,316,1781803434
??,emergent_quantum_geometries/aq_jwst_dlinoss_lrd_fullspectra_0/data/audit_fullspectra.py,code_or_launcher,1760,1781799807
??,emergent_quantum_geometries/aq_jwst_dlinoss_lrd_fullspectra_0/data/build_fullspectra_shards.py,code_or_launcher,4665,1781803434
??,emergent_quantum_geometries/aq_jwst_dlinoss_lrd_fullspectra_0/data/synthetic_fullspectra_phase.py,code_or_launcher,1149,1781803793
??,emergent_quantum_geometries/aq_jwst_dlinoss_lrd_fullspectra_0/models/availability_adversary.py,code_or_launcher,143,1781799668
??,emergent_quantum_geometries/aq_jwst_dlinoss_lrd_fullspectra_0/models/censored_spectro_losses.py,code_or_launcher,295,1781799668
??,emergent_quantum_geometries/aq_jwst_dlinoss_lrd_fullspectra_0/results/real_nirspec_binned_1d_audit.json,result_or_data,325,1781803507
??,emergent_quantum_geometries/aq_jwst_dlinoss_lrd_fullspectra_0/results/real_nirspec_continuum_only_audit.json,result_or_data,330,1781803508
??,emergent_quantum_geometries/aq_jwst_dlinoss_lrd_fullspectra_0/results/real_nirspec_line_only_audit.json,result_or_data,326,1781803510
??,emergent_quantum_geometries/aq_jwst_dlinoss_lrd_fullspectra_0/results/real_nirspec_line_profiles_audit.json,result_or_data,314,1781803511
??,emergent_quantum_geometries/aq_jwst_dlinoss_lrd_fullspectra_0/results/real_smoke.json,result_or_data,550,1781803534
??,emergent_quantum_geometries/aq_jwst_dlinoss_lrd_fullspectra_0/results/synthetic_gate.json,result_or_data,563,1781803529
??,emergent_quantum_geometries/aq_jwst_dlinoss_lrd_fullspectra_0/results/synthetic_gate10.json,result_or_data,606,1781803893
??,emergent_quantum_geometries/aq_jwst_dlinoss_lrd_fullspectra_0/results/synthetic_gate2.json,result_or_data,559,1781803560
??,emergent_quantum_geometries/aq_jwst_dlinoss_lrd_fullspectra_0/results/synthetic_gate3.json,result_or_data,561,1781803584
??,emergent_quantum_geometries/aq_jwst_dlinoss_lrd_fullspectra_0/results/synthetic_gate4.json,result_or_data,559,1781803616
??,emergent_quantum_geometries/aq_jwst_dlinoss_lrd_fullspectra_0/results/synthetic_gate5.json,result_or_data,557,1781803664
??,emergent_quantum_geometries/aq_jwst_dlinoss_lrd_fullspectra_0/results/synthetic_gate6.json,result_or_data,557,1781803695
??,emergent_quantum_geometries/aq_jwst_dlinoss_lrd_fullspectra_0/results/synthetic_gate7.json,result_or_data,558,1781803726
??,emergent_quantum_geometries/aq_jwst_dlinoss_lrd_fullspectra_0/results/synthetic_gate8.json,result_or_data,556,1781803768
??,emergent_quantum_geometries/aq_jwst_dlinoss_lrd_fullspectra_0/results/synthetic_gate9.json,result_or_data,556,1781803827
??,emergent_quantum_geometries/aq_jwst_dlinoss_lrd_fullspectra_0/results/synthetic_perm.json,result_or_data,564,1781803623
??,emergent_quantum_geometries/aq_jwst_dlinoss_lrd_fullspectra_0/results/synthetic_perm10.json,result_or_data,611,1781803901
??,emergent_quantum_geometries/aq_jwst_dlinoss_lrd_fullspectra_0/results/synthetic_perm5.json,result_or_data,558,1781803672
??,emergent_quantum_geometries/aq_jwst_dlinoss_lrd_fullspectra_0/results/synthetic_perm6.json,result_or_data,560,1781803703
??,emergent_quantum_geometries/aq_jwst_dlinoss_lrd_fullspectra_0/results/synthetic_perm7.json,result_or_data,560,1781803734
??,emergent_quantum_geometries/aq_jwst_dlinoss_lrd_fullspectra_0/results/synthetic_perm8.json,result_or_data,562,1781803776
??,emergent_quantum_geometries/aq_jwst_dlinoss_lrd_fullspectra_0/results/synthetic_perm9.json,result_or_data,558,1781803836
??,emergent_quantum_geometries/aq_jwst_dlinoss_lrd_fullspectra_0/results/synthetic_tune.json,result_or_data,558,1781803641
??,emergent_quantum_geometries/aq_jwst_dlinoss_lrd_fullspectra_0/scripts/launch_on_ready_tpu.ps1,code_or_launcher,1694,1781803949
??,emergent_quantum_geometries/aq_jwst_dlinoss_lrd_fullspectra_0/scripts/run_tpu_fullspectra_0.sh,code_or_launcher,3058,1781803949
??,emergent_quantum_geometries/aq_jwst_dlinoss_lrd_fullspectra_0/scripts/run_tpu_fullspectra_shotgun.ps1,code_or_launcher,8163,1781805428
??,emergent_quantum_geometries/aq_jwst_dlinoss_lrd_fullspectra_0/tests/test_censored_loss.py,code_or_launcher,247,1781799668
??,emergent_quantum_geometries/aq_jwst_dlinoss_lrd_fullspectra_0/tests/test_no_availability_inputs.py,code_or_launcher,424,1781799668
??,emergent_quantum_geometries/aq_jwst_dlinoss_lrd_fullspectra_0/train_fullspectra.py,code_or_launcher,6558,1781803949
??,emergent_quantum_geometries/aq_jwst_dlinoss_lrd_inverse_bhstar_0/BRANCH_CLOSEOUT.md,documentation,2486,1781812905
??,emergent_quantum_geometries/aq_jwst_dlinoss_lrd_inverse_bhstar_0/results/calibration_smoke.json,result_or_data,2568,1781809022
??,emergent_quantum_geometries/aq_jwst_dlinoss_lrd_inverse_bhstar_0/results/empirical_anchor_0_summary.json,result_or_data,2402,1781811768
??,emergent_quantum_geometries/aq_jwst_dlinoss_lrd_inverse_bhstar_0/results/empirical_anchor_smoke.json,result_or_data,2224,1781811631
??,emergent_quantum_geometries/aq_jwst_dlinoss_lrd_inverse_bhstar_0/results/empirical_anchor_smoke_t04.json,result_or_data,2209,1781811642
??,emergent_quantum_geometries/aq_jwst_dlinoss_lrd_inverse_bhstar_0/results/empirical_mixture_1_summary.json,result_or_data,2722,1781812088
??,emergent_quantum_geometries/aq_jwst_dlinoss_lrd_inverse_bhstar_0/results/empirical_mixture_smoke.json,result_or_data,2696,1781811907
??,emergent_quantum_geometries/aq_jwst_dlinoss_lrd_inverse_bhstar_0/results/empirical_mixture_smoke_k5.json,result_or_data,2557,1781811954
??,emergent_quantum_geometries/aq_jwst_dlinoss_lrd_inverse_bhstar_0/results/empirical_mixture_smoke_k5_t08.json,result_or_data,2542,1781811965
??,emergent_quantum_geometries/aq_jwst_dlinoss_lrd_inverse_bhstar_0/results/forwardlib_calibration_0_summary.json,result_or_data,3296,1781810359
??,emergent_quantum_geometries/aq_jwst_dlinoss_lrd_inverse_bhstar_0/results/forwardlib_debias_1_summary.json,result_or_data,3454,1781810747
??,emergent_quantum_geometries/aq_jwst_dlinoss_lrd_inverse_bhstar_0/results/forwardlib_debias_smoke.json,result_or_data,3276,1781810606
??,emergent_quantum_geometries/aq_jwst_dlinoss_lrd_inverse_bhstar_0/results/forwardlib_pareto_3_summary.json,result_or_data,12480,1781811465
??,emergent_quantum_geometries/aq_jwst_dlinoss_lrd_inverse_bhstar_0/results/forwardlib_pareto_smoke.json,result_or_data,2346,1781811275
??,emergent_quantum_geometries/aq_jwst_dlinoss_lrd_inverse_bhstar_0/results/forwardlib_smoke.json,result_or_data,3160,1781810229
??,emergent_quantum_geometries/aq_jwst_dlinoss_lrd_inverse_bhstar_0/results/forwardlib_zdebias_2_summary.json,result_or_data,4913,1781811050
??,emergent_quantum_geometries/aq_jwst_dlinoss_lrd_inverse_bhstar_0/results/forwardlib_zdebias_smoke.json,result_or_data,4831,1781810902
??,emergent_quantum_geometries/aq_jwst_dlinoss_lrd_inverse_bhstar_0/results/inverse_bhstar_0_summary.json,result_or_data,2484,1781808496
??,emergent_quantum_geometries/aq_jwst_dlinoss_lrd_inverse_bhstar_0/results/inverse_calibration_1_summary.json,result_or_data,2704,1781809141
??,emergent_quantum_geometries/aq_jwst_dlinoss_lrd_inverse_bhstar_0/results/smoke.json,result_or_data,2355,1781808313
??,emergent_quantum_geometries/aq_jwst_dlinoss_lrd_inverse_bhstar_0/results/unknown_cluster_0_summary.json,result_or_data,2639,1781809823
??,emergent_quantum_geometries/aq_jwst_dlinoss_lrd_inverse_bhstar_0/results/unknown_cluster_smoke.json,result_or_data,2467,1781809713
??,emergent_quantum_geometries/aq_jwst_dlinoss_lrd_inverse_bhstar_0/scripts/run_tpu_empirical_anchor_0.sh,code_or_launcher,309,1781811649
??,emergent_quantum_geometries/aq_jwst_dlinoss_lrd_inverse_bhstar_0/scripts/run_tpu_empirical_mixture_1.sh,code_or_launcher,347,1781811973
??,emergent_quantum_geometries/aq_jwst_dlinoss_lrd_inverse_bhstar_0/scripts/run_tpu_forwardlib_calibration_0.sh,code_or_launcher,351,1781810237
??,emergent_quantum_geometries/aq_jwst_dlinoss_lrd_inverse_bhstar_0/scripts/run_tpu_forwardlib_debias_1.sh,code_or_launcher,366,1781810613
??,emergent_quantum_geometries/aq_jwst_dlinoss_lrd_inverse_bhstar_0/scripts/run_tpu_forwardlib_pareto_3.sh,code_or_launcher,487,1781811284
??,emergent_quantum_geometries/aq_jwst_dlinoss_lrd_inverse_bhstar_0/scripts/run_tpu_forwardlib_zdebias_2.sh,code_or_launcher,402,1781810910
??,emergent_quantum_geometries/aq_jwst_dlinoss_lrd_inverse_bhstar_0/scripts/run_tpu_inverse_bhstar_0.sh,code_or_launcher,335,1781808324
??,emergent_quantum_geometries/aq_jwst_dlinoss_lrd_inverse_bhstar_0/scripts/run_tpu_inverse_calibration_1.sh,code_or_launcher,345,1781809029
??,emergent_quantum_geometries/aq_jwst_dlinoss_lrd_inverse_bhstar_0/scripts/run_tpu_unknown_cluster_0.sh,code_or_launcher,294,1781809721
??,emergent_quantum_geometries/aq_jwst_dlinoss_lrd_inverse_bhstar_0/train_empirical_anchor.py,code_or_launcher,9977,1781811619
??,emergent_quantum_geometries/aq_jwst_dlinoss_lrd_inverse_bhstar_0/train_empirical_mixture.py,code_or_launcher,9556,1781811945
??,emergent_quantum_geometries/aq_jwst_dlinoss_lrd_inverse_bhstar_0/train_forwardlib_calibration.py,code_or_launcher,9723,1781810219
??,emergent_quantum_geometries/aq_jwst_dlinoss_lrd_inverse_bhstar_0/train_forwardlib_debias.py,code_or_launcher,13274,1781810593
??,emergent_quantum_geometries/aq_jwst_dlinoss_lrd_inverse_bhstar_0/train_forwardlib_pareto.py,code_or_launcher,10299,1781811261
??,emergent_quantum_geometries/aq_jwst_dlinoss_lrd_inverse_bhstar_0/train_forwardlib_zdebias.py,code_or_launcher,9141,1781810889
??,emergent_quantum_geometries/aq_jwst_dlinoss_lrd_inverse_bhstar_0/train_inverse_bhstar.py,code_or_launcher,16504,1781808299
??,emergent_quantum_geometries/aq_jwst_dlinoss_lrd_inverse_bhstar_0/train_inverse_calibration.py,code_or_launcher,14294,1781809013
??,emergent_quantum_geometries/aq_jwst_dlinoss_lrd_inverse_bhstar_0/train_unknown_cluster.py,code_or_launcher,8600,1781809705
??,emergent_quantum_geometries/aq_jwst_dlinoss_lrd_lightcone_spectro_0/README.md,documentation,383,1781796803
??,emergent_quantum_geometries/aq_jwst_dlinoss_lrd_lightcone_spectro_0/data/build_lightcone_graphs.py,code_or_launcher,5644,1781796408
??,emergent_quantum_geometries/aq_jwst_dlinoss_lrd_lightcone_spectro_0/data/build_neighbor_shards.py,code_or_launcher,976,1781796570
??,emergent_quantum_geometries/aq_jwst_dlinoss_lrd_lightcone_spectro_0/data/build_spectro_crossmatch.py,code_or_launcher,4362,1781798080
??,emergent_quantum_geometries/aq_jwst_dlinoss_lrd_lightcone_spectro_0/data/external/hlsp_jades_jwst_nirspec_goods-n_gratings-line-fluxes_v1.1_catalog.fits,other,993600,1781795918
??,emergent_quantum_geometries/aq_jwst_dlinoss_lrd_lightcone_spectro_0/data/external/hlsp_jades_jwst_nirspec_goods-n_prism-line-fluxes_v1.1_catalog.fits,other,1134720,1781795918
??,emergent_quantum_geometries/aq_jwst_dlinoss_lrd_lightcone_spectro_0/data/external/hlsp_jades_jwst_nirspec_goods-s_gratings-line-fluxes_v1.1_catalog.fits,other,1586880,1781795919
??,emergent_quantum_geometries/aq_jwst_dlinoss_lrd_lightcone_spectro_0/data/external/hlsp_jades_jwst_nirspec_goods-s_prism-line-fluxes_v1.1_catalog.fits,other,1805760,1781795921
??,emergent_quantum_geometries/aq_jwst_dlinoss_lrd_lightcone_spectro_0/data/synthetic_lightcone_injection.py,code_or_launcher,1442,1781796598
??,emergent_quantum_geometries/aq_jwst_dlinoss_lrd_lightcone_spectro_0/models/graph_dlinoss_operator.py,code_or_launcher,1271,1781796570
??,emergent_quantum_geometries/aq_jwst_dlinoss_lrd_lightcone_spectro_0/models/time_evolution_dampers.py,code_or_launcher,425,1781796570
??,emergent_quantum_geometries/aq_jwst_dlinoss_lrd_lightcone_spectro_0/results/lightcone_smoke.json,result_or_data,540,1781796734
??,emergent_quantum_geometries/aq_jwst_dlinoss_lrd_lightcone_spectro_0/results/spectro_mask.json,result_or_data,558,1781796731
??,emergent_quantum_geometries/aq_jwst_dlinoss_lrd_lightcone_spectro_0/results/spectro_redshift.json,result_or_data,554,1781796727
??,emergent_quantum_geometries/aq_jwst_dlinoss_lrd_lightcone_spectro_0/results/spectro_smoke.json,result_or_data,551,1781796712
??,emergent_quantum_geometries/aq_jwst_dlinoss_lrd_lightcone_spectro_0/results/synthetic_graph_gate.json,result_or_data,542,1781796606
??,emergent_quantum_geometries/aq_jwst_dlinoss_lrd_lightcone_spectro_0/results/synthetic_graph_smoke.json,result_or_data,544,1781796587
??,emergent_quantum_geometries/aq_jwst_dlinoss_lrd_lightcone_spectro_0/results/synthetic_redshift.json,result_or_data,541,1781796616
??,emergent_quantum_geometries/aq_jwst_dlinoss_lrd_lightcone_spectro_0/results/synthetic_redshift2.json,result_or_data,540,1781796653
??,emergent_quantum_geometries/aq_jwst_dlinoss_lrd_lightcone_spectro_0/results/synthetic_spatial.json,result_or_data,541,1781796619
??,emergent_quantum_geometries/aq_jwst_dlinoss_lrd_lightcone_spectro_0/results/synthetic_spatial2.json,result_or_data,543,1781796656
??,emergent_quantum_geometries/aq_jwst_dlinoss_lrd_lightcone_spectro_0/sample_x1d.fits,other,25920,1781798056
??,emergent_quantum_geometries/aq_jwst_dlinoss_lrd_lightcone_spectro_0/scripts/launch_on_ready_tpu.ps1,code_or_launcher,1899,1781796803
??,emergent_quantum_geometries/aq_jwst_dlinoss_lrd_lightcone_spectro_0/scripts/run_tpu_lightcone_spectro_0.sh,code_or_launcher,5512,1781796803
??,emergent_quantum_geometries/aq_jwst_dlinoss_lrd_lightcone_spectro_0/tests/test_lightcone_controls.py,code_or_launcher,381,1781796698
??,emergent_quantum_geometries/aq_jwst_dlinoss_lrd_lightcone_spectro_0/tests/test_spectro_crossmatch.py,code_or_launcher,230,1781796698
??,emergent_quantum_geometries/aq_jwst_dlinoss_lrd_lightcone_spectro_0/train_graph_dlinoss.py,code_or_launcher,4987,1781796641
??,emergent_quantum_geometries/aq_jwst_dlinoss_lrd_lightcone_spectro_0/train_spectro_dlinoss.py,code_or_launcher,5028,1781796698
??,emergent_quantum_geometries/aq_jwst_dlinoss_lrd_optime_0/.gitignore,other,184,1781758746
??,emergent_quantum_geometries/aq_jwst_dlinoss_lrd_optime_0/AQ-JWST-DLINOSS-LRD-OPTIME-0_BASELINE_LEAKAGE_AUDIT.md,documentation,2205,1781788902
??,emergent_quantum_geometries/aq_jwst_dlinoss_lrd_optime_0/AQ-JWST-DLINOSS-LRD-OPTIME-0_PROMOTION_CANDIDATE_NOERR_0_NEGATIVE_CONTROL.md,documentation,2559,1781792964
??,emergent_quantum_geometries/aq_jwst_dlinoss_lrd_optime_0/IMPLEMENTATION_PLAN.md,documentation,16120,1781758958
??,emergent_quantum_geometries/aq_jwst_dlinoss_lrd_optime_0/LAUNCH_MEMO_2026-06-18.md,documentation,5459,1781788902
??,emergent_quantum_geometries/aq_jwst_dlinoss_lrd_optime_0/README.md,documentation,4384,1781790688
??,emergent_quantum_geometries/aq_jwst_dlinoss_lrd_optime_0/configs/__init__.py,code_or_launcher,63,1781759036
??,emergent_quantum_geometries/aq_jwst_dlinoss_lrd_optime_0/configs/mvp_jades.yaml,configuration,2409,1781789151
??,emergent_quantum_geometries/aq_jwst_dlinoss_lrd_optime_0/configs/schema.py,code_or_launcher,1045,1781788021
??,emergent_quantum_geometries/aq_jwst_dlinoss_lrd_optime_0/data/__init__.py,code_or_launcher,55,1781759036
??,emergent_quantum_geometries/aq_jwst_dlinoss_lrd_optime_0/data/build_lrd_candidates.py,code_or_launcher,8560,1781759650
??,emergent_quantum_geometries/aq_jwst_dlinoss_lrd_optime_0/data/build_matched_controls.py,code_or_launcher,13815,1781788606
??,emergent_quantum_geometries/aq_jwst_dlinoss_lrd_optime_0/data/build_time_bins.py,code_or_launcher,864,1781758841
??,emergent_quantum_geometries/aq_jwst_dlinoss_lrd_optime_0/data/catalog_schema.py,code_or_launcher,2542,1781758746
??,emergent_quantum_geometries/aq_jwst_dlinoss_lrd_optime_0/data/fetch_jades_catalog.py,code_or_launcher,5839,1781759225
??,emergent_quantum_geometries/aq_jwst_dlinoss_lrd_optime_0/data/filters_jades.py,code_or_launcher,2137,1781758746
??,emergent_quantum_geometries/aq_jwst_dlinoss_lrd_optime_0/data/make_npz_shards.py,code_or_launcher,5885,1781790974
??,emergent_quantum_geometries/aq_jwst_dlinoss_lrd_optime_0/data/synthetic_injection.py,code_or_launcher,2618,1781760314
??,emergent_quantum_geometries/aq_jwst_dlinoss_lrd_optime_0/data/validate_catalog.py,code_or_launcher,1247,1781758746
??,emergent_quantum_geometries/aq_jwst_dlinoss_lrd_optime_0/eval/__init__.py,code_or_launcher,58,1781759036
??,emergent_quantum_geometries/aq_jwst_dlinoss_lrd_optime_0/eval/eval_ablations.py,code_or_launcher,1100,1781758891
??,emergent_quantum_geometries/aq_jwst_dlinoss_lrd_optime_0/eval/eval_group_split_audit.py,code_or_launcher,1600,1781790939
??,emergent_quantum_geometries/aq_jwst_dlinoss_lrd_optime_0/eval/eval_label_leakage.py,code_or_launcher,3016,1781790939
??,emergent_quantum_geometries/aq_jwst_dlinoss_lrd_optime_0/eval/eval_match_balance.py,code_or_launcher,2012,1781758746
??,emergent_quantum_geometries/aq_jwst_dlinoss_lrd_optime_0/eval/eval_operator_divergence.py,code_or_launcher,1329,1781759983
??,emergent_quantum_geometries/aq_jwst_dlinoss_lrd_optime_0/eval/eval_phase_density.py,code_or_launcher,852,1781758891
??,emergent_quantum_geometries/aq_jwst_dlinoss_lrd_optime_0/eval/eval_promotion_gate.py,code_or_launcher,2191,1781788094
??,emergent_quantum_geometries/aq_jwst_dlinoss_lrd_optime_0/eval/eval_synthetic_recovery.py,code_or_launcher,1889,1781758746
??,emergent_quantum_geometries/aq_jwst_dlinoss_lrd_optime_0/eval/eval_time_recoverability.py,code_or_launcher,1082,1781758891
??,emergent_quantum_geometries/aq_jwst_dlinoss_lrd_optime_0/eval/split_utils.py,code_or_launcher,1321,1781790939
??,emergent_quantum_geometries/aq_jwst_dlinoss_lrd_optime_0/models/__init__.py,code_or_launcher,58,1781759036
??,emergent_quantum_geometries/aq_jwst_dlinoss_lrd_optime_0/models/dlinoss_operator.py,code_or_launcher,1080,1781758841
??,emergent_quantum_geometries/aq_jwst_dlinoss_lrd_optime_0/models/losses.py,code_or_launcher,546,1781758841
??,emergent_quantum_geometries/aq_jwst_dlinoss_lrd_optime_0/models/sed_encoder.py,code_or_launcher,1041,1781788543
??,emergent_quantum_geometries/aq_jwst_dlinoss_lrd_optime_0/results/candidate_table.csv,result_or_data,459457358,1781759690
??,emergent_quantum_geometries/aq_jwst_dlinoss_lrd_optime_0/results/control_ablation_table.csv,result_or_data,1296,1781759993
??,emergent_quantum_geometries/aq_jwst_dlinoss_lrd_optime_0/results/label_leakage.json,result_or_data,206,1781759956
??,emergent_quantum_geometries/aq_jwst_dlinoss_lrd_optime_0/results/label_leakage_brutal_flux_only.json,result_or_data,165,1781791278
??,emergent_quantum_geometries/aq_jwst_dlinoss_lrd_optime_0/results/label_leakage_error_balanced.json,result_or_data,242,1781791279
??,emergent_quantum_geometries/aq_jwst_dlinoss_lrd_optime_0/results/label_leakage_nomask.json,result_or_data,225,1781791274
??,emergent_quantum_geometries/aq_jwst_dlinoss_lrd_optime_0/results/label_leakage_nomorph.json,result_or_data,225,1781791272
??,emergent_quantum_geometries/aq_jwst_dlinoss_lrd_optime_0/results/label_leakage_nomorph_nomask.json,result_or_data,210,1781791275
??,emergent_quantum_geometries/aq_jwst_dlinoss_lrd_optime_0/results/label_leakage_nomorph_nomask_noerr.json,result_or_data,195,1781791277
??,emergent_quantum_geometries/aq_jwst_dlinoss_lrd_optime_0/results/label_leakage_strict.json,result_or_data,240,1781791281
??,emergent_quantum_geometries/aq_jwst_dlinoss_lrd_optime_0/results/label_leakage_synthetic.json,result_or_data,204,1781759045
??,emergent_quantum_geometries/aq_jwst_dlinoss_lrd_optime_0/results/match_balance.json,result_or_data,1055,1781759918
??,emergent_quantum_geometries/aq_jwst_dlinoss_lrd_optime_0/results/matched_controls.csv,result_or_data,19412345,1781759906
??,emergent_quantum_geometries/aq_jwst_dlinoss_lrd_optime_0/results/matched_controls_compact.csv,result_or_data,17247295,1781760574
??,emergent_quantum_geometries/aq_jwst_dlinoss_lrd_optime_0/results/matched_controls_error_balanced.csv,result_or_data,780754,1781791268
??,emergent_quantum_geometries/aq_jwst_dlinoss_lrd_optime_0/results/matched_controls_strict.csv,result_or_data,4999407,1781791149
??,emergent_quantum_geometries/aq_jwst_dlinoss_lrd_optime_0/results/operator_divergence.json,result_or_data,225,1781759048
??,emergent_quantum_geometries/aq_jwst_dlinoss_lrd_optime_0/results/operator_divergence_real_smoke.json,result_or_data,187,1781759992
??,emergent_quantum_geometries/aq_jwst_dlinoss_lrd_optime_0/results/operator_divergence_synthetic_prelaunch.json,result_or_data,225,1781760593
??,emergent_quantum_geometries/aq_jwst_dlinoss_lrd_optime_0/results/phase_density_vs_redshift.csv,result_or_data,283,1781759918
??,emergent_quantum_geometries/aq_jwst_dlinoss_lrd_optime_0/results/promotion_gate_strict.json,result_or_data,454,1781791281
??,emergent_quantum_geometries/aq_jwst_dlinoss_lrd_optime_0/results/run_manifest.json,result_or_data,227339,1781759474
??,emergent_quantum_geometries/aq_jwst_dlinoss_lrd_optime_0/results/schema_validation.json,result_or_data,188,1781759940
??,emergent_quantum_geometries/aq_jwst_dlinoss_lrd_optime_0/results/schema_validation_compact.json,result_or_data,195,1781760577
??,emergent_quantum_geometries/aq_jwst_dlinoss_lrd_optime_0/results/schema_validation_error_balanced.json,result_or_data,199,1781791271
??,emergent_quantum_geometries/aq_jwst_dlinoss_lrd_optime_0/results/schema_validation_launch.json,result_or_data,303,1781760576
??,emergent_quantum_geometries/aq_jwst_dlinoss_lrd_optime_0/results/schema_validation_strict.json,result_or_data,782,1781791270
??,emergent_quantum_geometries/aq_jwst_dlinoss_lrd_optime_0/results/schema_validation_synthetic.json,result_or_data,114,1781759044
??,emergent_quantum_geometries/aq_jwst_dlinoss_lrd_optime_0/results/synthetic_recovery.json,result_or_data,72,1781759044
??,emergent_quantum_geometries/aq_jwst_dlinoss_lrd_optime_0/results/temporal_only_0_local_smoke.json,result_or_data,1322,1781792982
??,emergent_quantum_geometries/aq_jwst_dlinoss_lrd_optime_0/results/time_recoverability.json,result_or_data,60,1781759993
??,emergent_quantum_geometries/aq_jwst_dlinoss_lrd_optime_0/results/tpu_summary/tpu_run_summary.json,result_or_data,3431,1781787086
??,emergent_quantum_geometries/aq_jwst_dlinoss_lrd_optime_0/scripts/collect_results.ps1,code_or_launcher,1857,1781789963
??,emergent_quantum_geometries/aq_jwst_dlinoss_lrd_optime_0/scripts/prepare_launch_shards.ps1,code_or_launcher,1470,1781787706
??,emergent_quantum_geometries/aq_jwst_dlinoss_lrd_optime_0/scripts/prepare_next_leakage_gate.ps1,code_or_launcher,4164,1781790974
??,emergent_quantum_geometries/aq_jwst_dlinoss_lrd_optime_0/scripts/reuse_ready_tpu.ps1,code_or_launcher,2614,1781793179
??,emergent_quantum_geometries/aq_jwst_dlinoss_lrd_optime_0/scripts/run_cpu_baseline.ps1,code_or_launcher,870,1781759036
??,emergent_quantum_geometries/aq_jwst_dlinoss_lrd_optime_0/scripts/run_local_audit_noerr.ps1,code_or_launcher,1623,1781791017
??,emergent_quantum_geometries/aq_jwst_dlinoss_lrd_optime_0/scripts/run_tpu_control_calibration_1.sh,code_or_launcher,6129,1781788885
??,emergent_quantum_geometries/aq_jwst_dlinoss_lrd_optime_0/scripts/run_tpu_controls.sh,code_or_launcher,520,1781759036
??,emergent_quantum_geometries/aq_jwst_dlinoss_lrd_optime_0/scripts/run_tpu_launch_sequence.sh,code_or_launcher,4603,1781786132
??,emergent_quantum_geometries/aq_jwst_dlinoss_lrd_optime_0/scripts/run_tpu_optime_shotgun.ps1,code_or_launcher,8331,1781793128
??,emergent_quantum_geometries/aq_jwst_dlinoss_lrd_optime_0/scripts/run_tpu_promotion_candidate_noerr_0.sh,code_or_launcher,4368,1781789151
??,emergent_quantum_geometries/aq_jwst_dlinoss_lrd_optime_0/scripts/run_tpu_temporal_only_0.sh,code_or_launcher,4009,1781792949
??,emergent_quantum_geometries/aq_jwst_dlinoss_lrd_optime_0/scripts/run_tpu_train.sh,code_or_launcher,781,1781759036
??,emergent_quantum_geometries/aq_jwst_dlinoss_lrd_optime_0/scripts/sync_results.sh,code_or_launcher,410,1781786132
??,emergent_quantum_geometries/aq_jwst_dlinoss_lrd_optime_0/tests/conftest.py,code_or_launcher,181,1781758981
??,emergent_quantum_geometries/aq_jwst_dlinoss_lrd_optime_0/tests/test_catalog_schema.py,code_or_launcher,1069,1781758891
??,emergent_quantum_geometries/aq_jwst_dlinoss_lrd_optime_0/tests/test_group_split.py,code_or_launcher,383,1781791017
??,emergent_quantum_geometries/aq_jwst_dlinoss_lrd_optime_0/tests/test_matching_calipers.py,code_or_launcher,309,1781758891
??,emergent_quantum_geometries/aq_jwst_dlinoss_lrd_optime_0/tests/test_no_label_leakage.py,code_or_launcher,191,1781758891
??,emergent_quantum_geometries/aq_jwst_dlinoss_lrd_optime_0/tests/test_rest_wavelength_sort.py,code_or_launcher,230,1781758891
??,emergent_quantum_geometries/aq_jwst_dlinoss_lrd_optime_0/tests/test_shuffle_controls.py,code_or_launcher,233,1781758891
??,emergent_quantum_geometries/aq_jwst_dlinoss_lrd_optime_0/tests/test_synthetic_injection.py,code_or_launcher,287,1781758891
??,emergent_quantum_geometries/aq_jwst_dlinoss_lrd_optime_0/train/__init__.py,code_or_launcher,62,1781759036
??,emergent_quantum_geometries/aq_jwst_dlinoss_lrd_optime_0/train/train_catalog_mvp.py,code_or_launcher,10098,1781790939
??,emergent_quantum_geometries/aq_jwst_dlinoss_lrd_optime_0/train/train_controls.py,code_or_launcher,736,1781758891
??,emergent_quantum_geometries/aq_jwst_dlinoss_lrd_optime_0/train/train_temporal_nextbin.py,code_or_launcher,10338,1781792918
??,emergent_quantum_geometries/aq_jwst_dlinoss_lrd_spectro_censored_0/README.md,documentation,315,1781799668
??,emergent_quantum_geometries/aq_jwst_dlinoss_lrd_spectro_censored_0/data/audit_line_availability.py,code_or_launcher,1760,1781799807
??,emergent_quantum_geometries/aq_jwst_dlinoss_lrd_spectro_censored_0/data/build_censored_shards.py,code_or_launcher,4414,1781801014
??,emergent_quantum_geometries/aq_jwst_dlinoss_lrd_spectro_censored_0/data/synthetic_censored_spectro.py,code_or_launcher,963,1781799703
??,emergent_quantum_geometries/aq_jwst_dlinoss_lrd_spectro_censored_0/models/availability_adversary.py,code_or_launcher,143,1781799668
??,emergent_quantum_geometries/aq_jwst_dlinoss_lrd_spectro_censored_0/models/censored_spectro_losses.py,code_or_launcher,295,1781799668
??,emergent_quantum_geometries/aq_jwst_dlinoss_lrd_spectro_censored_0/results/fixed_gate.json,result_or_data,521,1781799787
??,emergent_quantum_geometries/aq_jwst_dlinoss_lrd_spectro_censored_0/results/fixed_smoke.json,result_or_data,519,1781799769
??,emergent_quantum_geometries/aq_jwst_dlinoss_lrd_spectro_censored_0/results/ratio_gate.json,result_or_data,516,1781799792
??,emergent_quantum_geometries/aq_jwst_dlinoss_lrd_spectro_censored_0/results/spectro_censored_flux_audit.json,result_or_data,325,1781801022
??,emergent_quantum_geometries/aq_jwst_dlinoss_lrd_spectro_censored_0/results/spectro_fixed_lines_audit.json,result_or_data,337,1781801024
??,emergent_quantum_geometries/aq_jwst_dlinoss_lrd_spectro_censored_0/results/spectro_joint_ratios_audit.json,result_or_data,322,1781801026
??,emergent_quantum_geometries/aq_jwst_dlinoss_lrd_spectro_censored_0/results/synthetic_smoke.json,result_or_data,542,1781799763
??,emergent_quantum_geometries/aq_jwst_dlinoss_lrd_spectro_censored_0/scripts/launch_on_ready_tpu.ps1,code_or_launcher,1689,1781799856
??,emergent_quantum_geometries/aq_jwst_dlinoss_lrd_spectro_censored_0/scripts/run_tpu_censored_0.sh,code_or_launcher,3442,1781799862
??,emergent_quantum_geometries/aq_jwst_dlinoss_lrd_spectro_censored_0/tests/test_censored_loss.py,code_or_launcher,247,1781799668
??,emergent_quantum_geometries/aq_jwst_dlinoss_lrd_spectro_censored_0/tests/test_no_availability_inputs.py,code_or_launcher,424,1781799668
??,emergent_quantum_geometries/aq_jwst_dlinoss_lrd_spectro_censored_0/train_censored_spectro.py,code_or_launcher,5841,1781801014
??,emergent_quantum_geometries/aq_jwst_dlinoss_lrd_spectro_linephase_1/README.md,documentation,325,1781798123
??,emergent_quantum_geometries/aq_jwst_dlinoss_lrd_spectro_linephase_1/data/build_linephase_shards.py,code_or_launcher,3991,1781798686
??,emergent_quantum_geometries/aq_jwst_dlinoss_lrd_spectro_linephase_1/data/external/x1d/goods_n_00000033_x1d.fits,other,25920,1781798552
??,emergent_quantum_geometries/aq_jwst_dlinoss_lrd_spectro_linephase_1/data/external/x1d/goods_n_00000058_x1d.fits,other,25920,1781798552
??,emergent_quantum_geometries/aq_jwst_dlinoss_lrd_spectro_linephase_1/data/external/x1d/goods_n_00000095_x1d.fits,other,25920,1781798552
??,emergent_quantum_geometries/aq_jwst_dlinoss_lrd_spectro_linephase_1/data/external/x1d/goods_n_00000110_x1d.fits,other,25920,1781798552
??,emergent_quantum_geometries/aq_jwst_dlinoss_lrd_spectro_linephase_1/data/external/x1d/goods_n_00000113_x1d.fits,other,25920,1781798552
??,emergent_quantum_geometries/aq_jwst_dlinoss_lrd_spectro_linephase_1/data/external/x1d/goods_n_00000146_x1d.fits,other,25920,1781798552
??,emergent_quantum_geometries/aq_jwst_dlinoss_lrd_spectro_linephase_1/data/external/x1d/goods_n_00000265_x1d.fits,other,25920,1781798552
??,emergent_quantum_geometries/aq_jwst_dlinoss_lrd_spectro_linephase_1/data/external/x1d/goods_n_00000604_x1d.fits,other,25920,1781798552
??,emergent_quantum_geometries/aq_jwst_dlinoss_lrd_spectro_linephase_1/data/external/x1d/goods_n_00000606_x1d.fits,other,25920,1781798553
??,emergent_quantum_geometries/aq_jwst_dlinoss_lrd_spectro_linephase_1/data/external/x1d/goods_n_00000607_x1d.fits,other,25920,1781798553
??,emergent_quantum_geometries/aq_jwst_dlinoss_lrd_spectro_linephase_1/data/external/x1d/goods_n_00000619_x1d.fits,other,25920,1781798553
??,emergent_quantum_geometries/aq_jwst_dlinoss_lrd_spectro_linephase_1/data/external/x1d/goods_n_00000634_x1d.fits,other,25920,1781798553
??,emergent_quantum_geometries/aq_jwst_dlinoss_lrd_spectro_linephase_1/data/external/x1d/goods_n_00000643_x1d.fits,other,25920,1781798553
??,emergent_quantum_geometries/aq_jwst_dlinoss_lrd_spectro_linephase_1/data/external/x1d/goods_n_00000666_x1d.fits,other,25920,1781798553
??,emergent_quantum_geometries/aq_jwst_dlinoss_lrd_spectro_linephase_1/data/external/x1d/goods_n_00000721_x1d.fits,other,25920,1781798553
??,emergent_quantum_geometries/aq_jwst_dlinoss_lrd_spectro_linephase_1/data/external/x1d/goods_n_00000755_x1d.fits,other,25920,1781798553
??,emergent_quantum_geometries/aq_jwst_dlinoss_lrd_spectro_linephase_1/data/external/x1d/goods_n_00000758_x1d.fits,other,25920,1781798553
??,emergent_quantum_geometries/aq_jwst_dlinoss_lrd_spectro_linephase_1/data/external/x1d/goods_n_00000761_x1d.fits,other,25920,1781798553
??,emergent_quantum_geometries/aq_jwst_dlinoss_lrd_spectro_linephase_1/data/external/x1d/goods_n_00000772_x1d.fits,other,25920,1781798553
??,emergent_quantum_geometries/aq_jwst_dlinoss_lrd_spectro_linephase_1/data/external/x1d/goods_n_00000777_x1d.fits,other,25920,1781798553
??,emergent_quantum_geometries/aq_jwst_dlinoss_lrd_spectro_linephase_1/data/external/x1d/goods_n_00000795_x1d.fits,other,25920,1781798553
??,emergent_quantum_geometries/aq_jwst_dlinoss_lrd_spectro_linephase_1/data/external/x1d/goods_n_00000804_x1d.fits,other,25920,1781798553
??,emergent_quantum_geometries/aq_jwst_dlinoss_lrd_spectro_linephase_1/data/external/x1d/goods_n_00000834_x1d.fits,other,25920,1781798553
??,emergent_quantum_geometries/aq_jwst_dlinoss_lrd_spectro_linephase_1/data/external/x1d/goods_n_00000853_x1d.fits,other,25920,1781798553
??,emergent_quantum_geometries/aq_jwst_dlinoss_lrd_spectro_linephase_1/data/external/x1d/goods_n_00000873_x1d.fits,other,25920,1781798553
??,emergent_quantum_geometries/aq_jwst_dlinoss_lrd_spectro_linephase_1/data/external/x1d/goods_n_00000896_x1d.fits,other,25920,1781798553
??,emergent_quantum_geometries/aq_jwst_dlinoss_lrd_spectro_linephase_1/data/external/x1d/goods_n_00000901_x1d.fits,other,25920,1781798553
??,emergent_quantum_geometries/aq_jwst_dlinoss_lrd_spectro_linephase_1/data/external/x1d/goods_n_00000902_x1d.fits,other,25920,1781798553
??,emergent_quantum_geometries/aq_jwst_dlinoss_lrd_spectro_linephase_1/data/external/x1d/goods_n_00000903_x1d.fits,other,25920,1781798553
??,emergent_quantum_geometries/aq_jwst_dlinoss_lrd_spectro_linephase_1/data/external/x1d/goods_n_00000910_x1d.fits,other,25920,1781798553
??,emergent_quantum_geometries/aq_jwst_dlinoss_lrd_spectro_linephase_1/data/external/x1d/goods_n_00000917_x1d.fits,other,25920,1781798553
??,emergent_quantum_geometries/aq_jwst_dlinoss_lrd_spectro_linephase_1/data/external/x1d/goods_n_00000920_x1d.fits,other,25920,1781798553
??,emergent_quantum_geometries/aq_jwst_dlinoss_lrd_spectro_linephase_1/data/external/x1d/goods_n_00000926_x1d.fits,other,25920,1781798553
??,emergent_quantum_geometries/aq_jwst_dlinoss_lrd_spectro_linephase_1/data/external/x1d/goods_n_00000930_x1d.fits,other,25920,1781798553
??,emergent_quantum_geometries/aq_jwst_dlinoss_lrd_spectro_linephase_1/data/external/x1d/goods_n_00000940_x1d.fits,other,25920,1781798553
??,emergent_quantum_geometries/aq_jwst_dlinoss_lrd_spectro_linephase_1/data/external/x1d/goods_n_00000944_x1d.fits,other,25920,1781798553
??,emergent_quantum_geometries/aq_jwst_dlinoss_lrd_spectro_linephase_1/data/external/x1d/goods_n_00000946_x1d.fits,other,25920,1781798553
??,emergent_quantum_geometries/aq_jwst_dlinoss_lrd_spectro_linephase_1/data/external/x1d/goods_n_00000950_x1d.fits,other,25920,1781798553
??,emergent_quantum_geometries/aq_jwst_dlinoss_lrd_spectro_linephase_1/data/external/x1d/goods_n_00000954_x1d.fits,other,25920,1781798553
??,emergent_quantum_geometries/aq_jwst_dlinoss_lrd_spectro_linephase_1/data/external/x1d/goods_n_00000956_x1d.fits,other,25920,1781798553
??,emergent_quantum_geometries/aq_jwst_dlinoss_lrd_spectro_linephase_1/data/external/x1d/goods_n_00000964_x1d.fits,other,25920,1781798554
??,emergent_quantum_geometries/aq_jwst_dlinoss_lrd_spectro_linephase_1/data/external/x1d/goods_n_00000967_x1d.fits,other,25920,1781798554
??,emergent_quantum_geometries/aq_jwst_dlinoss_lrd_spectro_linephase_1/data/external/x1d/goods_n_00000971_x1d.fits,other,25920,1781798554
??,emergent_quantum_geometries/aq_jwst_dlinoss_lrd_spectro_linephase_1/data/external/x1d/goods_n_00000978_x1d.fits,other,25920,1781798554
??,emergent_quantum_geometries/aq_jwst_dlinoss_lrd_spectro_linephase_1/data/external/x1d/goods_n_00000988_x1d.fits,other,25920,1781798554
??,emergent_quantum_geometries/aq_jwst_dlinoss_lrd_spectro_linephase_1/data/external/x1d/goods_n_00000993_x1d.fits,other,25920,1781798554
??,emergent_quantum_geometries/aq_jwst_dlinoss_lrd_spectro_linephase_1/data/external/x1d/goods_n_00000998_x1d.fits,other,25920,1781798554
??,emergent_quantum_geometries/aq_jwst_dlinoss_lrd_spectro_linephase_1/data/external/x1d/goods_n_00001003_x1d.fits,other,25920,1781798554
??,emergent_quantum_geometries/aq_jwst_dlinoss_lrd_spectro_linephase_1/data/external/x1d/goods_n_00001023_x1d.fits,other,25920,1781798554
??,emergent_quantum_geometries/aq_jwst_dlinoss_lrd_spectro_linephase_1/data/external/x1d/goods_n_00001025_x1d.fits,other,25920,1781798554
??,emergent_quantum_geometries/aq_jwst_dlinoss_lrd_spectro_linephase_1/data/external/x1d/goods_n_00001026_x1d.fits,other,25920,1781798554
??,emergent_quantum_geometries/aq_jwst_dlinoss_lrd_spectro_linephase_1/data/external/x1d/goods_n_00001044_x1d.fits,other,25920,1781798554
??,emergent_quantum_geometries/aq_jwst_dlinoss_lrd_spectro_linephase_1/data/external/x1d/goods_n_00001048_x1d.fits,other,25920,1781798554
??,emergent_quantum_geometries/aq_jwst_dlinoss_lrd_spectro_linephase_1/data/external/x1d/goods_n_00001051_x1d.fits,other,25920,1781798554
??,emergent_quantum_geometries/aq_jwst_dlinoss_lrd_spectro_linephase_1/data/external/x1d/goods_n_00001054_x1d.fits,other,25920,1781798554
??,emergent_quantum_geometries/aq_jwst_dlinoss_lrd_spectro_linephase_1/data/external/x1d/goods_n_00001065_x1d.fits,other,25920,1781798554
??,emergent_quantum_geometries/aq_jwst_dlinoss_lrd_spectro_linephase_1/data/external/x1d/goods_n_00001066_x1d.fits,other,25920,1781798554
??,emergent_quantum_geometries/aq_jwst_dlinoss_lrd_spectro_linephase_1/data/external/x1d/goods_n_00001069_x1d.fits,other,25920,1781798554
??,emergent_quantum_geometries/aq_jwst_dlinoss_lrd_spectro_linephase_1/data/external/x1d/goods_n_00001075_x1d.fits,other,25920,1781798554
??,emergent_quantum_geometries/aq_jwst_dlinoss_lrd_spectro_linephase_1/data/external/x1d/goods_n_00001076_x1d.fits,other,25920,1781798554
??,emergent_quantum_geometries/aq_jwst_dlinoss_lrd_spectro_linephase_1/data/external/x1d/goods_n_00001083_x1d.fits,other,25920,1781798554
??,emergent_quantum_geometries/aq_jwst_dlinoss_lrd_spectro_linephase_1/data/external/x1d/goods_n_00001093_x1d.fits,other,25920,1781798554
??,emergent_quantum_geometries/aq_jwst_dlinoss_lrd_spectro_linephase_1/data/external/x1d/goods_n_00001103_x1d.fits,other,25920,1781798554
??,emergent_quantum_geometries/aq_jwst_dlinoss_lrd_spectro_linephase_1/data/external/x1d/goods_n_00001104_x1d.fits,other,25920,1781798554
??,emergent_quantum_geometries/aq_jwst_dlinoss_lrd_spectro_linephase_1/data/external/x1d/goods_n_00001109_x1d.fits,other,25920,1781798554
??,emergent_quantum_geometries/aq_jwst_dlinoss_lrd_spectro_linephase_1/data/external/x1d/goods_n_00001110_x1d.fits,other,25920,1781798554
??,emergent_quantum_geometries/aq_jwst_dlinoss_lrd_spectro_linephase_1/data/external/x1d/goods_n_00001121_x1d.fits,other,25920,1781798554
??,emergent_quantum_geometries/aq_jwst_dlinoss_lrd_spectro_linephase_1/data/external/x1d/goods_n_00001129_x1d.fits,other,25920,1781798554
??,emergent_quantum_geometries/aq_jwst_dlinoss_lrd_spectro_linephase_1/data/external/x1d/goods_n_00001130_x1d.fits,other,25920,1781798554
??,emergent_quantum_geometries/aq_jwst_dlinoss_lrd_spectro_linephase_1/data/external/x1d/goods_n_00001137_x1d.fits,other,25920,1781798554
??,emergent_quantum_geometries/aq_jwst_dlinoss_lrd_spectro_linephase_1/data/external/x1d/goods_n_00001139_x1d.fits,other,25920,1781798555
??,emergent_quantum_geometries/aq_jwst_dlinoss_lrd_spectro_linephase_1/data/external/x1d/goods_n_00001148_x1d.fits,other,25920,1781798555
??,emergent_quantum_geometries/aq_jwst_dlinoss_lrd_spectro_linephase_1/data/external/x1d/goods_n_00001151_x1d.fits,other,25920,1781798555
??,emergent_quantum_geometries/aq_jwst_dlinoss_lrd_spectro_linephase_1/data/external/x1d/goods_n_00001157_x1d.fits,other,25920,1781798555
??,emergent_quantum_geometries/aq_jwst_dlinoss_lrd_spectro_linephase_1/data/external/x1d/goods_n_00001161_x1d.fits,other,25920,1781798555
??,emergent_quantum_geometries/aq_jwst_dlinoss_lrd_spectro_linephase_1/data/external/x1d/goods_n_00001165_x1d.fits,other,25920,1781798555
??,emergent_quantum_geometries/aq_jwst_dlinoss_lrd_spectro_linephase_1/data/external/x1d/goods_n_00001166_x1d.fits,other,25920,1781798555
??,emergent_quantum_geometries/aq_jwst_dlinoss_lrd_spectro_linephase_1/data/external/x1d/goods_n_00001167_x1d.fits,other,25920,1781798555
??,emergent_quantum_geometries/aq_jwst_dlinoss_lrd_spectro_linephase_1/data/external/x1d/goods_n_00001205_x1d.fits,other,25920,1781798555
??,emergent_quantum_geometries/aq_jwst_dlinoss_lrd_spectro_linephase_1/data/external/x1d/goods_n_00001208_x1d.fits,other,25920,1781798555
??,emergent_quantum_geometries/aq_jwst_dlinoss_lrd_spectro_linephase_1/data/external/x1d/goods_n_00001223_x1d.fits,other,25920,1781798555
??,emergent_quantum_geometries/aq_jwst_dlinoss_lrd_spectro_linephase_1/data/external/x1d/goods_n_00001233_x1d.fits,other,25920,1781798555
??,emergent_quantum_geometries/aq_jwst_dlinoss_lrd_spectro_linephase_1/data/external/x1d/goods_n_00001237_x1d.fits,other,25920,1781798555
??,emergent_quantum_geometries/aq_jwst_dlinoss_lrd_spectro_linephase_1/data/external/x1d/goods_n_00001240_x1d.fits,other,25920,1781798555
??,emergent_quantum_geometries/aq_jwst_dlinoss_lrd_spectro_linephase_1/data/external/x1d/goods_n_00001254_x1d.fits,other,25920,1781798555
??,emergent_quantum_geometries/aq_jwst_dlinoss_lrd_spectro_linephase_1/data/external/x1d/goods_n_00001560_x1d.fits,other,25920,1781798555
??,emergent_quantum_geometries/aq_jwst_dlinoss_lrd_spectro_linephase_1/data/external/x1d/goods_n_00001580_x1d.fits,other,25920,1781798555
??,emergent_quantum_geometries/aq_jwst_dlinoss_lrd_spectro_linephase_1/data/external/x1d/goods_n_00001583_x1d.fits,other,25920,1781798555
??,emergent_quantum_geometries/aq_jwst_dlinoss_lrd_spectro_linephase_1/data/external/x1d/goods_n_00001594_x1d.fits,other,25920,1781798555
??,emergent_quantum_geometries/aq_jwst_dlinoss_lrd_spectro_linephase_1/data/external/x1d/goods_n_00001617_x1d.fits,other,25920,1781798555
??,emergent_quantum_geometries/aq_jwst_dlinoss_lrd_spectro_linephase_1/data/external/x1d/goods_n_00001625_x1d.fits,other,25920,1781798555
??,emergent_quantum_geometries/aq_jwst_dlinoss_lrd_spectro_linephase_1/data/external/x1d/goods_n_00001655_x1d.fits,other,25920,1781798555
??,emergent_quantum_geometries/aq_jwst_dlinoss_lrd_spectro_linephase_1/data/external/x1d/goods_n_00001673_x1d.fits,other,25920,1781798555
??,emergent_quantum_geometries/aq_jwst_dlinoss_lrd_spectro_linephase_1/data/external/x1d/goods_n_00001674_x1d.fits,other,25920,1781798555
??,emergent_quantum_geometries/aq_jwst_dlinoss_lrd_spectro_linephase_1/data/external/x1d/goods_n_00001702_x1d.fits,other,25920,1781798555
??,emergent_quantum_geometries/aq_jwst_dlinoss_lrd_spectro_linephase_1/data/external/x1d/goods_n_00001716_x1d.fits,other,25920,1781798555
??,emergent_quantum_geometries/aq_jwst_dlinoss_lrd_spectro_linephase_1/data/external/x1d/goods_n_00001882_x1d.fits,other,25920,1781798555
??,emergent_quantum_geometries/aq_jwst_dlinoss_lrd_spectro_linephase_1/data/external/x1d/goods_n_00001893_x1d.fits,other,25920,1781798555
??,emergent_quantum_geometries/aq_jwst_dlinoss_lrd_spectro_linephase_1/data/external/x1d/goods_n_00001899_x1d.fits,other,25920,1781798555
??,emergent_quantum_geometries/aq_jwst_dlinoss_lrd_spectro_linephase_1/data/external/x1d/goods_n_00001924_x1d.fits,other,25920,1781798555
??,emergent_quantum_geometries/aq_jwst_dlinoss_lrd_spectro_linephase_1/data/external/x1d/goods_n_00001926_x1d.fits,other,25920,1781798556
??,emergent_quantum_geometries/aq_jwst_dlinoss_lrd_spectro_linephase_1/data/external/x1d/goods_n_00001927_x1d.fits,other,25920,1781798556
??,emergent_quantum_geometries/aq_jwst_dlinoss_lrd_spectro_linephase_1/data/external/x1d/goods_n_00001931_x1d.fits,other,25920,1781798556
??,emergent_quantum_geometries/aq_jwst_dlinoss_lrd_spectro_linephase_1/data/external/x1d/goods_n_00001936_x1d.fits,other,25920,1781798556
??,emergent_quantum_geometries/aq_jwst_dlinoss_lrd_spectro_linephase_1/data/external/x1d/goods_n_00001940_x1d.fits,other,25920,1781798556
??,emergent_quantum_geometries/aq_jwst_dlinoss_lrd_spectro_linephase_1/data/external/x1d/goods_n_00001948_x1d.fits,other,25920,1781798556
??,emergent_quantum_geometries/aq_jwst_dlinoss_lrd_spectro_linephase_1/data/external/x1d/goods_n_00001949_x1d.fits,other,25920,1781798556
??,emergent_quantum_geometries/aq_jwst_dlinoss_lrd_spectro_linephase_1/data/external/x1d/goods_n_00001961_x1d.fits,other,25920,1781798556
??,emergent_quantum_geometries/aq_jwst_dlinoss_lrd_spectro_linephase_1/data/external/x1d/goods_n_00001966_x1d.fits,other,25920,1781798556
??,emergent_quantum_geometries/aq_jwst_dlinoss_lrd_spectro_linephase_1/data/external/x1d/goods_n_00001967_x1d.fits,other,25920,1781798556
??,emergent_quantum_geometries/aq_jwst_dlinoss_lrd_spectro_linephase_1/data/external/x1d/goods_n_00001972_x1d.fits,other,25920,1781798556
??,emergent_quantum_geometries/aq_jwst_dlinoss_lrd_spectro_linephase_1/data/external/x1d/goods_n_00002000_x1d.fits,other,25920,1781798556
??,emergent_quantum_geometries/aq_jwst_dlinoss_lrd_spectro_linephase_1/data/external/x1d/goods_n_00002113_x1d.fits,other,25920,1781798556
??,emergent_quantum_geometries/aq_jwst_dlinoss_lrd_spectro_linephase_1/data/external/x1d/goods_n_00002275_x1d.fits,other,25920,1781798556
??,emergent_quantum_geometries/aq_jwst_dlinoss_lrd_spectro_linephase_1/data/external/x1d/goods_n_00002316_x1d.fits,other,25920,1781798556
??,emergent_quantum_geometries/aq_jwst_dlinoss_lrd_spectro_linephase_1/data/external/x1d/goods_n_00002331_x1d.fits,other,25920,1781798556
??,emergent_quantum_geometries/aq_jwst_dlinoss_lrd_spectro_linephase_1/data/external/x1d/goods_n_00002347_x1d.fits,other,25920,1781798556
??,emergent_quantum_geometries/aq_jwst_dlinoss_lrd_spectro_linephase_1/data/external/x1d/goods_n_00002360_x1d.fits,other,25920,1781798556
??,emergent_quantum_geometries/aq_jwst_dlinoss_lrd_spectro_linephase_1/data/external/x1d/goods_n_00002389_x1d.fits,other,25920,1781798556
??,emergent_quantum_geometries/aq_jwst_dlinoss_lrd_spectro_linephase_1/data/external/x1d/goods_n_00002472_x1d.fits,other,25920,1781798556
??,emergent_quantum_geometries/aq_jwst_dlinoss_lrd_spectro_linephase_1/data/external/x1d/goods_n_00002707_x1d.fits,other,25920,1781798556
??,emergent_quantum_geometries/aq_jwst_dlinoss_lrd_spectro_linephase_1/data/external/x1d/goods_n_00002837_x1d.fits,other,25920,1781798556
??,emergent_quantum_geometries/aq_jwst_dlinoss_lrd_spectro_linephase_1/data/external/x1d/goods_n_00002845_x1d.fits,other,25920,1781798556
??,emergent_quantum_geometries/aq_jwst_dlinoss_lrd_spectro_linephase_1/data/external/x1d/goods_n_00002859_x1d.fits,other,25920,1781798556
??,emergent_quantum_geometries/aq_jwst_dlinoss_lrd_spectro_linephase_1/data/external/x1d/goods_n_00002864_x1d.fits,other,25920,1781798556
??,emergent_quantum_geometries/aq_jwst_dlinoss_lrd_spectro_linephase_1/data/external/x1d/goods_n_00002868_x1d.fits,other,25920,1781798556
??,emergent_quantum_geometries/aq_jwst_dlinoss_lrd_spectro_linephase_1/data/external/x1d/goods_n_00002887_x1d.fits,other,25920,1781798556
??,emergent_quantum_geometries/aq_jwst_dlinoss_lrd_spectro_linephase_1/data/external/x1d/goods_n_00002890_x1d.fits,other,25920,1781798556
??,emergent_quantum_geometries/aq_jwst_dlinoss_lrd_spectro_linephase_1/data/external/x1d/goods_n_00002910_x1d.fits,other,25920,1781798556
??,emergent_quantum_geometries/aq_jwst_dlinoss_lrd_spectro_linephase_1/data/external/x1d/goods_n_00002916_x1d.fits,other,25920,1781798557
??,emergent_quantum_geometries/aq_jwst_dlinoss_lrd_spectro_linephase_1/data/external/x1d/goods_n_00002934_x1d.fits,other,25920,1781798557
??,emergent_quantum_geometries/aq_jwst_dlinoss_lrd_spectro_linephase_1/data/external/x1d/goods_n_00002945_x1d.fits,other,25920,1781798557
??,emergent_quantum_geometries/aq_jwst_dlinoss_lrd_spectro_linephase_1/data/external/x1d/goods_n_00002999_x1d.fits,other,25920,1781798557
??,emergent_quantum_geometries/aq_jwst_dlinoss_lrd_spectro_linephase_1/data/external/x1d/goods_n_00003008_x1d.fits,other,25920,1781798557
??,emergent_quantum_geometries/aq_jwst_dlinoss_lrd_spectro_linephase_1/data/external/x1d/goods_n_00003012_x1d.fits,other,25920,1781798557
??,emergent_quantum_geometries/aq_jwst_dlinoss_lrd_spectro_linephase_1/data/external/x1d/goods_n_00003120_x1d.fits,other,25920,1781798557
??,emergent_quantum_geometries/aq_jwst_dlinoss_lrd_spectro_linephase_1/data/external/x1d/goods_n_00003451_x1d.fits,other,25920,1781798557
??,emergent_quantum_geometries/aq_jwst_dlinoss_lrd_spectro_linephase_1/data/external/x1d/goods_n_00003509_x1d.fits,other,25920,1781798557
??,emergent_quantum_geometries/aq_jwst_dlinoss_lrd_spectro_linephase_1/data/external/x1d/goods_n_00003562_x1d.fits,other,25920,1781798557
??,emergent_quantum_geometries/aq_jwst_dlinoss_lrd_spectro_linephase_1/data/external/x1d/goods_n_00003577_x1d.fits,other,25920,1781798557
??,emergent_quantum_geometries/aq_jwst_dlinoss_lrd_spectro_linephase_1/data/external/x1d/goods_n_00003602_x1d.fits,other,25920,1781798557
??,emergent_quantum_geometries/aq_jwst_dlinoss_lrd_spectro_linephase_1/data/external/x1d/goods_n_00003608_x1d.fits,other,25920,1781798557
??,emergent_quantum_geometries/aq_jwst_dlinoss_lrd_spectro_linephase_1/data/external/x1d/goods_n_00003610_x1d.fits,other,25920,1781798557
??,emergent_quantum_geometries/aq_jwst_dlinoss_lrd_spectro_linephase_1/data/external/x1d/goods_n_00003613_x1d.fits,other,25920,1781798557
??,emergent_quantum_geometries/aq_jwst_dlinoss_lrd_spectro_linephase_1/data/external/x1d/goods_n_00003683_x1d.fits,other,25920,1781798557
??,emergent_quantum_geometries/aq_jwst_dlinoss_lrd_spectro_linephase_1/data/external/x1d/goods_n_00003690_x1d.fits,other,25920,1781798557
??,emergent_quantum_geometries/aq_jwst_dlinoss_lrd_spectro_linephase_1/data/external/x1d/goods_n_00003973_x1d.fits,other,25920,1781798557
??,emergent_quantum_geometries/aq_jwst_dlinoss_lrd_spectro_linephase_1/data/external/x1d/goods_n_00003982_x1d.fits,other,25920,1781798557
??,emergent_quantum_geometries/aq_jwst_dlinoss_lrd_spectro_linephase_1/data/external/x1d/goods_n_00003991_x1d.fits,other,25920,1781798557
??,emergent_quantum_geometries/aq_jwst_dlinoss_lrd_spectro_linephase_1/data/external/x1d/goods_n_00003998_x1d.fits,other,25920,1781798557
??,emergent_quantum_geometries/aq_jwst_dlinoss_lrd_spectro_linephase_1/data/external/x1d/goods_n_00004065_x1d.fits,other,25920,1781798557
??,emergent_quantum_geometries/aq_jwst_dlinoss_lrd_spectro_linephase_1/data/external/x1d/goods_n_00004122_x1d.fits,other,25920,1781798557
??,emergent_quantum_geometries/aq_jwst_dlinoss_lrd_spectro_linephase_1/data/external/x1d/goods_n_00004216_x1d.fits,other,25920,1781798557
??,emergent_quantum_geometries/aq_jwst_dlinoss_lrd_spectro_linephase_1/data/external/x1d/goods_n_00004379_x1d.fits,other,25920,1781798557
??,emergent_quantum_geometries/aq_jwst_dlinoss_lrd_spectro_linephase_1/data/external/x1d/goods_n_00004504_x1d.fits,other,25920,1781798557
??,emergent_quantum_geometries/aq_jwst_dlinoss_lrd_spectro_linephase_1/data/external/x1d/goods_n_00004530_x1d.fits,other,25920,1781798557
??,emergent_quantum_geometries/aq_jwst_dlinoss_lrd_spectro_linephase_1/data/external/x1d/goods_n_00004545_x1d.fits,other,25920,1781798558
??,emergent_quantum_geometries/aq_jwst_dlinoss_lrd_spectro_linephase_1/data/external/x1d/goods_n_00004550_x1d.fits,other,25920,1781798557
??,emergent_quantum_geometries/aq_jwst_dlinoss_lrd_spectro_linephase_1/data/external/x1d/goods_n_00004685_x1d.fits,other,25920,1781798557
??,emergent_quantum_geometries/aq_jwst_dlinoss_lrd_spectro_linephase_1/data/external/x1d/goods_n_00004687_x1d.fits,other,25920,1781798557
??,emergent_quantum_geometries/aq_jwst_dlinoss_lrd_spectro_linephase_1/data/external/x1d/goods_n_00004867_x1d.fits,other,25920,1781798558
??,emergent_quantum_geometries/aq_jwst_dlinoss_lrd_spectro_linephase_1/data/external/x1d/goods_n_00004982_x1d.fits,other,25920,1781798558
??,emergent_quantum_geometries/aq_jwst_dlinoss_lrd_spectro_linephase_1/data/external/x1d/goods_n_00005047_x1d.fits,other,25920,1781798558
??,emergent_quantum_geometries/aq_jwst_dlinoss_lrd_spectro_linephase_1/data/external/x1d/goods_n_00005088_x1d.fits,other,25920,1781798558
??,emergent_quantum_geometries/aq_jwst_dlinoss_lrd_spectro_linephase_1/data/external/x1d/goods_n_00005400_x1d.fits,other,25920,1781798558
??,emergent_quantum_geometries/aq_jwst_dlinoss_lrd_spectro_linephase_1/data/external/x1d/goods_n_00005591_x1d.fits,other,25920,1781798558
??,emergent_quantum_geometries/aq_jwst_dlinoss_lrd_spectro_linephase_1/data/external/x1d/goods_n_00005670_x1d.fits,other,25920,1781798558
??,emergent_quantum_geometries/aq_jwst_dlinoss_lrd_spectro_linephase_1/data/external/x1d/goods_n_00005776_x1d.fits,other,25920,1781798558
??,emergent_quantum_geometries/aq_jwst_dlinoss_lrd_spectro_linephase_1/data/external/x1d/goods_n_00005888_x1d.fits,other,25920,1781798558
??,emergent_quantum_geometries/aq_jwst_dlinoss_lrd_spectro_linephase_1/data/external/x1d/goods_n_00005981_x1d.fits,other,25920,1781798558
??,emergent_quantum_geometries/aq_jwst_dlinoss_lrd_spectro_linephase_1/data/external/x1d/goods_n_00006020_x1d.fits,other,25920,1781798558
??,emergent_quantum_geometries/aq_jwst_dlinoss_lrd_spectro_linephase_1/data/external/x1d/goods_n_00006189_x1d.fits,other,25920,1781798558
??,emergent_quantum_geometries/aq_jwst_dlinoss_lrd_spectro_linephase_1/data/external/x1d/goods_n_00006476_x1d.fits,other,25920,1781798558
??,emergent_quantum_geometries/aq_jwst_dlinoss_lrd_spectro_linephase_1/data/external/x1d/goods_n_00006617_x1d.fits,other,25920,1781798558
??,emergent_quantum_geometries/aq_jwst_dlinoss_lrd_spectro_linephase_1/data/external/x1d/goods_n_00006690_x1d.fits,other,25920,1781798558
??,emergent_quantum_geometries/aq_jwst_dlinoss_lrd_spectro_linephase_1/data/external/x1d/goods_n_00006759_x1d.fits,other,25920,1781798558
??,emergent_quantum_geometries/aq_jwst_dlinoss_lrd_spectro_linephase_1/data/external/x1d/goods_n_00007351_x1d.fits,other,25920,1781798558
??,emergent_quantum_geometries/aq_jwst_dlinoss_lrd_spectro_linephase_1/data/external/x1d/goods_n_00007424_x1d.fits,other,25920,1781798558
??,emergent_quantum_geometries/aq_jwst_dlinoss_lrd_spectro_linephase_1/data/external/x1d/goods_n_00007488_x1d.fits,other,25920,1781798558
??,emergent_quantum_geometries/aq_jwst_dlinoss_lrd_spectro_linephase_1/data/external/x1d/goods_n_00007604_x1d.fits,other,25920,1781798558
??,emergent_quantum_geometries/aq_jwst_dlinoss_lrd_spectro_linephase_1/data/external/x1d/goods_n_00007675_x1d.fits,other,25920,1781798558
??,emergent_quantum_geometries/aq_jwst_dlinoss_lrd_spectro_linephase_1/data/external/x1d/goods_n_00007732_x1d.fits,other,25920,1781798558
??,emergent_quantum_geometries/aq_jwst_dlinoss_lrd_spectro_linephase_1/data/external/x1d/goods_n_00008239_x1d.fits,other,25920,1781798558
??,emergent_quantum_geometries/aq_jwst_dlinoss_lrd_spectro_linephase_1/data/external/x1d/goods_n_00008299_x1d.fits,other,25920,1781798558
??,emergent_quantum_geometries/aq_jwst_dlinoss_lrd_spectro_linephase_1/data/external/x1d/goods_n_00008403_x1d.fits,other,25920,1781798558
??,emergent_quantum_geometries/aq_jwst_dlinoss_lrd_spectro_linephase_1/data/external/x1d/goods_n_00008534_x1d.fits,other,25920,1781798558
??,emergent_quantum_geometries/aq_jwst_dlinoss_lrd_spectro_linephase_1/data/external/x1d/goods_n_00008541_x1d.fits,other,25920,1781798558
??,emergent_quantum_geometries/aq_jwst_dlinoss_lrd_spectro_linephase_1/data/external/x1d/goods_n_00008591_x1d.fits,other,25920,1781798558
??,emergent_quantum_geometries/aq_jwst_dlinoss_lrd_spectro_linephase_1/data/external/x1d/goods_n_00008803_x1d.fits,other,25920,1781798558
??,emergent_quantum_geometries/aq_jwst_dlinoss_lrd_spectro_linephase_1/data/external/x1d/goods_n_00008823_x1d.fits,other,25920,1781798558
??,emergent_quantum_geometries/aq_jwst_dlinoss_lrd_spectro_linephase_1/data/external/x1d/goods_n_00009104_x1d.fits,other,25920,1781798559
??,emergent_quantum_geometries/aq_jwst_dlinoss_lrd_spectro_linephase_1/data/external/x1d/goods_n_00009902_x1d.fits,other,25920,1781798559
??,emergent_quantum_geometries/aq_jwst_dlinoss_lrd_spectro_linephase_1/data/external/x1d/goods_n_00009982_x1d.fits,other,25920,1781798559
??,emergent_quantum_geometries/aq_jwst_dlinoss_lrd_spectro_linephase_1/data/external/x1d/goods_n_00010197_x1d.fits,other,25920,1781798559
??,emergent_quantum_geometries/aq_jwst_dlinoss_lrd_spectro_linephase_1/data/external/x1d/goods_n_00010806_x1d.fits,other,25920,1781798559
??,emergent_quantum_geometries/aq_jwst_dlinoss_lrd_spectro_linephase_1/data/external/x1d/goods_n_00010886_x1d.fits,other,25920,1781798559
??,emergent_quantum_geometries/aq_jwst_dlinoss_lrd_spectro_linephase_1/data/external/x1d/goods_n_00011108_x1d.fits,other,25920,1781798559
??,emergent_quantum_geometries/aq_jwst_dlinoss_lrd_spectro_linephase_1/data/external/x1d/goods_n_00011223_x1d.fits,other,25920,1781798559
??,emergent_quantum_geometries/aq_jwst_dlinoss_lrd_spectro_linephase_1/data/external/x1d/goods_n_00011481_x1d.fits,other,25920,1781798559
??,emergent_quantum_geometries/aq_jwst_dlinoss_lrd_spectro_linephase_1/data/external/x1d/goods_n_00011836_x1d.fits,other,25920,1781798559
??,emergent_quantum_geometries/aq_jwst_dlinoss_lrd_spectro_linephase_1/data/external/x1d/goods_n_00012067_x1d.fits,other,25920,1781798559
??,emergent_quantum_geometries/aq_jwst_dlinoss_lrd_spectro_linephase_1/data/external/x1d/goods_n_00012359_x1d.fits,other,25920,1781798559
??,emergent_quantum_geometries/aq_jwst_dlinoss_lrd_spectro_linephase_1/data/external/x1d/goods_n_00013041_x1d.fits,other,25920,1781798559
??,emergent_quantum_geometries/aq_jwst_dlinoss_lrd_spectro_linephase_1/data/external/x1d/goods_n_00013376_x1d.fits,other,25920,1781798559
??,emergent_quantum_geometries/aq_jwst_dlinoss_lrd_spectro_linephase_1/data/external/x1d/goods_n_00013410_x1d.fits,other,25920,1781798559
??,emergent_quantum_geometries/aq_jwst_dlinoss_lrd_spectro_linephase_1/data/external/x1d/goods_n_00013643_x1d.fits,other,25920,1781798559
??,emergent_quantum_geometries/aq_jwst_dlinoss_lrd_spectro_linephase_1/data/external/x1d/goods_n_00013823_x1d.fits,other,25920,1781798559
??,emergent_quantum_geometries/aq_jwst_dlinoss_lrd_spectro_linephase_1/data/external/x1d/goods_n_00014285_x1d.fits,other,25920,1781798559
??,emergent_quantum_geometries/aq_jwst_dlinoss_lrd_spectro_linephase_1/data/external/x1d/goods_n_00014373_x1d.fits,other,25920,1781798559
??,emergent_quantum_geometries/aq_jwst_dlinoss_lrd_spectro_linephase_1/data/external/x1d/goods_n_00014475_x1d.fits,other,25920,1781798559
??,emergent_quantum_geometries/aq_jwst_dlinoss_lrd_spectro_linephase_1/data/external/x1d/goods_n_00014928_x1d.fits,other,25920,1781798559
??,emergent_quantum_geometries/aq_jwst_dlinoss_lrd_spectro_linephase_1/data/external/x1d/goods_n_00015049_x1d.fits,other,25920,1781798559
??,emergent_quantum_geometries/aq_jwst_dlinoss_lrd_spectro_linephase_1/data/external/x1d/goods_n_00015127_x1d.fits,other,25920,1781798559
??,emergent_quantum_geometries/aq_jwst_dlinoss_lrd_spectro_linephase_1/data/external/x1d/goods_n_00015529_x1d.fits,other,25920,1781798559
??,emergent_quantum_geometries/aq_jwst_dlinoss_lrd_spectro_linephase_1/data/external/x1d/goods_n_00016125_x1d.fits,other,25920,1781798559
??,emergent_quantum_geometries/aq_jwst_dlinoss_lrd_spectro_linephase_1/data/external/x1d/goods_n_00016553_x1d.fits,other,25920,1781798559
??,emergent_quantum_geometries/aq_jwst_dlinoss_lrd_spectro_linephase_1/data/external/x1d/goods_n_00017004_x1d.fits,other,25920,1781798559
??,emergent_quantum_geometries/aq_jwst_dlinoss_lrd_spectro_linephase_1/data/external/x1d/goods_n_00017006_x1d.fits,other,25920,1781798559
??,emergent_quantum_geometries/aq_jwst_dlinoss_lrd_spectro_linephase_1/data/external/x1d/goods_n_00017722_x1d.fits,other,25920,1781798559
??,emergent_quantum_geometries/aq_jwst_dlinoss_lrd_spectro_linephase_1/data/external/x1d/goods_n_00017858_x1d.fits,other,25920,1781798559
??,emergent_quantum_geometries/aq_jwst_dlinoss_lrd_spectro_linephase_1/data/external/x1d/goods_n_00017997_x1d.fits,other,25920,1781798560
??,emergent_quantum_geometries/aq_jwst_dlinoss_lrd_spectro_linephase_1/data/external/x1d/goods_n_00018473_x1d.fits,other,25920,1781798560
??,emergent_quantum_geometries/aq_jwst_dlinoss_lrd_spectro_linephase_1/data/external/x1d/goods_n_00018533_x1d.fits,other,25920,1781798560
??,emergent_quantum_geometries/aq_jwst_dlinoss_lrd_spectro_linephase_1/data/external/x1d/goods_n_00018536_x1d.fits,other,25920,1781798560
??,emergent_quantum_geometries/aq_jwst_dlinoss_lrd_spectro_linephase_1/data/external/x1d/goods_n_00018644_x1d.fits,other,25920,1781798560
??,emergent_quantum_geometries/aq_jwst_dlinoss_lrd_spectro_linephase_1/data/external/x1d/goods_n_00018679_x1d.fits,other,25920,1781798560
??,emergent_quantum_geometries/aq_jwst_dlinoss_lrd_spectro_linephase_1/data/external/x1d/goods_n_00018969_x1d.fits,other,25920,1781798560
??,emergent_quantum_geometries/aq_jwst_dlinoss_lrd_spectro_linephase_1/data/external/x1d/goods_n_00019027_x1d.fits,other,25920,1781798560
??,emergent_quantum_geometries/aq_jwst_dlinoss_lrd_spectro_linephase_1/data/external/x1d/goods_n_00019715_x1d.fits,other,25920,1781798560
??,emergent_quantum_geometries/aq_jwst_dlinoss_lrd_spectro_linephase_1/data/external/x1d/goods_n_00020163_x1d.fits,other,25920,1781798560
??,emergent_quantum_geometries/aq_jwst_dlinoss_lrd_spectro_linephase_1/data/external/x1d/goods_n_00020185_x1d.fits,other,25920,1781798560
??,emergent_quantum_geometries/aq_jwst_dlinoss_lrd_spectro_linephase_1/data/external/x1d/goods_n_00020621_x1d.fits,other,25920,1781798560
??,emergent_quantum_geometries/aq_jwst_dlinoss_lrd_spectro_linephase_1/data/external/x1d/goods_n_00020652_x1d.fits,other,25920,1781798560
??,emergent_quantum_geometries/aq_jwst_dlinoss_lrd_spectro_linephase_1/data/external/x1d/goods_n_00020695_x1d.fits,other,25920,1781798560
??,emergent_quantum_geometries/aq_jwst_dlinoss_lrd_spectro_linephase_1/data/external/x1d/goods_n_00020775_x1d.fits,other,25920,1781798560
??,emergent_quantum_geometries/aq_jwst_dlinoss_lrd_spectro_linephase_1/data/external/x1d/goods_n_00021086_x1d.fits,other,25920,1781798560
??,emergent_quantum_geometries/aq_jwst_dlinoss_lrd_spectro_linephase_1/data/external/x1d/goods_n_00021158_x1d.fits,other,25920,1781798560
??,emergent_quantum_geometries/aq_jwst_dlinoss_lrd_spectro_linephase_1/data/external/x1d/goods_n_00021222_x1d.fits,other,25920,1781798560
??,emergent_quantum_geometries/aq_jwst_dlinoss_lrd_spectro_linephase_1/data/external/x1d/goods_n_00021226_x1d.fits,other,25920,1781798560
??,emergent_quantum_geometries/aq_jwst_dlinoss_lrd_spectro_linephase_1/data/external/x1d/goods_n_00021327_x1d.fits,other,25920,1781798560
??,emergent_quantum_geometries/aq_jwst_dlinoss_lrd_spectro_linephase_1/data/external/x1d/goods_n_00021408_x1d.fits,other,25920,1781798560
??,emergent_quantum_geometries/aq_jwst_dlinoss_lrd_spectro_linephase_1/data/external/x1d/goods_n_00021432_x1d.fits,other,25920,1781798560
??,emergent_quantum_geometries/aq_jwst_dlinoss_lrd_spectro_linephase_1/data/external/x1d/goods_n_00021449_x1d.fits,other,25920,1781798560
??,emergent_quantum_geometries/aq_jwst_dlinoss_lrd_spectro_linephase_1/data/external/x1d/goods_n_00021630_x1d.fits,other,25920,1781798560
??,emergent_quantum_geometries/aq_jwst_dlinoss_lrd_spectro_linephase_1/data/external/x1d/goods_n_00021642_x1d.fits,other,25920,1781798560
??,emergent_quantum_geometries/aq_jwst_dlinoss_lrd_spectro_linephase_1/data/external/x1d/goods_n_00021684_x1d.fits,other,25920,1781798560
??,emergent_quantum_geometries/aq_jwst_dlinoss_lrd_spectro_linephase_1/data/external/x1d/goods_n_00021696_x1d.fits,other,25920,1781798560
??,emergent_quantum_geometries/aq_jwst_dlinoss_lrd_spectro_linephase_1/data/external/x1d/goods_n_00021747_x1d.fits,other,25920,1781798560
??,emergent_quantum_geometries/aq_jwst_dlinoss_lrd_spectro_linephase_1/data/external/x1d/goods_n_00021768_x1d.fits,other,25920,1781798560
??,emergent_quantum_geometries/aq_jwst_dlinoss_lrd_spectro_linephase_1/data/external/x1d/goods_n_00021784_x1d.fits,other,25920,1781798560
??,emergent_quantum_geometries/aq_jwst_dlinoss_lrd_spectro_linephase_1/data/external/x1d/goods_n_00021814_x1d.fits,other,25920,1781798560
??,emergent_quantum_geometries/aq_jwst_dlinoss_lrd_spectro_linephase_1/data/external/x1d/goods_n_00021823_x1d.fits,other,25920,1781798560
??,emergent_quantum_geometries/aq_jwst_dlinoss_lrd_spectro_linephase_1/data/external/x1d/goods_n_00021868_x1d.fits,other,25920,1781798560
??,emergent_quantum_geometries/aq_jwst_dlinoss_lrd_spectro_linephase_1/data/external/x1d/goods_n_00021916_x1d.fits,other,25920,1781798561
??,emergent_quantum_geometries/aq_jwst_dlinoss_lrd_spectro_linephase_1/data/external/x1d/goods_n_00021942_x1d.fits,other,25920,1781798561
??,emergent_quantum_geometries/aq_jwst_dlinoss_lrd_spectro_linephase_1/data/external/x1d/goods_n_00021988_x1d.fits,other,25920,1781798561
??,emergent_quantum_geometries/aq_jwst_dlinoss_lrd_spectro_linephase_1/data/external/x1d/goods_n_00022028_x1d.fits,other,25920,1781798561
??,emergent_quantum_geometries/aq_jwst_dlinoss_lrd_spectro_linephase_1/data/external/x1d/goods_n_00022043_x1d.fits,other,25920,1781798561
??,emergent_quantum_geometries/aq_jwst_dlinoss_lrd_spectro_linephase_1/data/external/x1d/goods_n_00022266_x1d.fits,other,25920,1781798561
??,emergent_quantum_geometries/aq_jwst_dlinoss_lrd_spectro_linephase_1/data/external/x1d/goods_n_00022279_x1d.fits,other,25920,1781798561
??,emergent_quantum_geometries/aq_jwst_dlinoss_lrd_spectro_linephase_1/data/external/x1d/goods_n_00022311_x1d.fits,other,25920,1781798561
??,emergent_quantum_geometries/aq_jwst_dlinoss_lrd_spectro_linephase_1/data/external/x1d/goods_n_00022411_x1d.fits,other,25920,1781798561
??,emergent_quantum_geometries/aq_jwst_dlinoss_lrd_spectro_linephase_1/data/external/x1d/goods_n_00022456_x1d.fits,other,25920,1781798561
??,emergent_quantum_geometries/aq_jwst_dlinoss_lrd_spectro_linephase_1/data/external/x1d/goods_n_00022468_x1d.fits,other,25920,1781798561
??,emergent_quantum_geometries/aq_jwst_dlinoss_lrd_spectro_linephase_1/data/external/x1d/goods_n_00022481_x1d.fits,other,25920,1781798561
??,emergent_quantum_geometries/aq_jwst_dlinoss_lrd_spectro_linephase_1/data/external/x1d/goods_n_00022509_x1d.fits,other,25920,1781798561
??,emergent_quantum_geometries/aq_jwst_dlinoss_lrd_spectro_linephase_1/data/external/x1d/goods_n_00022517_x1d.fits,other,25920,1781798561
??,emergent_quantum_geometries/aq_jwst_dlinoss_lrd_spectro_linephase_1/data/external/x1d/goods_n_00022685_x1d.fits,other,25920,1781798561
??,emergent_quantum_geometries/aq_jwst_dlinoss_lrd_spectro_linephase_1/data/external/x1d/goods_n_00022737_x1d.fits,other,25920,1781798561
??,emergent_quantum_geometries/aq_jwst_dlinoss_lrd_spectro_linephase_1/data/external/x1d/goods_n_00022739_x1d.fits,other,25920,1781798561
??,emergent_quantum_geometries/aq_jwst_dlinoss_lrd_spectro_linephase_1/data/external/x1d/goods_n_00022810_x1d.fits,other,25920,1781798561
??,emergent_quantum_geometries/aq_jwst_dlinoss_lrd_spectro_linephase_1/data/external/x1d/goods_n_00022812_x1d.fits,other,25920,1781798561
??,emergent_quantum_geometries/aq_jwst_dlinoss_lrd_spectro_linephase_1/data/external/x1d/goods_n_00022814_x1d.fits,other,25920,1781798561
??,emergent_quantum_geometries/aq_jwst_dlinoss_lrd_spectro_linephase_1/data/external/x1d/goods_n_00022836_x1d.fits,other,25920,1781798561
??,emergent_quantum_geometries/aq_jwst_dlinoss_lrd_spectro_linephase_1/data/external/x1d/goods_n_00022837_x1d.fits,other,25920,1781798561
??,emergent_quantum_geometries/aq_jwst_dlinoss_lrd_spectro_linephase_1/data/external/x1d/goods_n_00022847_x1d.fits,other,25920,1781798561
??,emergent_quantum_geometries/aq_jwst_dlinoss_lrd_spectro_linephase_1/data/external/x1d/goods_n_00022896_x1d.fits,other,25920,1781798561
??,emergent_quantum_geometries/aq_jwst_dlinoss_lrd_spectro_linephase_1/data/external/x1d/goods_n_00022908_x1d.fits,other,25920,1781798561
??,emergent_quantum_geometries/aq_jwst_dlinoss_lrd_spectro_linephase_1/data/external/x1d/goods_n_00022917_x1d.fits,other,25920,1781798561
??,emergent_quantum_geometries/aq_jwst_dlinoss_lrd_spectro_linephase_1/data/external/x1d/goods_n_00022936_x1d.fits,other,25920,1781798561
??,emergent_quantum_geometries/aq_jwst_dlinoss_lrd_spectro_linephase_1/data/external/x1d/goods_n_00022945_x1d.fits,other,25920,1781798561
??,emergent_quantum_geometries/aq_jwst_dlinoss_lrd_spectro_linephase_1/data/external/x1d/goods_n_00023008_x1d.fits,other,25920,1781798561
??,emergent_quantum_geometries/aq_jwst_dlinoss_lrd_spectro_linephase_1/data/external/x1d/goods_n_00023019_x1d.fits,other,25920,1781798561
??,emergent_quantum_geometries/aq_jwst_dlinoss_lrd_spectro_linephase_1/data/external/x1d/goods_n_00023167_x1d.fits,other,25920,1781798561
??,emergent_quantum_geometries/aq_jwst_dlinoss_lrd_spectro_linephase_1/data/external/x1d/goods_n_00023199_x1d.fits,other,25920,1781798562
??,emergent_quantum_geometries/aq_jwst_dlinoss_lrd_spectro_linephase_1/data/external/x1d/goods_n_00023278_x1d.fits,other,25920,1781798562
??,emergent_quantum_geometries/aq_jwst_dlinoss_lrd_spectro_linephase_1/data/external/x1d/goods_n_00023286_x1d.fits,other,25920,1781798562
??,emergent_quantum_geometries/aq_jwst_dlinoss_lrd_spectro_linephase_1/data/external/x1d/goods_n_00023314_x1d.fits,other,25920,1781798562
??,emergent_quantum_geometries/aq_jwst_dlinoss_lrd_spectro_linephase_1/data/external/x1d/goods_n_00023367_x1d.fits,other,25920,1781798562
??,emergent_quantum_geometries/aq_jwst_dlinoss_lrd_spectro_linephase_1/data/external/x1d/goods_n_00023383_x1d.fits,other,25920,1781798562
??,emergent_quantum_geometries/aq_jwst_dlinoss_lrd_spectro_linephase_1/data/external/x1d/goods_n_00023505_x1d.fits,other,25920,1781798562
??,emergent_quantum_geometries/aq_jwst_dlinoss_lrd_spectro_linephase_1/data/external/x1d/goods_n_00023590_x1d.fits,other,25920,1781798562
??,emergent_quantum_geometries/aq_jwst_dlinoss_lrd_spectro_linephase_1/data/external/x1d/goods_n_00023638_x1d.fits,other,25920,1781798562
??,emergent_quantum_geometries/aq_jwst_dlinoss_lrd_spectro_linephase_1/data/external/x1d/goods_n_00023656_x1d.fits,other,25920,1781798562
??,emergent_quantum_geometries/aq_jwst_dlinoss_lrd_spectro_linephase_1/data/external/x1d/goods_n_00023668_x1d.fits,other,25920,1781798562
??,emergent_quantum_geometries/aq_jwst_dlinoss_lrd_spectro_linephase_1/data/external/x1d/goods_n_00023682_x1d.fits,other,25920,1781798562
??,emergent_quantum_geometries/aq_jwst_dlinoss_lrd_spectro_linephase_1/data/external/x1d/goods_n_00023715_x1d.fits,other,25920,1781798562
??,emergent_quantum_geometries/aq_jwst_dlinoss_lrd_spectro_linephase_1/data/external/x1d/goods_n_00023742_x1d.fits,other,25920,1781798562
??,emergent_quantum_geometries/aq_jwst_dlinoss_lrd_spectro_linephase_1/data/external/x1d/goods_n_00023749_x1d.fits,other,25920,1781798562
??,emergent_quantum_geometries/aq_jwst_dlinoss_lrd_spectro_linephase_1/data/external/x1d/goods_n_00023755_x1d.fits,other,25920,1781798562
??,emergent_quantum_geometries/aq_jwst_dlinoss_lrd_spectro_linephase_1/data/external/x1d/goods_n_00023873_x1d.fits,other,25920,1781798562
??,emergent_quantum_geometries/aq_jwst_dlinoss_lrd_spectro_linephase_1/data/external/x1d/goods_n_00023874_x1d.fits,other,25920,1781798562
??,emergent_quantum_geometries/aq_jwst_dlinoss_lrd_spectro_linephase_1/data/external/x1d/goods_n_00023924_x1d.fits,other,25920,1781798562
??,emergent_quantum_geometries/aq_jwst_dlinoss_lrd_spectro_linephase_1/data/external/x1d/goods_n_00023949_x1d.fits,other,25920,1781798562
??,emergent_quantum_geometries/aq_jwst_dlinoss_lrd_spectro_linephase_1/data/external/x1d/goods_n_00023987_x1d.fits,other,25920,1781798562
??,emergent_quantum_geometries/aq_jwst_dlinoss_lrd_spectro_linephase_1/data/external/x1d/goods_n_00024006_x1d.fits,other,25920,1781798562
??,emergent_quantum_geometries/aq_jwst_dlinoss_lrd_spectro_linephase_1/data/external/x1d/goods_n_00024080_x1d.fits,other,25920,1781798562
??,emergent_quantum_geometries/aq_jwst_dlinoss_lrd_spectro_linephase_1/data/external/x1d/goods_n_00024091_x1d.fits,other,25920,1781798562
??,emergent_quantum_geometries/aq_jwst_dlinoss_lrd_spectro_linephase_1/data/external/x1d/goods_n_00024249_x1d.fits,other,25920,1781798562
??,emergent_quantum_geometries/aq_jwst_dlinoss_lrd_spectro_linephase_1/data/external/x1d/goods_n_00024266_x1d.fits,other,25920,1781798562
??,emergent_quantum_geometries/aq_jwst_dlinoss_lrd_spectro_linephase_1/data/external/x1d/goods_n_00024311_x1d.fits,other,25920,1781798562
??,emergent_quantum_geometries/aq_jwst_dlinoss_lrd_spectro_linephase_1/data/external/x1d/goods_n_00024429_x1d.fits,other,25920,1781798562
??,emergent_quantum_geometries/aq_jwst_dlinoss_lrd_spectro_linephase_1/data/external/x1d/goods_n_00024438_x1d.fits,other,25920,1781798562
??,emergent_quantum_geometries/aq_jwst_dlinoss_lrd_spectro_linephase_1/data/external/x1d/goods_n_00024447_x1d.fits,other,25920,1781798562
??,emergent_quantum_geometries/aq_jwst_dlinoss_lrd_spectro_linephase_1/data/external/x1d/goods_n_00024526_x1d.fits,other,25920,1781798562
??,emergent_quantum_geometries/aq_jwst_dlinoss_lrd_spectro_linephase_1/data/external/x1d/goods_n_00024569_x1d.fits,other,25920,1781798563
??,emergent_quantum_geometries/aq_jwst_dlinoss_lrd_spectro_linephase_1/data/external/x1d/goods_n_00024586_x1d.fits,other,25920,1781798563
??,emergent_quantum_geometries/aq_jwst_dlinoss_lrd_spectro_linephase_1/data/external/x1d/goods_n_00024603_x1d.fits,other,25920,1781798563
??,emergent_quantum_geometries/aq_jwst_dlinoss_lrd_spectro_linephase_1/data/external/x1d/goods_n_00024616_x1d.fits,other,25920,1781798563
??,emergent_quantum_geometries/aq_jwst_dlinoss_lrd_spectro_linephase_1/data/external/x1d/goods_n_00024637_x1d.fits,other,25920,1781798563
??,emergent_quantum_geometries/aq_jwst_dlinoss_lrd_spectro_linephase_1/data/external/x1d/goods_n_00024689_x1d.fits,other,25920,1781798563
??,emergent_quantum_geometries/aq_jwst_dlinoss_lrd_spectro_linephase_1/data/external/x1d/goods_n_00024707_x1d.fits,other,25920,1781798563
??,emergent_quantum_geometries/aq_jwst_dlinoss_lrd_spectro_linephase_1/data/external/x1d/goods_n_00024722_x1d.fits,other,25920,1781798563
??,emergent_quantum_geometries/aq_jwst_dlinoss_lrd_spectro_linephase_1/data/external/x1d/goods_n_00024728_x1d.fits,other,25920,1781798563
??,emergent_quantum_geometries/aq_jwst_dlinoss_lrd_spectro_linephase_1/data/external/x1d/goods_n_00024739_x1d.fits,other,25920,1781798563
??,emergent_quantum_geometries/aq_jwst_dlinoss_lrd_spectro_linephase_1/data/external/x1d/goods_n_00024755_x1d.fits,other,25920,1781798563
??,emergent_quantum_geometries/aq_jwst_dlinoss_lrd_spectro_linephase_1/data/external/x1d/goods_n_00024799_x1d.fits,other,25920,1781798563
??,emergent_quantum_geometries/aq_jwst_dlinoss_lrd_spectro_linephase_1/data/external/x1d/goods_n_00024819_x1d.fits,other,25920,1781798563
??,emergent_quantum_geometries/aq_jwst_dlinoss_lrd_spectro_linephase_1/data/external/x1d/goods_n_00024824_x1d.fits,other,25920,1781798563
??,emergent_quantum_geometries/aq_jwst_dlinoss_lrd_spectro_linephase_1/data/external/x1d/goods_n_00024835_x1d.fits,other,25920,1781798563
??,emergent_quantum_geometries/aq_jwst_dlinoss_lrd_spectro_linephase_1/data/external/x1d/goods_n_00024857_x1d.fits,other,25920,1781798563
??,emergent_quantum_geometries/aq_jwst_dlinoss_lrd_spectro_linephase_1/data/external/x1d/goods_n_00024892_x1d.fits,other,25920,1781798563
??,emergent_quantum_geometries/aq_jwst_dlinoss_lrd_spectro_linephase_1/data/external/x1d/goods_n_00024896_x1d.fits,other,25920,1781798563
??,emergent_quantum_geometries/aq_jwst_dlinoss_lrd_spectro_linephase_1/data/external/x1d/goods_n_00024927_x1d.fits,other,25920,1781798563
??,emergent_quantum_geometries/aq_jwst_dlinoss_lrd_spectro_linephase_1/data/external/x1d/goods_n_00024958_x1d.fits,other,25920,1781798563
??,emergent_quantum_geometries/aq_jwst_dlinoss_lrd_spectro_linephase_1/data/external/x1d/goods_n_00025030_x1d.fits,other,25920,1781798563
??,emergent_quantum_geometries/aq_jwst_dlinoss_lrd_spectro_linephase_1/data/external/x1d/goods_n_00025041_x1d.fits,other,25920,1781798563
??,emergent_quantum_geometries/aq_jwst_dlinoss_lrd_spectro_linephase_1/data/external/x1d/goods_n_00025055_x1d.fits,other,25920,1781798563
??,emergent_quantum_geometries/aq_jwst_dlinoss_lrd_spectro_linephase_1/data/external/x1d/goods_n_00025137_x1d.fits,other,25920,1781798563
??,emergent_quantum_geometries/aq_jwst_dlinoss_lrd_spectro_linephase_1/data/external/x1d/goods_n_00025163_x1d.fits,other,25920,1781798563
??,emergent_quantum_geometries/aq_jwst_dlinoss_lrd_spectro_linephase_1/data/external/x1d/goods_n_00025236_x1d.fits,other,25920,1781798563
??,emergent_quantum_geometries/aq_jwst_dlinoss_lrd_spectro_linephase_1/data/external/x1d/goods_n_00025279_x1d.fits,other,25920,1781798563
??,emergent_quantum_geometries/aq_jwst_dlinoss_lrd_spectro_linephase_1/data/external/x1d/goods_n_00025321_x1d.fits,other,25920,1781798563
??,emergent_quantum_geometries/aq_jwst_dlinoss_lrd_spectro_linephase_1/data/external/x1d/goods_n_00025351_x1d.fits,other,25920,1781798564
??,emergent_quantum_geometries/aq_jwst_dlinoss_lrd_spectro_linephase_1/data/external/x1d/goods_n_00025356_x1d.fits,other,25920,1781798564
??,emergent_quantum_geometries/aq_jwst_dlinoss_lrd_spectro_linephase_1/data/external/x1d/goods_n_00025364_x1d.fits,other,25920,1781798564
??,emergent_quantum_geometries/aq_jwst_dlinoss_lrd_spectro_linephase_1/data/external/x1d/goods_n_00025393_x1d.fits,other,25920,1781798564
??,emergent_quantum_geometries/aq_jwst_dlinoss_lrd_spectro_linephase_1/data/external/x1d/goods_n_00025451_x1d.fits,other,25920,1781798564
??,emergent_quantum_geometries/aq_jwst_dlinoss_lrd_spectro_linephase_1/data/external/x1d/goods_n_00025493_x1d.fits,other,25920,1781798564
??,emergent_quantum_geometries/aq_jwst_dlinoss_lrd_spectro_linephase_1/data/external/x1d/goods_n_00025498_x1d.fits,other,25920,1781798564
??,emergent_quantum_geometries/aq_jwst_dlinoss_lrd_spectro_linephase_1/data/external/x1d/goods_n_00025516_x1d.fits,other,25920,1781798564
??,emergent_quantum_geometries/aq_jwst_dlinoss_lrd_spectro_linephase_1/data/external/x1d/goods_n_00025528_x1d.fits,other,25920,1781798564
??,emergent_quantum_geometries/aq_jwst_dlinoss_lrd_spectro_linephase_1/data/external/x1d/goods_n_00025603_x1d.fits,other,25920,1781798564
??,emergent_quantum_geometries/aq_jwst_dlinoss_lrd_spectro_linephase_1/data/external/x1d/goods_n_00025734_x1d.fits,other,25920,1781798564
??,emergent_quantum_geometries/aq_jwst_dlinoss_lrd_spectro_linephase_1/data/external/x1d/goods_n_00025766_x1d.fits,other,25920,1781798564
??,emergent_quantum_geometries/aq_jwst_dlinoss_lrd_spectro_linephase_1/data/external/x1d/goods_n_00025771_x1d.fits,other,25920,1781798564
??,emergent_quantum_geometries/aq_jwst_dlinoss_lrd_spectro_linephase_1/data/external/x1d/goods_n_00025844_x1d.fits,other,25920,1781798564
??,emergent_quantum_geometries/aq_jwst_dlinoss_lrd_spectro_linephase_1/data/external/x1d/goods_n_00025960_x1d.fits,other,25920,1781798564
??,emergent_quantum_geometries/aq_jwst_dlinoss_lrd_spectro_linephase_1/data/external/x1d/goods_n_00026003_x1d.fits,other,25920,1781798564
??,emergent_quantum_geometries/aq_jwst_dlinoss_lrd_spectro_linephase_1/data/external/x1d/goods_n_00026078_x1d.fits,other,25920,1781798564
??,emergent_quantum_geometries/aq_jwst_dlinoss_lrd_spectro_linephase_1/data/external/x1d/goods_n_00026089_x1d.fits,other,25920,1781798564
??,emergent_quantum_geometries/aq_jwst_dlinoss_lrd_spectro_linephase_1/data/external/x1d/goods_n_00026113_x1d.fits,other,25920,1781798564
??,emergent_quantum_geometries/aq_jwst_dlinoss_lrd_spectro_linephase_1/data/external/x1d/goods_n_00026139_x1d.fits,other,25920,1781798564
??,emergent_quantum_geometries/aq_jwst_dlinoss_lrd_spectro_linephase_1/data/external/x1d/goods_n_00026149_x1d.fits,other,25920,1781798564
??,emergent_quantum_geometries/aq_jwst_dlinoss_lrd_spectro_linephase_1/data/external/x1d/goods_n_00026189_x1d.fits,other,25920,1781798564
??,emergent_quantum_geometries/aq_jwst_dlinoss_lrd_spectro_linephase_1/data/external/x1d/goods_n_00026194_x1d.fits,other,25920,1781798564
??,emergent_quantum_geometries/aq_jwst_dlinoss_lrd_spectro_linephase_1/data/external/x1d/goods_n_00026218_x1d.fits,other,25920,1781798564
??,emergent_quantum_geometries/aq_jwst_dlinoss_lrd_spectro_linephase_1/data/external/x1d/goods_n_00026223_x1d.fits,other,25920,1781798564
??,emergent_quantum_geometries/aq_jwst_dlinoss_lrd_spectro_linephase_1/data/external/x1d/goods_n_00026237_x1d.fits,other,25920,1781798565
??,emergent_quantum_geometries/aq_jwst_dlinoss_lrd_spectro_linephase_1/data/external/x1d/goods_n_00026260_x1d.fits,other,25920,1781798565
??,emergent_quantum_geometries/aq_jwst_dlinoss_lrd_spectro_linephase_1/data/external/x1d/goods_n_00026276_x1d.fits,other,25920,1781798565
??,emergent_quantum_geometries/aq_jwst_dlinoss_lrd_spectro_linephase_1/data/external/x1d/goods_n_00026289_x1d.fits,other,25920,1781798565
??,emergent_quantum_geometries/aq_jwst_dlinoss_lrd_spectro_linephase_1/data/external/x1d/goods_n_00026294_x1d.fits,other,25920,1781798565
??,emergent_quantum_geometries/aq_jwst_dlinoss_lrd_spectro_linephase_1/data/external/x1d/goods_n_00026377_x1d.fits,other,25920,1781798565
??,emergent_quantum_geometries/aq_jwst_dlinoss_lrd_spectro_linephase_1/data/external/x1d/goods_n_00026395_x1d.fits,other,25920,1781798565
??,emergent_quantum_geometries/aq_jwst_dlinoss_lrd_spectro_linephase_1/data/external/x1d/goods_n_00026415_x1d.fits,other,25920,1781798565
??,emergent_quantum_geometries/aq_jwst_dlinoss_lrd_spectro_linephase_1/data/external/x1d/goods_n_00026416_x1d.fits,other,25920,1781798565
??,emergent_quantum_geometries/aq_jwst_dlinoss_lrd_spectro_linephase_1/data/external/x1d/goods_n_00026436_x1d.fits,other,25920,1781798565
??,emergent_quantum_geometries/aq_jwst_dlinoss_lrd_spectro_linephase_1/data/external/x1d/goods_n_00026503_x1d.fits,other,25920,1781798565
??,emergent_quantum_geometries/aq_jwst_dlinoss_lrd_spectro_linephase_1/data/external/x1d/goods_n_00026533_x1d.fits,other,25920,1781798565
??,emergent_quantum_geometries/aq_jwst_dlinoss_lrd_spectro_linephase_1/data/external/x1d/goods_n_00026544_x1d.fits,other,25920,1781798565
??,emergent_quantum_geometries/aq_jwst_dlinoss_lrd_spectro_linephase_1/data/external/x1d/goods_n_00026566_x1d.fits,other,25920,1781798565
??,emergent_quantum_geometries/aq_jwst_dlinoss_lrd_spectro_linephase_1/data/external/x1d/goods_n_00026584_x1d.fits,other,25920,1781798565
??,emergent_quantum_geometries/aq_jwst_dlinoss_lrd_spectro_linephase_1/data/external/x1d/goods_n_00026692_x1d.fits,other,25920,1781798565
??,emergent_quantum_geometries/aq_jwst_dlinoss_lrd_spectro_linephase_1/data/external/x1d/goods_n_00026727_x1d.fits,other,25920,1781798565
??,emergent_quantum_geometries/aq_jwst_dlinoss_lrd_spectro_linephase_1/data/external/x1d/goods_n_00026751_x1d.fits,other,25920,1781798565
??,emergent_quantum_geometries/aq_jwst_dlinoss_lrd_spectro_linephase_1/data/external/x1d/goods_n_00026786_x1d.fits,other,25920,1781798565
??,emergent_quantum_geometries/aq_jwst_dlinoss_lrd_spectro_linephase_1/data/external/x1d/goods_n_00026788_x1d.fits,other,25920,1781798565
??,emergent_quantum_geometries/aq_jwst_dlinoss_lrd_spectro_linephase_1/data/external/x1d/goods_n_00026910_x1d.fits,other,25920,1781798565
??,emergent_quantum_geometries/aq_jwst_dlinoss_lrd_spectro_linephase_1/data/external/x1d/goods_n_00026977_x1d.fits,other,25920,1781798565
??,emergent_quantum_geometries/aq_jwst_dlinoss_lrd_spectro_linephase_1/data/external/x1d/goods_n_00026985_x1d.fits,other,25920,1781798565
??,emergent_quantum_geometries/aq_jwst_dlinoss_lrd_spectro_linephase_1/data/external/x1d/goods_n_00027003_x1d.fits,other,25920,1781798565
??,emergent_quantum_geometries/aq_jwst_dlinoss_lrd_spectro_linephase_1/data/external/x1d/goods_n_00027007_x1d.fits,other,25920,1781798565
??,emergent_quantum_geometries/aq_jwst_dlinoss_lrd_spectro_linephase_1/data/external/x1d/goods_n_00027030_x1d.fits,other,25920,1781798565
??,emergent_quantum_geometries/aq_jwst_dlinoss_lrd_spectro_linephase_1/data/external/x1d/goods_n_00027044_x1d.fits,other,25920,1781798566
??,emergent_quantum_geometries/aq_jwst_dlinoss_lrd_spectro_linephase_1/data/external/x1d/goods_n_00027056_x1d.fits,other,25920,1781798566
??,emergent_quantum_geometries/aq_jwst_dlinoss_lrd_spectro_linephase_1/data/external/x1d/goods_n_00027074_x1d.fits,other,25920,1781798566
??,emergent_quantum_geometries/aq_jwst_dlinoss_lrd_spectro_linephase_1/data/external/x1d/goods_n_00027088_x1d.fits,other,25920,1781798566
??,emergent_quantum_geometries/aq_jwst_dlinoss_lrd_spectro_linephase_1/data/external/x1d/goods_n_00027099_x1d.fits,other,25920,1781798566
??,emergent_quantum_geometries/aq_jwst_dlinoss_lrd_spectro_linephase_1/data/external/x1d/goods_n_00027139_x1d.fits,other,25920,1781798566
??,emergent_quantum_geometries/aq_jwst_dlinoss_lrd_spectro_linephase_1/data/external/x1d/goods_n_00027145_x1d.fits,other,25920,1781798566
??,emergent_quantum_geometries/aq_jwst_dlinoss_lrd_spectro_linephase_1/data/external/x1d/goods_n_00027203_x1d.fits,other,25920,1781798566
??,emergent_quantum_geometries/aq_jwst_dlinoss_lrd_spectro_linephase_1/data/external/x1d/goods_n_00027232_x1d.fits,other,25920,1781798566
??,emergent_quantum_geometries/aq_jwst_dlinoss_lrd_spectro_linephase_1/data/external/x1d/goods_n_00027248_x1d.fits,other,25920,1781798566
??,emergent_quantum_geometries/aq_jwst_dlinoss_lrd_spectro_linephase_1/data/external/x1d/goods_n_00027280_x1d.fits,other,25920,1781798566
??,emergent_quantum_geometries/aq_jwst_dlinoss_lrd_spectro_linephase_1/data/external/x1d/goods_n_00027286_x1d.fits,other,25920,1781798566
??,emergent_quantum_geometries/aq_jwst_dlinoss_lrd_spectro_linephase_1/data/external/x1d/goods_n_00027359_x1d.fits,other,25920,1781798566
??,emergent_quantum_geometries/aq_jwst_dlinoss_lrd_spectro_linephase_1/data/external/x1d/goods_n_00027368_x1d.fits,other,25920,1781798566
??,emergent_quantum_geometries/aq_jwst_dlinoss_lrd_spectro_linephase_1/data/external/x1d/goods_n_00027376_x1d.fits,other,25920,1781798566
??,emergent_quantum_geometries/aq_jwst_dlinoss_lrd_spectro_linephase_1/data/external/x1d/goods_n_00027395_x1d.fits,other,25920,1781798566
??,emergent_quantum_geometries/aq_jwst_dlinoss_lrd_spectro_linephase_1/data/external/x1d/goods_n_00027409_x1d.fits,other,25920,1781798566
??,emergent_quantum_geometries/aq_jwst_dlinoss_lrd_spectro_linephase_1/data/external/x1d/goods_n_00027450_x1d.fits,other,25920,1781798566
??,emergent_quantum_geometries/aq_jwst_dlinoss_lrd_spectro_linephase_1/data/external/x1d/goods_n_00027519_x1d.fits,other,25920,1781798566
??,emergent_quantum_geometries/aq_jwst_dlinoss_lrd_spectro_linephase_1/data/external/x1d/goods_n_00027568_x1d.fits,other,25920,1781798566
??,emergent_quantum_geometries/aq_jwst_dlinoss_lrd_spectro_linephase_1/data/external/x1d/goods_n_00027665_x1d.fits,other,25920,1781798566
??,emergent_quantum_geometries/aq_jwst_dlinoss_lrd_spectro_linephase_1/data/external/x1d/goods_n_00027676_x1d.fits,other,25920,1781798566
??,emergent_quantum_geometries/aq_jwst_dlinoss_lrd_spectro_linephase_1/data/external/x1d/goods_n_00027699_x1d.fits,other,25920,1781798566
??,emergent_quantum_geometries/aq_jwst_dlinoss_lrd_spectro_linephase_1/data/external/x1d/goods_n_00027706_x1d.fits,other,25920,1781798566
??,emergent_quantum_geometries/aq_jwst_dlinoss_lrd_spectro_linephase_1/data/external/x1d/goods_n_00027719_x1d.fits,other,25920,1781798566
??,emergent_quantum_geometries/aq_jwst_dlinoss_lrd_spectro_linephase_1/data/external/x1d/goods_n_00027761_x1d.fits,other,25920,1781798566
??,emergent_quantum_geometries/aq_jwst_dlinoss_lrd_spectro_linephase_1/data/external/x1d/goods_n_00027769_x1d.fits,other,25920,1781798566
??,emergent_quantum_geometries/aq_jwst_dlinoss_lrd_spectro_linephase_1/data/external/x1d/goods_n_00027792_x1d.fits,other,25920,1781798566
??,emergent_quantum_geometries/aq_jwst_dlinoss_lrd_spectro_linephase_1/data/external/x1d/goods_n_00027830_x1d.fits,other,25920,1781798566
??,emergent_quantum_geometries/aq_jwst_dlinoss_lrd_spectro_linephase_1/data/external/x1d/goods_n_00027839_x1d.fits,other,25920,1781798566
??,emergent_quantum_geometries/aq_jwst_dlinoss_lrd_spectro_linephase_1/data/external/x1d/goods_n_00027884_x1d.fits,other,25920,1781798567
??,emergent_quantum_geometries/aq_jwst_dlinoss_lrd_spectro_linephase_1/data/external/x1d/goods_n_00027887_x1d.fits,other,25920,1781798567
??,emergent_quantum_geometries/aq_jwst_dlinoss_lrd_spectro_linephase_1/data/external/x1d/goods_n_00027917_x1d.fits,other,25920,1781798567
??,emergent_quantum_geometries/aq_jwst_dlinoss_lrd_spectro_linephase_1/data/external/x1d/goods_n_00027932_x1d.fits,other,25920,1781798567
??,emergent_quantum_geometries/aq_jwst_dlinoss_lrd_spectro_linephase_1/data/external/x1d/goods_n_00027969_x1d.fits,other,25920,1781798567
??,emergent_quantum_geometries/aq_jwst_dlinoss_lrd_spectro_linephase_1/data/external/x1d/goods_n_00028022_x1d.fits,other,25920,1781798567
??,emergent_quantum_geometries/aq_jwst_dlinoss_lrd_spectro_linephase_1/data/external/x1d/goods_n_00028074_x1d.fits,other,25920,1781798567
??,emergent_quantum_geometries/aq_jwst_dlinoss_lrd_spectro_linephase_1/data/external/x1d/goods_n_00028089_x1d.fits,other,25920,1781798567
??,emergent_quantum_geometries/aq_jwst_dlinoss_lrd_spectro_linephase_1/data/external/x1d/goods_n_00028099_x1d.fits,other,25920,1781798567
??,emergent_quantum_geometries/aq_jwst_dlinoss_lrd_spectro_linephase_1/data/external/x1d/goods_n_00028139_x1d.fits,other,25920,1781798567
??,emergent_quantum_geometries/aq_jwst_dlinoss_lrd_spectro_linephase_1/data/external/x1d/goods_n_00028155_x1d.fits,other,25920,1781798567
??,emergent_quantum_geometries/aq_jwst_dlinoss_lrd_spectro_linephase_1/data/external/x1d/goods_n_00028158_x1d.fits,other,25920,1781798567
??,emergent_quantum_geometries/aq_jwst_dlinoss_lrd_spectro_linephase_1/data/external/x1d/goods_n_00028174_x1d.fits,other,25920,1781798567
??,emergent_quantum_geometries/aq_jwst_dlinoss_lrd_spectro_linephase_1/data/external/x1d/goods_n_00028187_x1d.fits,other,25920,1781798567
??,emergent_quantum_geometries/aq_jwst_dlinoss_lrd_spectro_linephase_1/data/external/x1d/goods_n_00028229_x1d.fits,other,25920,1781798567
??,emergent_quantum_geometries/aq_jwst_dlinoss_lrd_spectro_linephase_1/data/external/x1d/goods_n_00028271_x1d.fits,other,25920,1781798567
??,emergent_quantum_geometries/aq_jwst_dlinoss_lrd_spectro_linephase_1/data/external/x1d/goods_n_00028334_x1d.fits,other,25920,1781798567
??,emergent_quantum_geometries/aq_jwst_dlinoss_lrd_spectro_linephase_1/data/external/x1d/goods_n_00028342_x1d.fits,other,25920,1781798567
??,emergent_quantum_geometries/aq_jwst_dlinoss_lrd_spectro_linephase_1/data/external/x1d/goods_n_00028428_x1d.fits,other,25920,1781798567
??,emergent_quantum_geometries/aq_jwst_dlinoss_lrd_spectro_linephase_1/data/external/x1d/goods_n_00028433_x1d.fits,other,25920,1781798567
??,emergent_quantum_geometries/aq_jwst_dlinoss_lrd_spectro_linephase_1/data/external/x1d/goods_n_00028461_x1d.fits,other,25920,1781798567
??,emergent_quantum_geometries/aq_jwst_dlinoss_lrd_spectro_linephase_1/data/external/x1d/goods_n_00028470_x1d.fits,other,25920,1781798567
??,emergent_quantum_geometries/aq_jwst_dlinoss_lrd_spectro_linephase_1/data/external/x1d/goods_n_00028626_x1d.fits,other,25920,1781798567
??,emergent_quantum_geometries/aq_jwst_dlinoss_lrd_spectro_linephase_1/data/external/x1d/goods_n_00028640_x1d.fits,other,25920,1781798567
??,emergent_quantum_geometries/aq_jwst_dlinoss_lrd_spectro_linephase_1/data/external/x1d/goods_n_00028665_x1d.fits,other,25920,1781798567
??,emergent_quantum_geometries/aq_jwst_dlinoss_lrd_spectro_linephase_1/data/external/x1d/goods_n_00028693_x1d.fits,other,25920,1781798567
??,emergent_quantum_geometries/aq_jwst_dlinoss_lrd_spectro_linephase_1/data/external/x1d/goods_n_00028707_x1d.fits,other,25920,1781798567
??,emergent_quantum_geometries/aq_jwst_dlinoss_lrd_spectro_linephase_1/data/external/x1d/goods_n_00028746_x1d.fits,other,25920,1781798568
??,emergent_quantum_geometries/aq_jwst_dlinoss_lrd_spectro_linephase_1/data/external/x1d/goods_n_00028752_x1d.fits,other,25920,1781798568
??,emergent_quantum_geometries/aq_jwst_dlinoss_lrd_spectro_linephase_1/data/external/x1d/goods_n_00028754_x1d.fits,other,25920,1781798568
??,emergent_quantum_geometries/aq_jwst_dlinoss_lrd_spectro_linephase_1/data/external/x1d/goods_n_00028765_x1d.fits,other,25920,1781798568
??,emergent_quantum_geometries/aq_jwst_dlinoss_lrd_spectro_linephase_1/data/external/x1d/goods_n_00028854_x1d.fits,other,25920,1781798568
??,emergent_quantum_geometries/aq_jwst_dlinoss_lrd_spectro_linephase_1/data/external/x1d/goods_n_00028946_x1d.fits,other,25920,1781798568
??,emergent_quantum_geometries/aq_jwst_dlinoss_lrd_spectro_linephase_1/data/external/x1d/goods_n_00028959_x1d.fits,other,25920,1781798568
??,emergent_quantum_geometries/aq_jwst_dlinoss_lrd_spectro_linephase_1/data/external/x1d/goods_n_00029023_x1d.fits,other,25920,1781798568
??,emergent_quantum_geometries/aq_jwst_dlinoss_lrd_spectro_linephase_1/data/external/x1d/goods_n_00029032_x1d.fits,other,25920,1781798568
??,emergent_quantum_geometries/aq_jwst_dlinoss_lrd_spectro_linephase_1/data/external/x1d/goods_n_00029034_x1d.fits,other,25920,1781798568
??,emergent_quantum_geometries/aq_jwst_dlinoss_lrd_spectro_linephase_1/data/external/x1d/goods_n_00029060_x1d.fits,other,25920,1781798568
??,emergent_quantum_geometries/aq_jwst_dlinoss_lrd_spectro_linephase_1/data/external/x1d/goods_n_00029164_x1d.fits,other,25920,1781798568
??,emergent_quantum_geometries/aq_jwst_dlinoss_lrd_spectro_linephase_1/data/external/x1d/goods_n_00029209_x1d.fits,other,25920,1781798568
??,emergent_quantum_geometries/aq_jwst_dlinoss_lrd_spectro_linephase_1/data/external/x1d/goods_n_00029346_x1d.fits,other,25920,1781798568
??,emergent_quantum_geometries/aq_jwst_dlinoss_lrd_spectro_linephase_1/data/external/x1d/goods_n_00029349_x1d.fits,other,25920,1781798568
??,emergent_quantum_geometries/aq_jwst_dlinoss_lrd_spectro_linephase_1/data/external/x1d/goods_n_00029393_x1d.fits,other,25920,1781798568
??,emergent_quantum_geometries/aq_jwst_dlinoss_lrd_spectro_linephase_1/data/external/x1d/goods_n_00029455_x1d.fits,other,25920,1781798568
??,emergent_quantum_geometries/aq_jwst_dlinoss_lrd_spectro_linephase_1/data/external/x1d/goods_n_00029554_x1d.fits,other,25920,1781798568
??,emergent_quantum_geometries/aq_jwst_dlinoss_lrd_spectro_linephase_1/data/external/x1d/goods_n_00029582_x1d.fits,other,25920,1781798568
??,emergent_quantum_geometries/aq_jwst_dlinoss_lrd_spectro_linephase_1/data/external/x1d/goods_n_00029648_x1d.fits,other,25920,1781798568
??,emergent_quantum_geometries/aq_jwst_dlinoss_lrd_spectro_linephase_1/data/external/x1d/goods_n_00029710_x1d.fits,other,25920,1781798568
??,emergent_quantum_geometries/aq_jwst_dlinoss_lrd_spectro_linephase_1/data/external/x1d/goods_n_00029711_x1d.fits,other,25920,1781798568
??,emergent_quantum_geometries/aq_jwst_dlinoss_lrd_spectro_linephase_1/data/external/x1d/goods_n_00029715_x1d.fits,other,25920,1781798568
??,emergent_quantum_geometries/aq_jwst_dlinoss_lrd_spectro_linephase_1/data/external/x1d/goods_n_00029815_x1d.fits,other,25920,1781798568
??,emergent_quantum_geometries/aq_jwst_dlinoss_lrd_spectro_linephase_1/data/external/x1d/goods_n_00029849_x1d.fits,other,25920,1781798568
??,emergent_quantum_geometries/aq_jwst_dlinoss_lrd_spectro_linephase_1/data/external/x1d/goods_n_00029875_x1d.fits,other,25920,1781798568
??,emergent_quantum_geometries/aq_jwst_dlinoss_lrd_spectro_linephase_1/data/external/x1d/goods_n_00029938_x1d.fits,other,25920,1781798568
??,emergent_quantum_geometries/aq_jwst_dlinoss_lrd_spectro_linephase_1/data/external/x1d/goods_n_00030039_x1d.fits,other,25920,1781798568
??,emergent_quantum_geometries/aq_jwst_dlinoss_lrd_spectro_linephase_1/data/external/x1d/goods_n_00030058_x1d.fits,other,25920,1781798568
??,emergent_quantum_geometries/aq_jwst_dlinoss_lrd_spectro_linephase_1/data/external/x1d/goods_n_00030082_x1d.fits,other,25920,1781798568
??,emergent_quantum_geometries/aq_jwst_dlinoss_lrd_spectro_linephase_1/data/external/x1d/goods_n_00030102_x1d.fits,other,25920,1781798569
??,emergent_quantum_geometries/aq_jwst_dlinoss_lrd_spectro_linephase_1/data/external/x1d/goods_n_00030170_x1d.fits,other,25920,1781798569
??,emergent_quantum_geometries/aq_jwst_dlinoss_lrd_spectro_linephase_1/data/external/x1d/goods_n_00030190_x1d.fits,other,25920,1781798569
??,emergent_quantum_geometries/aq_jwst_dlinoss_lrd_spectro_linephase_1/data/external/x1d/goods_n_00030313_x1d.fits,other,25920,1781798569
??,emergent_quantum_geometries/aq_jwst_dlinoss_lrd_spectro_linephase_1/data/external/x1d/goods_n_00030315_x1d.fits,other,25920,1781798569
??,emergent_quantum_geometries/aq_jwst_dlinoss_lrd_spectro_linephase_1/data/external/x1d/goods_n_00030362_x1d.fits,other,25920,1781798569
??,emergent_quantum_geometries/aq_jwst_dlinoss_lrd_spectro_linephase_1/data/external/x1d/goods_n_00030442_x1d.fits,other,25920,1781798569
??,emergent_quantum_geometries/aq_jwst_dlinoss_lrd_spectro_linephase_1/data/external/x1d/goods_n_00030496_x1d.fits,other,25920,1781798569
??,emergent_quantum_geometries/aq_jwst_dlinoss_lrd_spectro_linephase_1/data/external/x1d/goods_n_00030506_x1d.fits,other,25920,1781798569
??,emergent_quantum_geometries/aq_jwst_dlinoss_lrd_spectro_linephase_1/data/external/x1d/goods_n_00030537_x1d.fits,other,25920,1781798569
??,emergent_quantum_geometries/aq_jwst_dlinoss_lrd_spectro_linephase_1/data/external/x1d/goods_n_00030563_x1d.fits,other,25920,1781798569
??,emergent_quantum_geometries/aq_jwst_dlinoss_lrd_spectro_linephase_1/data/external/x1d/goods_n_00030574_x1d.fits,other,25920,1781798569
??,emergent_quantum_geometries/aq_jwst_dlinoss_lrd_spectro_linephase_1/data/external/x1d/goods_n_00030595_x1d.fits,other,25920,1781798569
??,emergent_quantum_geometries/aq_jwst_dlinoss_lrd_spectro_linephase_1/data/external/x1d/goods_n_00030610_x1d.fits,other,25920,1781798569
??,emergent_quantum_geometries/aq_jwst_dlinoss_lrd_spectro_linephase_1/data/external/x1d/goods_n_00030631_x1d.fits,other,25920,1781798569
??,emergent_quantum_geometries/aq_jwst_dlinoss_lrd_spectro_linephase_1/data/external/x1d/goods_n_00030670_x1d.fits,other,25920,1781798569
??,emergent_quantum_geometries/aq_jwst_dlinoss_lrd_spectro_linephase_1/data/external/x1d/goods_n_00030737_x1d.fits,other,25920,1781798569
??,emergent_quantum_geometries/aq_jwst_dlinoss_lrd_spectro_linephase_1/data/external/x1d/goods_n_00030748_x1d.fits,other,25920,1781798569
??,emergent_quantum_geometries/aq_jwst_dlinoss_lrd_spectro_linephase_1/data/external/x1d/goods_n_00030773_x1d.fits,other,25920,1781798569
??,emergent_quantum_geometries/aq_jwst_dlinoss_lrd_spectro_linephase_1/data/external/x1d/goods_n_00030817_x1d.fits,other,25920,1781798569
??,emergent_quantum_geometries/aq_jwst_dlinoss_lrd_spectro_linephase_1/data/external/x1d/goods_n_00030892_x1d.fits,other,25920,1781798569
??,emergent_quantum_geometries/aq_jwst_dlinoss_lrd_spectro_linephase_1/data/external/x1d/goods_n_00030942_x1d.fits,other,25920,1781798569
??,emergent_quantum_geometries/aq_jwst_dlinoss_lrd_spectro_linephase_1/data/external/x1d/goods_n_00030989_x1d.fits,other,25920,1781798569
??,emergent_quantum_geometries/aq_jwst_dlinoss_lrd_spectro_linephase_1/data/external/x1d/goods_n_00030996_x1d.fits,other,25920,1781798569
??,emergent_quantum_geometries/aq_jwst_dlinoss_lrd_spectro_linephase_1/data/external/x1d/goods_n_00031012_x1d.fits,other,25920,1781798569
??,emergent_quantum_geometries/aq_jwst_dlinoss_lrd_spectro_linephase_1/data/external/x1d/goods_n_00031097_x1d.fits,other,25920,1781798569
??,emergent_quantum_geometries/aq_jwst_dlinoss_lrd_spectro_linephase_1/data/external/x1d/goods_n_00031161_x1d.fits,other,25920,1781798569
??,emergent_quantum_geometries/aq_jwst_dlinoss_lrd_spectro_linephase_1/data/external/x1d/goods_n_00031166_x1d.fits,other,25920,1781798569
??,emergent_quantum_geometries/aq_jwst_dlinoss_lrd_spectro_linephase_1/data/external/x1d/goods_n_00031231_x1d.fits,other,25920,1781798569
??,emergent_quantum_geometries/aq_jwst_dlinoss_lrd_spectro_linephase_1/data/external/x1d/goods_n_00031342_x1d.fits,other,25920,1781798570
??,emergent_quantum_geometries/aq_jwst_dlinoss_lrd_spectro_linephase_1/data/external/x1d/goods_n_00031372_x1d.fits,other,25920,1781798570
??,emergent_quantum_geometries/aq_jwst_dlinoss_lrd_spectro_linephase_1/data/external/x1d/goods_n_00031414_x1d.fits,other,25920,1781798570
??,emergent_quantum_geometries/aq_jwst_dlinoss_lrd_spectro_linephase_1/data/external/x1d/goods_n_00031418_x1d.fits,other,25920,1781798570
??,emergent_quantum_geometries/aq_jwst_dlinoss_lrd_spectro_linephase_1/data/external/x1d/goods_n_00031459_x1d.fits,other,25920,1781798570
??,emergent_quantum_geometries/aq_jwst_dlinoss_lrd_spectro_linephase_1/data/external/x1d/goods_n_00031479_x1d.fits,other,25920,1781798570
??,emergent_quantum_geometries/aq_jwst_dlinoss_lrd_spectro_linephase_1/data/external/x1d/goods_n_00031483_x1d.fits,other,25920,1781798570
??,emergent_quantum_geometries/aq_jwst_dlinoss_lrd_spectro_linephase_1/data/external/x1d/goods_n_00031514_x1d.fits,other,25920,1781798570
??,emergent_quantum_geometries/aq_jwst_dlinoss_lrd_spectro_linephase_1/data/external/x1d/goods_n_00031526_x1d.fits,other,25920,1781798570
??,emergent_quantum_geometries/aq_jwst_dlinoss_lrd_spectro_linephase_1/data/external/x1d/goods_n_00031739_x1d.fits,other,25920,1781798570
??,emergent_quantum_geometries/aq_jwst_dlinoss_lrd_spectro_linephase_1/data/external/x1d/goods_n_00031774_x1d.fits,other,25920,1781798570
??,emergent_quantum_geometries/aq_jwst_dlinoss_lrd_spectro_linephase_1/data/external/x1d/goods_n_00031847_x1d.fits,other,25920,1781798570
??,emergent_quantum_geometries/aq_jwst_dlinoss_lrd_spectro_linephase_1/data/external/x1d/goods_n_00031860_x1d.fits,other,25920,1781798570
??,emergent_quantum_geometries/aq_jwst_dlinoss_lrd_spectro_linephase_1/data/external/x1d/goods_n_00031862_x1d.fits,other,25920,1781798570
??,emergent_quantum_geometries/aq_jwst_dlinoss_lrd_spectro_linephase_1/data/external/x1d/goods_n_00031873_x1d.fits,other,25920,1781798570
??,emergent_quantum_geometries/aq_jwst_dlinoss_lrd_spectro_linephase_1/data/external/x1d/goods_n_00031896_x1d.fits,other,25920,1781798570
??,emergent_quantum_geometries/aq_jwst_dlinoss_lrd_spectro_linephase_1/data/external/x1d/goods_n_00031940_x1d.fits,other,25920,1781798570
??,emergent_quantum_geometries/aq_jwst_dlinoss_lrd_spectro_linephase_1/data/external/x1d/goods_n_00031945_x1d.fits,other,25920,1781798570
??,emergent_quantum_geometries/aq_jwst_dlinoss_lrd_spectro_linephase_1/data/external/x1d/goods_n_00032058_x1d.fits,other,25920,1781798570
??,emergent_quantum_geometries/aq_jwst_dlinoss_lrd_spectro_linephase_1/data/external/x1d/goods_n_00032065_x1d.fits,other,25920,1781798570
??,emergent_quantum_geometries/aq_jwst_dlinoss_lrd_spectro_linephase_1/data/external/x1d/goods_n_00032151_x1d.fits,other,25920,1781798570
??,emergent_quantum_geometries/aq_jwst_dlinoss_lrd_spectro_linephase_1/data/external/x1d/goods_n_00032250_x1d.fits,other,25920,1781798570
??,emergent_quantum_geometries/aq_jwst_dlinoss_lrd_spectro_linephase_1/data/external/x1d/goods_n_00032332_x1d.fits,other,25920,1781798570
??,emergent_quantum_geometries/aq_jwst_dlinoss_lrd_spectro_linephase_1/data/external/x1d/goods_n_00032453_x1d.fits,other,25920,1781798570
??,emergent_quantum_geometries/aq_jwst_dlinoss_lrd_spectro_linephase_1/data/external/x1d/goods_n_00032556_x1d.fits,other,25920,1781798570
??,emergent_quantum_geometries/aq_jwst_dlinoss_lrd_spectro_linephase_1/data/external/x1d/goods_n_00032585_x1d.fits,other,25920,1781798570
??,emergent_quantum_geometries/aq_jwst_dlinoss_lrd_spectro_linephase_1/data/external/x1d/goods_n_00032665_x1d.fits,other,25920,1781798571
??,emergent_quantum_geometries/aq_jwst_dlinoss_lrd_spectro_linephase_1/data/external/x1d/goods_n_00032673_x1d.fits,other,25920,1781798571
??,emergent_quantum_geometries/aq_jwst_dlinoss_lrd_spectro_linephase_1/data/external/x1d/goods_n_00032819_x1d.fits,other,25920,1781798571
??,emergent_quantum_geometries/aq_jwst_dlinoss_lrd_spectro_linephase_1/data/external/x1d/goods_n_00032904_x1d.fits,other,25920,1781798571
??,emergent_quantum_geometries/aq_jwst_dlinoss_lrd_spectro_linephase_1/data/external/x1d/goods_n_00032937_x1d.fits,other,25920,1781798571
??,emergent_quantum_geometries/aq_jwst_dlinoss_lrd_spectro_linephase_1/data/external/x1d/goods_n_00032944_x1d.fits,other,25920,1781798571
??,emergent_quantum_geometries/aq_jwst_dlinoss_lrd_spectro_linephase_1/data/external/x1d/goods_n_00032985_x1d.fits,other,25920,1781798571
??,emergent_quantum_geometries/aq_jwst_dlinoss_lrd_spectro_linephase_1/data/external/x1d/goods_n_00033332_x1d.fits,other,25920,1781798571
??,emergent_quantum_geometries/aq_jwst_dlinoss_lrd_spectro_linephase_1/data/external/x1d/goods_n_00033391_x1d.fits,other,25920,1781798571
??,emergent_quantum_geometries/aq_jwst_dlinoss_lrd_spectro_linephase_1/data/external/x1d/goods_n_00033432_x1d.fits,other,25920,1781798571
??,emergent_quantum_geometries/aq_jwst_dlinoss_lrd_spectro_linephase_1/data/external/x1d/goods_n_00033436_x1d.fits,other,25920,1781798571
??,emergent_quantum_geometries/aq_jwst_dlinoss_lrd_spectro_linephase_1/data/external/x1d/goods_n_00033797_x1d.fits,other,25920,1781798571
??,emergent_quantum_geometries/aq_jwst_dlinoss_lrd_spectro_linephase_1/data/external/x1d/goods_n_00033991_x1d.fits,other,25920,1781798571
??,emergent_quantum_geometries/aq_jwst_dlinoss_lrd_spectro_linephase_1/data/external/x1d/goods_n_00034067_x1d.fits,other,25920,1781798571
??,emergent_quantum_geometries/aq_jwst_dlinoss_lrd_spectro_linephase_1/data/external/x1d/goods_n_00034145_x1d.fits,other,25920,1781798571
??,emergent_quantum_geometries/aq_jwst_dlinoss_lrd_spectro_linephase_1/data/external/x1d/goods_n_00034210_x1d.fits,other,25920,1781798571
??,emergent_quantum_geometries/aq_jwst_dlinoss_lrd_spectro_linephase_1/data/external/x1d/goods_n_00034391_x1d.fits,other,25920,1781798571
??,emergent_quantum_geometries/aq_jwst_dlinoss_lrd_spectro_linephase_1/data/external/x1d/goods_n_00034491_x1d.fits,other,25920,1781798571
??,emergent_quantum_geometries/aq_jwst_dlinoss_lrd_spectro_linephase_1/data/external/x1d/goods_n_00034643_x1d.fits,other,25920,1781798571
??,emergent_quantum_geometries/aq_jwst_dlinoss_lrd_spectro_linephase_1/data/external/x1d/goods_n_00034958_x1d.fits,other,25920,1781798571
??,emergent_quantum_geometries/aq_jwst_dlinoss_lrd_spectro_linephase_1/data/external/x1d/goods_n_00038298_x1d.fits,other,25920,1781798571
??,emergent_quantum_geometries/aq_jwst_dlinoss_lrd_spectro_linephase_1/data/external/x1d/goods_n_00038385_x1d.fits,other,25920,1781798571
??,emergent_quantum_geometries/aq_jwst_dlinoss_lrd_spectro_linephase_1/data/external/x1d/goods_n_00038420_x1d.fits,other,25920,1781798571
??,emergent_quantum_geometries/aq_jwst_dlinoss_lrd_spectro_linephase_1/data/external/x1d/goods_n_00038423_x1d.fits,other,25920,1781798571
??,emergent_quantum_geometries/aq_jwst_dlinoss_lrd_spectro_linephase_1/data/external/x1d/goods_n_00038428_x1d.fits,other,25920,1781798571
??,emergent_quantum_geometries/aq_jwst_dlinoss_lrd_spectro_linephase_1/data/external/x1d/goods_n_00038432_x1d.fits,other,25920,1781798571
??,emergent_quantum_geometries/aq_jwst_dlinoss_lrd_spectro_linephase_1/data/external/x1d/goods_n_00038442_x1d.fits,other,25920,1781798571
??,emergent_quantum_geometries/aq_jwst_dlinoss_lrd_spectro_linephase_1/data/external/x1d/goods_n_00038474_x1d.fits,other,25920,1781798572
??,emergent_quantum_geometries/aq_jwst_dlinoss_lrd_spectro_linephase_1/data/external/x1d/goods_n_00038493_x1d.fits,other,25920,1781798572
??,emergent_quantum_geometries/aq_jwst_dlinoss_lrd_spectro_linephase_1/data/external/x1d/goods_n_00038502_x1d.fits,other,25920,1781798572
??,emergent_quantum_geometries/aq_jwst_dlinoss_lrd_spectro_linephase_1/data/external/x1d/goods_n_00038509_x1d.fits,other,25920,1781798572
??,emergent_quantum_geometries/aq_jwst_dlinoss_lrd_spectro_linephase_1/data/external/x1d/goods_n_00038648_x1d.fits,other,25920,1781798572
??,emergent_quantum_geometries/aq_jwst_dlinoss_lrd_spectro_linephase_1/data/external/x1d/goods_n_00038681_x1d.fits,other,25920,1781798572
??,emergent_quantum_geometries/aq_jwst_dlinoss_lrd_spectro_linephase_1/data/external/x1d/goods_n_00038835_x1d.fits,other,25920,1781798572
??,emergent_quantum_geometries/aq_jwst_dlinoss_lrd_spectro_linephase_1/data/external/x1d/goods_n_00038849_x1d.fits,other,25920,1781798572
??,emergent_quantum_geometries/aq_jwst_dlinoss_lrd_spectro_linephase_1/data/external/x1d/goods_n_00039771_x1d.fits,other,25920,1781798572
??,emergent_quantum_geometries/aq_jwst_dlinoss_lrd_spectro_linephase_1/data/external/x1d/goods_n_00039799_x1d.fits,other,25920,1781798572
??,emergent_quantum_geometries/aq_jwst_dlinoss_lrd_spectro_linephase_1/data/external/x1d/goods_n_00040010_x1d.fits,other,25920,1781798572
??,emergent_quantum_geometries/aq_jwst_dlinoss_lrd_spectro_linephase_1/data/external/x1d/goods_n_00040232_x1d.fits,other,25920,1781798572
??,emergent_quantum_geometries/aq_jwst_dlinoss_lrd_spectro_linephase_1/data/external/x1d/goods_n_00041496_x1d.fits,other,25920,1781798572
??,emergent_quantum_geometries/aq_jwst_dlinoss_lrd_spectro_linephase_1/data/external/x1d/goods_n_00042299_x1d.fits,other,25920,1781798572
??,emergent_quantum_geometries/aq_jwst_dlinoss_lrd_spectro_linephase_1/data/external/x1d/goods_n_00042355_x1d.fits,other,25920,1781798572
??,emergent_quantum_geometries/aq_jwst_dlinoss_lrd_spectro_linephase_1/data/external/x1d/goods_n_00042722_x1d.fits,other,25920,1781798572
??,emergent_quantum_geometries/aq_jwst_dlinoss_lrd_spectro_linephase_1/data/external/x1d/goods_n_00042740_x1d.fits,other,25920,1781798572
??,emergent_quantum_geometries/aq_jwst_dlinoss_lrd_spectro_linephase_1/data/external/x1d/goods_n_00042939_x1d.fits,other,25920,1781798572
??,emergent_quantum_geometries/aq_jwst_dlinoss_lrd_spectro_linephase_1/data/external/x1d/goods_n_00043486_x1d.fits,other,25920,1781798572
??,emergent_quantum_geometries/aq_jwst_dlinoss_lrd_spectro_linephase_1/data/external/x1d/goods_n_00044099_x1d.fits,other,25920,1781798572
??,emergent_quantum_geometries/aq_jwst_dlinoss_lrd_spectro_linephase_1/data/external/x1d/goods_n_00044124_x1d.fits,other,25920,1781798572
??,emergent_quantum_geometries/aq_jwst_dlinoss_lrd_spectro_linephase_1/data/external/x1d/goods_n_00045085_x1d.fits,other,25920,1781798572
??,emergent_quantum_geometries/aq_jwst_dlinoss_lrd_spectro_linephase_1/data/external/x1d/goods_n_00045131_x1d.fits,other,25920,1781798572
??,emergent_quantum_geometries/aq_jwst_dlinoss_lrd_spectro_linephase_1/data/external/x1d/goods_n_00045170_x1d.fits,other,25920,1781798572
??,emergent_quantum_geometries/aq_jwst_dlinoss_lrd_spectro_linephase_1/data/external/x1d/goods_n_00045651_x1d.fits,other,25920,1781798572
??,emergent_quantum_geometries/aq_jwst_dlinoss_lrd_spectro_linephase_1/data/external/x1d/goods_n_00045669_x1d.fits,other,25920,1781798572
??,emergent_quantum_geometries/aq_jwst_dlinoss_lrd_spectro_linephase_1/data/external/x1d/goods_n_00045886_x1d.fits,other,25920,1781798572
??,emergent_quantum_geometries/aq_jwst_dlinoss_lrd_spectro_linephase_1/data/external/x1d/goods_n_00045907_x1d.fits,other,25920,1781798572
??,emergent_quantum_geometries/aq_jwst_dlinoss_lrd_spectro_linephase_1/data/external/x1d/goods_n_00045922_x1d.fits,other,25920,1781798572
??,emergent_quantum_geometries/aq_jwst_dlinoss_lrd_spectro_linephase_1/data/external/x1d/goods_n_00045942_x1d.fits,other,25920,1781798572
??,emergent_quantum_geometries/aq_jwst_dlinoss_lrd_spectro_linephase_1/data/external/x1d/goods_n_00045978_x1d.fits,other,25920,1781798572
??,emergent_quantum_geometries/aq_jwst_dlinoss_lrd_spectro_linephase_1/data/external/x1d/goods_n_00045979_x1d.fits,other,25920,1781798572
??,emergent_quantum_geometries/aq_jwst_dlinoss_lrd_spectro_linephase_1/data/external/x1d/goods_n_00046239_x1d.fits,other,25920,1781798573
??,emergent_quantum_geometries/aq_jwst_dlinoss_lrd_spectro_linephase_1/data/external/x1d/goods_n_00046778_x1d.fits,other,25920,1781798573
??,emergent_quantum_geometries/aq_jwst_dlinoss_lrd_spectro_linephase_1/data/external/x1d/goods_n_00047225_x1d.fits,other,25920,1781798573
??,emergent_quantum_geometries/aq_jwst_dlinoss_lrd_spectro_linephase_1/data/external/x1d/goods_n_00047911_x1d.fits,other,25920,1781798573
??,emergent_quantum_geometries/aq_jwst_dlinoss_lrd_spectro_linephase_1/data/external/x1d/goods_n_00047918_x1d.fits,other,25920,1781798573
??,emergent_quantum_geometries/aq_jwst_dlinoss_lrd_spectro_linephase_1/data/external/x1d/goods_n_00048008_x1d.fits,other,25920,1781798573
??,emergent_quantum_geometries/aq_jwst_dlinoss_lrd_spectro_linephase_1/data/external/x1d/goods_n_00048228_x1d.fits,other,25920,1781798573
??,emergent_quantum_geometries/aq_jwst_dlinoss_lrd_spectro_linephase_1/data/external/x1d/goods_n_00048302_x1d.fits,other,25920,1781798573
??,emergent_quantum_geometries/aq_jwst_dlinoss_lrd_spectro_linephase_1/data/external/x1d/goods_n_00048672_x1d.fits,other,25920,1781798573
??,emergent_quantum_geometries/aq_jwst_dlinoss_lrd_spectro_linephase_1/data/external/x1d/goods_n_00049372_x1d.fits,other,25920,1781798573
??,emergent_quantum_geometries/aq_jwst_dlinoss_lrd_spectro_linephase_1/data/external/x1d/goods_n_00052923_x1d.fits,other,25920,1781798573
??,emergent_quantum_geometries/aq_jwst_dlinoss_lrd_spectro_linephase_1/data/external/x1d/goods_n_00053757_x1d.fits,other,25920,1781798573
??,emergent_quantum_geometries/aq_jwst_dlinoss_lrd_spectro_linephase_1/data/external/x1d/goods_n_00053927_x1d.fits,other,25920,1781798573
??,emergent_quantum_geometries/aq_jwst_dlinoss_lrd_spectro_linephase_1/data/external/x1d/goods_n_00054165_x1d.fits,other,25920,1781798573
??,emergent_quantum_geometries/aq_jwst_dlinoss_lrd_spectro_linephase_1/data/external/x1d/goods_n_00054834_x1d.fits,other,25920,1781798573
??,emergent_quantum_geometries/aq_jwst_dlinoss_lrd_spectro_linephase_1/data/external/x1d/goods_n_00054885_x1d.fits,other,25920,1781798573
??,emergent_quantum_geometries/aq_jwst_dlinoss_lrd_spectro_linephase_1/data/external/x1d/goods_n_00055757_x1d.fits,other,25920,1781798573
??,emergent_quantum_geometries/aq_jwst_dlinoss_lrd_spectro_linephase_1/data/external/x1d/goods_n_00055766_x1d.fits,other,25920,1781798573
??,emergent_quantum_geometries/aq_jwst_dlinoss_lrd_spectro_linephase_1/data/external/x1d/goods_n_00055967_x1d.fits,other,25920,1781798573
??,emergent_quantum_geometries/aq_jwst_dlinoss_lrd_spectro_linephase_1/data/external/x1d/goods_n_00056120_x1d.fits,other,25920,1781798573
??,emergent_quantum_geometries/aq_jwst_dlinoss_lrd_spectro_linephase_1/data/external/x1d/goods_n_00056785_x1d.fits,other,25920,1781798573
??,emergent_quantum_geometries/aq_jwst_dlinoss_lrd_spectro_linephase_1/data/external/x1d/goods_n_00056903_x1d.fits,other,25920,1781798573
??,emergent_quantum_geometries/aq_jwst_dlinoss_lrd_spectro_linephase_1/data/external/x1d/goods_n_00057249_x1d.fits,other,25920,1781798573
??,emergent_quantum_geometries/aq_jwst_dlinoss_lrd_spectro_linephase_1/data/external/x1d/goods_n_00057330_x1d.fits,other,25920,1781798573
??,emergent_quantum_geometries/aq_jwst_dlinoss_lrd_spectro_linephase_1/data/external/x1d/goods_n_00057605_x1d.fits,other,25920,1781798573
??,emergent_quantum_geometries/aq_jwst_dlinoss_lrd_spectro_linephase_1/data/external/x1d/goods_n_00058327_x1d.fits,other,25920,1781798574
??,emergent_quantum_geometries/aq_jwst_dlinoss_lrd_spectro_linephase_1/data/external/x1d/goods_n_00058441_x1d.fits,other,25920,1781798574
??,emergent_quantum_geometries/aq_jwst_dlinoss_lrd_spectro_linephase_1/data/external/x1d/goods_n_00058458_x1d.fits,other,25920,1781798574
??,emergent_quantum_geometries/aq_jwst_dlinoss_lrd_spectro_linephase_1/data/external/x1d/goods_n_00058561_x1d.fits,other,25920,1781798574
??,emergent_quantum_geometries/aq_jwst_dlinoss_lrd_spectro_linephase_1/data/external/x1d/goods_n_00058642_x1d.fits,other,25920,1781798574
??,emergent_quantum_geometries/aq_jwst_dlinoss_lrd_spectro_linephase_1/data/external/x1d/goods_n_00058736_x1d.fits,other,25920,1781798574
??,emergent_quantum_geometries/aq_jwst_dlinoss_lrd_spectro_linephase_1/data/external/x1d/goods_n_00059156_x1d.fits,other,25920,1781798574
??,emergent_quantum_geometries/aq_jwst_dlinoss_lrd_spectro_linephase_1/data/external/x1d/goods_n_00059350_x1d.fits,other,25920,1781798574
??,emergent_quantum_geometries/aq_jwst_dlinoss_lrd_spectro_linephase_1/data/external/x1d/goods_n_00059412_x1d.fits,other,25920,1781798574
??,emergent_quantum_geometries/aq_jwst_dlinoss_lrd_spectro_linephase_1/data/external/x1d/goods_n_00059470_x1d.fits,other,25920,1781798574
??,emergent_quantum_geometries/aq_jwst_dlinoss_lrd_spectro_linephase_1/data/external/x1d/goods_n_00059734_x1d.fits,other,25920,1781798574
??,emergent_quantum_geometries/aq_jwst_dlinoss_lrd_spectro_linephase_1/data/external/x1d/goods_n_00059788_x1d.fits,other,25920,1781798574
??,emergent_quantum_geometries/aq_jwst_dlinoss_lrd_spectro_linephase_1/data/external/x1d/goods_n_00060331_x1d.fits,other,25920,1781798574
??,emergent_quantum_geometries/aq_jwst_dlinoss_lrd_spectro_linephase_1/data/external/x1d/goods_n_00060348_x1d.fits,other,25920,1781798574
??,emergent_quantum_geometries/aq_jwst_dlinoss_lrd_spectro_linephase_1/data/external/x1d/goods_n_00060436_x1d.fits,other,25920,1781798574
??,emergent_quantum_geometries/aq_jwst_dlinoss_lrd_spectro_linephase_1/data/external/x1d/goods_n_00060835_x1d.fits,other,25920,1781798574
??,emergent_quantum_geometries/aq_jwst_dlinoss_lrd_spectro_linephase_1/data/external/x1d/goods_n_00061712_x1d.fits,other,25920,1781798574
??,emergent_quantum_geometries/aq_jwst_dlinoss_lrd_spectro_linephase_1/data/external/x1d/goods_n_00061759_x1d.fits,other,25920,1781798574
??,emergent_quantum_geometries/aq_jwst_dlinoss_lrd_spectro_linephase_1/data/external/x1d/goods_n_00061888_x1d.fits,other,25920,1781798574
??,emergent_quantum_geometries/aq_jwst_dlinoss_lrd_spectro_linephase_1/data/external/x1d/goods_n_00062008_x1d.fits,other,25920,1781798574
??,emergent_quantum_geometries/aq_jwst_dlinoss_lrd_spectro_linephase_1/data/external/x1d/goods_n_00062309_x1d.fits,other,25920,1781798574
??,emergent_quantum_geometries/aq_jwst_dlinoss_lrd_spectro_linephase_1/data/external/x1d/goods_n_00062502_x1d.fits,other,25920,1781798574
??,emergent_quantum_geometries/aq_jwst_dlinoss_lrd_spectro_linephase_1/data/external/x1d/goods_n_00062955_x1d.fits,other,25920,1781798574
??,emergent_quantum_geometries/aq_jwst_dlinoss_lrd_spectro_linephase_1/data/external/x1d/goods_n_00063089_x1d.fits,other,25920,1781798574
??,emergent_quantum_geometries/aq_jwst_dlinoss_lrd_spectro_linephase_1/data/external/x1d/goods_n_00063553_x1d.fits,other,25920,1781798574
??,emergent_quantum_geometries/aq_jwst_dlinoss_lrd_spectro_linephase_1/data/external/x1d/goods_n_00064585_x1d.fits,other,25920,1781798574
??,emergent_quantum_geometries/aq_jwst_dlinoss_lrd_spectro_linephase_1/data/external/x1d/goods_n_00064676_x1d.fits,other,25920,1781798574
??,emergent_quantum_geometries/aq_jwst_dlinoss_lrd_spectro_linephase_1/data/external/x1d/goods_n_00064685_x1d.fits,other,25920,1781798574
??,emergent_quantum_geometries/aq_jwst_dlinoss_lrd_spectro_linephase_1/data/external/x1d/goods_n_00064734_x1d.fits,other,25920,1781798575
??,emergent_quantum_geometries/aq_jwst_dlinoss_lrd_spectro_linephase_1/data/external/x1d/goods_n_00064791_x1d.fits,other,25920,1781798575
??,emergent_quantum_geometries/aq_jwst_dlinoss_lrd_spectro_linephase_1/data/external/x1d/goods_n_00064818_x1d.fits,other,25920,1781798575
??,emergent_quantum_geometries/aq_jwst_dlinoss_lrd_spectro_linephase_1/data/external/x1d/goods_n_00064857_x1d.fits,other,25920,1781798575
??,emergent_quantum_geometries/aq_jwst_dlinoss_lrd_spectro_linephase_1/data/external/x1d/goods_n_00064872_x1d.fits,other,25920,1781798575
??,emergent_quantum_geometries/aq_jwst_dlinoss_lrd_spectro_linephase_1/data/external/x1d/goods_n_00064896_x1d.fits,other,25920,1781798575
??,emergent_quantum_geometries/aq_jwst_dlinoss_lrd_spectro_linephase_1/data/external/x1d/goods_n_00064954_x1d.fits,other,25920,1781798575
??,emergent_quantum_geometries/aq_jwst_dlinoss_lrd_spectro_linephase_1/data/external/x1d/goods_n_00064975_x1d.fits,other,25920,1781798575
??,emergent_quantum_geometries/aq_jwst_dlinoss_lrd_spectro_linephase_1/data/external/x1d/goods_n_00064977_x1d.fits,other,25920,1781798575
??,emergent_quantum_geometries/aq_jwst_dlinoss_lrd_spectro_linephase_1/data/external/x1d/goods_n_00064984_x1d.fits,other,25920,1781798575
??,emergent_quantum_geometries/aq_jwst_dlinoss_lrd_spectro_linephase_1/data/external/x1d/goods_n_00064995_x1d.fits,other,25920,1781798575
??,emergent_quantum_geometries/aq_jwst_dlinoss_lrd_spectro_linephase_1/data/external/x1d/goods_n_00064999_x1d.fits,other,25920,1781798575
??,emergent_quantum_geometries/aq_jwst_dlinoss_lrd_spectro_linephase_1/data/external/x1d/goods_n_00065026_x1d.fits,other,25920,1781798575
??,emergent_quantum_geometries/aq_jwst_dlinoss_lrd_spectro_linephase_1/data/external/x1d/goods_n_00065032_x1d.fits,other,25920,1781798575
??,emergent_quantum_geometries/aq_jwst_dlinoss_lrd_spectro_linephase_1/data/external/x1d/goods_n_00065053_x1d.fits,other,25920,1781798575
??,emergent_quantum_geometries/aq_jwst_dlinoss_lrd_spectro_linephase_1/data/external/x1d/goods_n_00065062_x1d.fits,other,25920,1781798575
??,emergent_quantum_geometries/aq_jwst_dlinoss_lrd_spectro_linephase_1/data/external/x1d/goods_n_00065099_x1d.fits,other,25920,1781798575
??,emergent_quantum_geometries/aq_jwst_dlinoss_lrd_spectro_linephase_1/data/external/x1d/goods_n_00065114_x1d.fits,other,25920,1781798575
??,emergent_quantum_geometries/aq_jwst_dlinoss_lrd_spectro_linephase_1/data/external/x1d/goods_n_00065126_x1d.fits,other,25920,1781798575
??,emergent_quantum_geometries/aq_jwst_dlinoss_lrd_spectro_linephase_1/data/external/x1d/goods_n_00065128_x1d.fits,other,25920,1781798575
??,emergent_quantum_geometries/aq_jwst_dlinoss_lrd_spectro_linephase_1/data/external/x1d/goods_n_00065144_x1d.fits,other,25920,1781798575
??,emergent_quantum_geometries/aq_jwst_dlinoss_lrd_spectro_linephase_1/data/external/x1d/goods_n_00065299_x1d.fits,other,25920,1781798575
??,emergent_quantum_geometries/aq_jwst_dlinoss_lrd_spectro_linephase_1/data/external/x1d/goods_n_00065891_x1d.fits,other,25920,1781798575
??,emergent_quantum_geometries/aq_jwst_dlinoss_lrd_spectro_linephase_1/data/external/x1d/goods_n_00065970_x1d.fits,other,25920,1781798575
??,emergent_quantum_geometries/aq_jwst_dlinoss_lrd_spectro_linephase_1/data/external/x1d/goods_n_00066249_x1d.fits,other,25920,1781798575
??,emergent_quantum_geometries/aq_jwst_dlinoss_lrd_spectro_linephase_1/data/external/x1d/goods_n_00066336_x1d.fits,other,25920,1781798575
??,emergent_quantum_geometries/aq_jwst_dlinoss_lrd_spectro_linephase_1/data/external/x1d/goods_n_00066585_x1d.fits,other,25920,1781798575
??,emergent_quantum_geometries/aq_jwst_dlinoss_lrd_spectro_linephase_1/data/external/x1d/goods_n_00067006_x1d.fits,other,25920,1781798575
??,emergent_quantum_geometries/aq_jwst_dlinoss_lrd_spectro_linephase_1/data/external/x1d/goods_n_00069348_x1d.fits,other,25920,1781798576
??,emergent_quantum_geometries/aq_jwst_dlinoss_lrd_spectro_linephase_1/data/external/x1d/goods_n_00069736_x1d.fits,other,25920,1781798576
??,emergent_quantum_geometries/aq_jwst_dlinoss_lrd_spectro_linephase_1/data/external/x1d/goods_n_00070173_x1d.fits,other,25920,1781798576
??,emergent_quantum_geometries/aq_jwst_dlinoss_lrd_spectro_linephase_1/data/external/x1d/goods_n_00070340_x1d.fits,other,25920,1781798576
??,emergent_quantum_geometries/aq_jwst_dlinoss_lrd_spectro_linephase_1/data/external/x1d/goods_n_00070366_x1d.fits,other,25920,1781798576
??,emergent_quantum_geometries/aq_jwst_dlinoss_lrd_spectro_linephase_1/data/external/x1d/goods_n_00070463_x1d.fits,other,25920,1781798576
??,emergent_quantum_geometries/aq_jwst_dlinoss_lrd_spectro_linephase_1/data/external/x1d/goods_n_00070468_x1d.fits,other,25920,1781798576
??,emergent_quantum_geometries/aq_jwst_dlinoss_lrd_spectro_linephase_1/data/external/x1d/goods_n_00070920_x1d.fits,other,25920,1781798576
??,emergent_quantum_geometries/aq_jwst_dlinoss_lrd_spectro_linephase_1/data/external/x1d/goods_n_00071093_x1d.fits,other,25920,1781798576
??,emergent_quantum_geometries/aq_jwst_dlinoss_lrd_spectro_linephase_1/data/external/x1d/goods_n_00071469_x1d.fits,other,25920,1781798576
??,emergent_quantum_geometries/aq_jwst_dlinoss_lrd_spectro_linephase_1/data/external/x1d/goods_n_00071692_x1d.fits,other,25920,1781798576
??,emergent_quantum_geometries/aq_jwst_dlinoss_lrd_spectro_linephase_1/data/external/x1d/goods_n_00071723_x1d.fits,other,25920,1781798576
??,emergent_quantum_geometries/aq_jwst_dlinoss_lrd_spectro_linephase_1/data/external/x1d/goods_n_00071890_x1d.fits,other,25920,1781798576
??,emergent_quantum_geometries/aq_jwst_dlinoss_lrd_spectro_linephase_1/data/external/x1d/goods_n_00071914_x1d.fits,other,25920,1781798576
??,emergent_quantum_geometries/aq_jwst_dlinoss_lrd_spectro_linephase_1/data/external/x1d/goods_n_00071983_x1d.fits,other,25920,1781798576
??,emergent_quantum_geometries/aq_jwst_dlinoss_lrd_spectro_linephase_1/data/external/x1d/goods_n_00072127_x1d.fits,other,25920,1781798576
??,emergent_quantum_geometries/aq_jwst_dlinoss_lrd_spectro_linephase_1/data/external/x1d/goods_n_00072208_x1d.fits,other,25920,1781798576
??,emergent_quantum_geometries/aq_jwst_dlinoss_lrd_spectro_linephase_1/data/external/x1d/goods_n_00072254_x1d.fits,other,25920,1781798576
??,emergent_quantum_geometries/aq_jwst_dlinoss_lrd_spectro_linephase_1/data/external/x1d/goods_n_00072321_x1d.fits,other,25920,1781798576
??,emergent_quantum_geometries/aq_jwst_dlinoss_lrd_spectro_linephase_1/data/external/x1d/goods_n_00072340_x1d.fits,other,25920,1781798576
??,emergent_quantum_geometries/aq_jwst_dlinoss_lrd_spectro_linephase_1/data/external/x1d/goods_n_00072370_x1d.fits,other,25920,1781798576
??,emergent_quantum_geometries/aq_jwst_dlinoss_lrd_spectro_linephase_1/data/external/x1d/goods_n_00072558_x1d.fits,other,25920,1781798576
??,emergent_quantum_geometries/aq_jwst_dlinoss_lrd_spectro_linephase_1/data/external/x1d/goods_n_00072631_x1d.fits,other,25920,1781798576
??,emergent_quantum_geometries/aq_jwst_dlinoss_lrd_spectro_linephase_1/data/external/x1d/goods_n_00072719_x1d.fits,other,25920,1781798576
??,emergent_quantum_geometries/aq_jwst_dlinoss_lrd_spectro_linephase_1/data/external/x1d/goods_n_00072842_x1d.fits,other,25920,1781798576
??,emergent_quantum_geometries/aq_jwst_dlinoss_lrd_spectro_linephase_1/data/external/x1d/goods_n_00073302_x1d.fits,other,25920,1781798576
??,emergent_quantum_geometries/aq_jwst_dlinoss_lrd_spectro_linephase_1/data/external/x1d/goods_n_00073357_x1d.fits,other,25920,1781798576
??,emergent_quantum_geometries/aq_jwst_dlinoss_lrd_spectro_linephase_1/data/external/x1d/goods_n_00073488_x1d.fits,other,25920,1781798576
??,emergent_quantum_geometries/aq_jwst_dlinoss_lrd_spectro_linephase_1/data/external/x1d/goods_n_00073584_x1d.fits,other,25920,1781798577
??,emergent_quantum_geometries/aq_jwst_dlinoss_lrd_spectro_linephase_1/data/external/x1d/goods_n_00073977_x1d.fits,other,25920,1781798577
??,emergent_quantum_geometries/aq_jwst_dlinoss_lrd_spectro_linephase_1/data/external/x1d/goods_n_00076015_x1d.fits,other,25920,1781798577
??,emergent_quantum_geometries/aq_jwst_dlinoss_lrd_spectro_linephase_1/data/external/x1d/goods_n_00076348_x1d.fits,other,25920,1781798577
??,emergent_quantum_geometries/aq_jwst_dlinoss_lrd_spectro_linephase_1/data/external/x1d/goods_n_00076402_x1d.fits,other,25920,1781798577
??,emergent_quantum_geometries/aq_jwst_dlinoss_lrd_spectro_linephase_1/data/external/x1d/goods_n_00076489_x1d.fits,other,25920,1781798577
??,emergent_quantum_geometries/aq_jwst_dlinoss_lrd_spectro_linephase_1/data/external/x1d/goods_n_00076587_x1d.fits,other,25920,1781798577
??,emergent_quantum_geometries/aq_jwst_dlinoss_lrd_spectro_linephase_1/data/external/x1d/goods_n_00076927_x1d.fits,other,25920,1781798577
??,emergent_quantum_geometries/aq_jwst_dlinoss_lrd_spectro_linephase_1/data/external/x1d/goods_n_00076983_x1d.fits,other,25920,1781798577
??,emergent_quantum_geometries/aq_jwst_dlinoss_lrd_spectro_linephase_1/data/external/x1d/goods_n_00076995_x1d.fits,other,25920,1781798577
??,emergent_quantum_geometries/aq_jwst_dlinoss_lrd_spectro_linephase_1/data/external/x1d/goods_n_00077071_x1d.fits,other,25920,1781798577
??,emergent_quantum_geometries/aq_jwst_dlinoss_lrd_spectro_linephase_1/data/external/x1d/goods_n_00077416_x1d.fits,other,25920,1781798577
??,emergent_quantum_geometries/aq_jwst_dlinoss_lrd_spectro_linephase_1/data/external/x1d/goods_n_00077571_x1d.fits,other,25920,1781798577
??,emergent_quantum_geometries/aq_jwst_dlinoss_lrd_spectro_linephase_1/data/external/x1d/goods_n_00077652_x1d.fits,other,25920,1781798577
??,emergent_quantum_geometries/aq_jwst_dlinoss_lrd_spectro_linephase_1/data/external/x1d/goods_n_00077713_x1d.fits,other,25920,1781798577
??,emergent_quantum_geometries/aq_jwst_dlinoss_lrd_spectro_linephase_1/data/external/x1d/goods_n_00077760_x1d.fits,other,25920,1781798577
??,emergent_quantum_geometries/aq_jwst_dlinoss_lrd_spectro_linephase_1/data/external/x1d/goods_n_00078032_x1d.fits,other,25920,1781798577
??,emergent_quantum_geometries/aq_jwst_dlinoss_lrd_spectro_linephase_1/data/external/x1d/goods_n_00078109_x1d.fits,other,25920,1781798577
??,emergent_quantum_geometries/aq_jwst_dlinoss_lrd_spectro_linephase_1/data/external/x1d/goods_n_00078349_x1d.fits,other,25920,1781798577
??,emergent_quantum_geometries/aq_jwst_dlinoss_lrd_spectro_linephase_1/data/external/x1d/goods_n_00078455_x1d.fits,other,25920,1781798577
??,emergent_quantum_geometries/aq_jwst_dlinoss_lrd_spectro_linephase_1/data/external/x1d/goods_n_00078501_x1d.fits,other,25920,1781798577
??,emergent_quantum_geometries/aq_jwst_dlinoss_lrd_spectro_linephase_1/data/external/x1d/goods_n_00078773_x1d.fits,other,25920,1781798577
??,emergent_quantum_geometries/aq_jwst_dlinoss_lrd_spectro_linephase_1/data/external/x1d/goods_n_00078888_x1d.fits,other,25920,1781798577
??,emergent_quantum_geometries/aq_jwst_dlinoss_lrd_spectro_linephase_1/data/external/x1d/goods_n_00078891_x1d.fits,other,25920,1781798577
??,emergent_quantum_geometries/aq_jwst_dlinoss_lrd_spectro_linephase_1/data/external/x1d/goods_n_00078931_x1d.fits,other,25920,1781798577
??,emergent_quantum_geometries/aq_jwst_dlinoss_lrd_spectro_linephase_1/data/external/x1d/goods_n_00079203_x1d.fits,other,25920,1781798577
??,emergent_quantum_geometries/aq_jwst_dlinoss_lrd_spectro_linephase_1/data/external/x1d/goods_n_00079294_x1d.fits,other,25920,1781798577
??,emergent_quantum_geometries/aq_jwst_dlinoss_lrd_spectro_linephase_1/data/external/x1d/goods_n_00079297_x1d.fits,other,25920,1781798577
??,emergent_quantum_geometries/aq_jwst_dlinoss_lrd_spectro_linephase_1/data/external/x1d/goods_n_00079309_x1d.fits,other,25920,1781798577
??,emergent_quantum_geometries/aq_jwst_dlinoss_lrd_spectro_linephase_1/data/external/x1d/goods_n_00079349_x1d.fits,other,25920,1781798577
??,emergent_quantum_geometries/aq_jwst_dlinoss_lrd_spectro_linephase_1/data/external/x1d/goods_n_00079358_x1d.fits,other,25920,1781798577
??,emergent_quantum_geometries/aq_jwst_dlinoss_lrd_spectro_linephase_1/data/external/x1d/goods_n_00079393_x1d.fits,other,25920,1781798577
??,emergent_quantum_geometries/aq_jwst_dlinoss_lrd_spectro_linephase_1/data/external/x1d/goods_n_00079534_x1d.fits,other,25920,1781798578
??,emergent_quantum_geometries/aq_jwst_dlinoss_lrd_spectro_linephase_1/data/external/x1d/goods_n_00079572_x1d.fits,other,25920,1781798578
??,emergent_quantum_geometries/aq_jwst_dlinoss_lrd_spectro_linephase_1/data/external/x1d/goods_n_00080185_x1d.fits,other,25920,1781798578
??,emergent_quantum_geometries/aq_jwst_dlinoss_lrd_spectro_linephase_1/data/external/x1d/goods_n_00080267_x1d.fits,other,25920,1781798578
??,emergent_quantum_geometries/aq_jwst_dlinoss_lrd_spectro_linephase_1/data/external/x1d/goods_n_00080391_x1d.fits,other,25920,1781798578
??,emergent_quantum_geometries/aq_jwst_dlinoss_lrd_spectro_linephase_1/data/external/x1d/goods_n_00080538_x1d.fits,other,25920,1781798578
??,emergent_quantum_geometries/aq_jwst_dlinoss_lrd_spectro_linephase_1/data/external/x1d/goods_n_00080582_x1d.fits,other,25920,1781798578
??,emergent_quantum_geometries/aq_jwst_dlinoss_lrd_spectro_linephase_1/data/external/x1d/goods_n_00080742_x1d.fits,other,25920,1781798578
??,emergent_quantum_geometries/aq_jwst_dlinoss_lrd_spectro_linephase_1/data/external/x1d/goods_n_00080807_x1d.fits,other,25920,1781798578
??,emergent_quantum_geometries/aq_jwst_dlinoss_lrd_spectro_linephase_1/data/external/x1d/goods_n_00080875_x1d.fits,other,25920,1781798578
??,emergent_quantum_geometries/aq_jwst_dlinoss_lrd_spectro_linephase_1/data/external/x1d/goods_n_00081046_x1d.fits,other,25920,1781798578
??,emergent_quantum_geometries/aq_jwst_dlinoss_lrd_spectro_linephase_1/data/external/x1d/goods_n_00081063_x1d.fits,other,25920,1781798578
??,emergent_quantum_geometries/aq_jwst_dlinoss_lrd_spectro_linephase_1/data/external/x1d/goods_n_00081464_x1d.fits,other,25920,1781798578
??,emergent_quantum_geometries/aq_jwst_dlinoss_lrd_spectro_linephase_1/data/external/x1d/goods_n_00081497_x1d.fits,other,25920,1781798578
??,emergent_quantum_geometries/aq_jwst_dlinoss_lrd_spectro_linephase_1/data/external/x1d/goods_n_00081621_x1d.fits,other,25920,1781798578
??,emergent_quantum_geometries/aq_jwst_dlinoss_lrd_spectro_linephase_1/data/external/x1d/goods_n_00081681_x1d.fits,other,25920,1781798578
??,emergent_quantum_geometries/aq_jwst_dlinoss_lrd_spectro_linephase_1/data/external/x1d/goods_n_00081942_x1d.fits,other,25920,1781798578
??,emergent_quantum_geometries/aq_jwst_dlinoss_lrd_spectro_linephase_1/data/external/x1d/goods_n_00082068_x1d.fits,other,25920,1781798578
??,emergent_quantum_geometries/aq_jwst_dlinoss_lrd_spectro_linephase_1/data/external/x1d/goods_n_00082644_x1d.fits,other,25920,1781798578
??,emergent_quantum_geometries/aq_jwst_dlinoss_lrd_spectro_linephase_1/data/external/x1d/goods_n_00082830_x1d.fits,other,25920,1781798578
??,emergent_quantum_geometries/aq_jwst_dlinoss_lrd_spectro_linephase_1/data/external/x1d/goods_n_00082948_x1d.fits,other,25920,1781798578
??,emergent_quantum_geometries/aq_jwst_dlinoss_lrd_spectro_linephase_1/data/external/x1d/goods_n_00082960_x1d.fits,other,25920,1781798578
??,emergent_quantum_geometries/aq_jwst_dlinoss_lrd_spectro_linephase_1/data/external/x1d/goods_n_00082961_x1d.fits,other,25920,1781798578
??,emergent_quantum_geometries/aq_jwst_dlinoss_lrd_spectro_linephase_1/data/external/x1d/goods_n_00083030_x1d.fits,other,25920,1781798578
??,emergent_quantum_geometries/aq_jwst_dlinoss_lrd_spectro_linephase_1/data/external/x1d/goods_n_00083288_x1d.fits,other,25920,1781798578
??,emergent_quantum_geometries/aq_jwst_dlinoss_lrd_spectro_linephase_1/data/external/x1d/goods_n_00089464_x1d.fits,other,25920,1781798578
??,emergent_quantum_geometries/aq_jwst_dlinoss_lrd_spectro_linephase_1/data/external/x1d/goods_n_00090300_x1d.fits,other,25920,1781798579
??,emergent_quantum_geometries/aq_jwst_dlinoss_lrd_spectro_linephase_1/data/external/x1d/goods_n_10000865_x1d.fits,other,25920,1781798579
??,emergent_quantum_geometries/aq_jwst_dlinoss_lrd_spectro_linephase_1/data/external/x1d/goods_n_10000885_x1d.fits,other,25920,1781798579
??,emergent_quantum_geometries/aq_jwst_dlinoss_lrd_spectro_linephase_1/data/external/x1d/goods_n_10001111_x1d.fits,other,25920,1781798579
??,emergent_quantum_geometries/aq_jwst_dlinoss_lrd_spectro_linephase_1/data/external/x1d/goods_n_10001897_x1d.fits,other,25920,1781798579
??,emergent_quantum_geometries/aq_jwst_dlinoss_lrd_spectro_linephase_1/data/external/x1d/goods_n_10003617_x1d.fits,other,25920,1781798579
??,emergent_quantum_geometries/aq_jwst_dlinoss_lrd_spectro_linephase_1/data/external/x1d/goods_n_10003641_x1d.fits,other,25920,1781798579
??,emergent_quantum_geometries/aq_jwst_dlinoss_lrd_spectro_linephase_1/data/external/x1d/goods_n_10003642_x1d.fits,other,25920,1781798579
??,emergent_quantum_geometries/aq_jwst_dlinoss_lrd_spectro_linephase_1/data/external/x1d/goods_n_10004051_x1d.fits,other,25920,1781798579
??,emergent_quantum_geometries/aq_jwst_dlinoss_lrd_spectro_linephase_1/data/external/x1d/goods_n_10009609_x1d.fits,other,25920,1781798579
??,emergent_quantum_geometries/aq_jwst_dlinoss_lrd_spectro_linephase_1/data/external/x1d/goods_n_10009908_x1d.fits,other,25920,1781798579
??,emergent_quantum_geometries/aq_jwst_dlinoss_lrd_spectro_linephase_1/data/external/x1d/goods_n_10009913_x1d.fits,other,25920,1781798579
??,emergent_quantum_geometries/aq_jwst_dlinoss_lrd_spectro_linephase_1/data/external/x1d/goods_n_10014109_x1d.fits,other,25920,1781798579
??,emergent_quantum_geometries/aq_jwst_dlinoss_lrd_spectro_linephase_1/data/external/x1d/goods_n_10020038_x1d.fits,other,25920,1781798579
??,emergent_quantum_geometries/aq_jwst_dlinoss_lrd_spectro_linephase_1/data/external/x1d/goods_n_10026755_x1d.fits,other,25920,1781798579
??,emergent_quantum_geometries/aq_jwst_dlinoss_lrd_spectro_linephase_1/data/external/x1d/goods_n_10028655_x1d.fits,other,25920,1781798579
??,emergent_quantum_geometries/aq_jwst_dlinoss_lrd_spectro_linephase_1/data/external/x1d/goods_n_10028785_x1d.fits,other,25920,1781798579
??,emergent_quantum_geometries/aq_jwst_dlinoss_lrd_spectro_linephase_1/data/external/x1d/goods_n_10038778_x1d.fits,other,25920,1781798579
??,emergent_quantum_geometries/aq_jwst_dlinoss_lrd_spectro_linephase_1/data/external/x1d/goods_n_10040141_x1d.fits,other,25920,1781798579
??,emergent_quantum_geometries/aq_jwst_dlinoss_lrd_spectro_linephase_1/data/external/x1d/goods_n_10082643_x1d.fits,other,25920,1781798579
??,emergent_quantum_geometries/aq_jwst_dlinoss_lrd_spectro_linephase_1/data/external/x1d/goods_s_00001594_x1d.fits,other,25920,1781798579
??,emergent_quantum_geometries/aq_jwst_dlinoss_lrd_spectro_linephase_1/data/external/x1d/goods_s_00002430_x1d.fits,other,25920,1781798579
??,emergent_quantum_geometries/aq_jwst_dlinoss_lrd_spectro_linephase_1/data/external/x1d/goods_s_00003135_x1d.fits,other,25920,1781798579
??,emergent_quantum_geometries/aq_jwst_dlinoss_lrd_spectro_linephase_1/data/external/x1d/goods_s_00004028_x1d.fits,other,25920,1781798580
??,emergent_quantum_geometries/aq_jwst_dlinoss_lrd_spectro_linephase_1/data/external/x1d/goods_s_00004873_x1d.fits,other,25920,1781798580
??,emergent_quantum_geometries/aq_jwst_dlinoss_lrd_spectro_linephase_1/data/external/x1d/goods_s_00005052_x1d.fits,other,25920,1781798580
??,emergent_quantum_geometries/aq_jwst_dlinoss_lrd_spectro_linephase_1/data/external/x1d/goods_s_00005173_x1d.fits,other,25920,1781798580
??,emergent_quantum_geometries/aq_jwst_dlinoss_lrd_spectro_linephase_1/data/external/x1d/goods_s_00005254_x1d.fits,other,25920,1781798580
??,emergent_quantum_geometries/aq_jwst_dlinoss_lrd_spectro_linephase_1/data/external/x1d/goods_s_00005274_x1d.fits,other,25920,1781798580
??,emergent_quantum_geometries/aq_jwst_dlinoss_lrd_spectro_linephase_1/data/external/x1d/goods_s_00005278_x1d.fits,other,25920,1781798580
??,emergent_quantum_geometries/aq_jwst_dlinoss_lrd_spectro_linephase_1/data/external/x1d/goods_s_00005672_x1d.fits,other,25920,1781798580
??,emergent_quantum_geometries/aq_jwst_dlinoss_lrd_spectro_linephase_1/data/external/x1d/goods_s_00005724_x1d.fits,other,25920,1781798580
??,emergent_quantum_geometries/aq_jwst_dlinoss_lrd_spectro_linephase_1/data/external/x1d/goods_s_00005736_x1d.fits,other,25920,1781798580
??,emergent_quantum_geometries/aq_jwst_dlinoss_lrd_spectro_linephase_1/data/external/x1d/goods_s_00005785_x1d.fits,other,25920,1781798580
??,emergent_quantum_geometries/aq_jwst_dlinoss_lrd_spectro_linephase_1/data/external/x1d/goods_s_00005830_x1d.fits,other,25920,1781798581
??,emergent_quantum_geometries/aq_jwst_dlinoss_lrd_spectro_linephase_1/data/external/x1d/goods_s_00005835_x1d.fits,other,25920,1781798581
??,emergent_quantum_geometries/aq_jwst_dlinoss_lrd_spectro_linephase_1/data/external/x1d/goods_s_00005905_x1d.fits,other,25920,1781798581
??,emergent_quantum_geometries/aq_jwst_dlinoss_lrd_spectro_linephase_1/data/external/x1d/goods_s_00005946_x1d.fits,other,25920,1781798581
??,emergent_quantum_geometries/aq_jwst_dlinoss_lrd_spectro_linephase_1/data/external/x1d/goods_s_00006022_x1d.fits,other,25920,1781798581
??,emergent_quantum_geometries/aq_jwst_dlinoss_lrd_spectro_linephase_1/data/external/x1d/goods_s_00006112_x1d.fits,other,25920,1781798581
??,emergent_quantum_geometries/aq_jwst_dlinoss_lrd_spectro_linephase_1/data/external/x1d/goods_s_00006139_x1d.fits,other,25920,1781798581
??,emergent_quantum_geometries/aq_jwst_dlinoss_lrd_spectro_linephase_1/data/external/x1d/goods_s_00006227_x1d.fits,other,25920,1781798581
??,emergent_quantum_geometries/aq_jwst_dlinoss_lrd_spectro_linephase_1/data/external/x1d/goods_s_00006384_x1d.fits,other,25920,1781798581
??,emergent_quantum_geometries/aq_jwst_dlinoss_lrd_spectro_linephase_1/data/external/x1d/goods_s_00006398_x1d.fits,other,25920,1781798581
??,emergent_quantum_geometries/aq_jwst_dlinoss_lrd_spectro_linephase_1/data/external/x1d/goods_s_00006477_x1d.fits,other,25920,1781798581
??,emergent_quantum_geometries/aq_jwst_dlinoss_lrd_spectro_linephase_1/data/external/x1d/goods_s_00006548_x1d.fits,other,25920,1781798581
??,emergent_quantum_geometries/aq_jwst_dlinoss_lrd_spectro_linephase_1/data/external/x1d/goods_s_00006591_x1d.fits,other,25920,1781798581
??,emergent_quantum_geometries/aq_jwst_dlinoss_lrd_spectro_linephase_1/data/external/x1d/goods_s_00006620_x1d.fits,other,25920,1781798581
??,emergent_quantum_geometries/aq_jwst_dlinoss_lrd_spectro_linephase_1/data/external/x1d/goods_s_00006782_x1d.fits,other,25920,1781798582
??,emergent_quantum_geometries/aq_jwst_dlinoss_lrd_spectro_linephase_1/data/external/x1d/goods_s_00006821_x1d.fits,other,25920,1781798582
??,emergent_quantum_geometries/aq_jwst_dlinoss_lrd_spectro_linephase_1/data/external/x1d/goods_s_00006838_x1d.fits,other,25920,1781798582
??,emergent_quantum_geometries/aq_jwst_dlinoss_lrd_spectro_linephase_1/data/external/x1d/goods_s_00006844_x1d.fits,other,25920,1781798582
??,emergent_quantum_geometries/aq_jwst_dlinoss_lrd_spectro_linephase_1/data/external/x1d/goods_s_00007028_x1d.fits,other,25920,1781798582
??,emergent_quantum_geometries/aq_jwst_dlinoss_lrd_spectro_linephase_1/data/external/x1d/goods_s_00007083_x1d.fits,other,25920,1781798582
??,emergent_quantum_geometries/aq_jwst_dlinoss_lrd_spectro_linephase_1/data/external/x1d/goods_s_00007091_x1d.fits,other,25920,1781798582
??,emergent_quantum_geometries/aq_jwst_dlinoss_lrd_spectro_linephase_1/data/external/x1d/goods_s_00007136_x1d.fits,other,25920,1781798582
??,emergent_quantum_geometries/aq_jwst_dlinoss_lrd_spectro_linephase_1/data/external/x1d/goods_s_00007165_x1d.fits,other,25920,1781798582
??,emergent_quantum_geometries/aq_jwst_dlinoss_lrd_spectro_linephase_1/data/external/x1d/goods_s_00007168_x1d.fits,other,25920,1781798582
??,emergent_quantum_geometries/aq_jwst_dlinoss_lrd_spectro_linephase_1/data/external/x1d/goods_s_00007178_x1d.fits,other,25920,1781798582
??,emergent_quantum_geometries/aq_jwst_dlinoss_lrd_spectro_linephase_1/data/external/x1d/goods_s_00007235_x1d.fits,other,25920,1781798582
??,emergent_quantum_geometries/aq_jwst_dlinoss_lrd_spectro_linephase_1/data/external/x1d/goods_s_00007236_x1d.fits,other,25920,1781798582
??,emergent_quantum_geometries/aq_jwst_dlinoss_lrd_spectro_linephase_1/data/external/x1d/goods_s_00007250_x1d.fits,other,25920,1781798582
??,emergent_quantum_geometries/aq_jwst_dlinoss_lrd_spectro_linephase_1/data/external/x1d/goods_s_00007260_x1d.fits,other,25920,1781798582
??,emergent_quantum_geometries/aq_jwst_dlinoss_lrd_spectro_linephase_1/data/external/x1d/goods_s_00007365_x1d.fits,other,25920,1781798582
??,emergent_quantum_geometries/aq_jwst_dlinoss_lrd_spectro_linephase_1/data/external/x1d/goods_s_00007368_x1d.fits,other,25920,1781798582
??,emergent_quantum_geometries/aq_jwst_dlinoss_lrd_spectro_linephase_1/data/external/x1d/goods_s_00007408_x1d.fits,other,25920,1781798582
??,emergent_quantum_geometries/aq_jwst_dlinoss_lrd_spectro_linephase_1/data/external/x1d/goods_s_00007481_x1d.fits,other,25920,1781798582
??,emergent_quantum_geometries/aq_jwst_dlinoss_lrd_spectro_linephase_1/data/external/x1d/goods_s_00007511_x1d.fits,other,25920,1781798582
??,emergent_quantum_geometries/aq_jwst_dlinoss_lrd_spectro_linephase_1/data/external/x1d/goods_s_00007603_x1d.fits,other,25920,1781798582
??,emergent_quantum_geometries/aq_jwst_dlinoss_lrd_spectro_linephase_1/data/external/x1d/goods_s_00007948_x1d.fits,other,25920,1781798583
??,emergent_quantum_geometries/aq_jwst_dlinoss_lrd_spectro_linephase_1/data/external/x1d/goods_s_00007981_x1d.fits,other,25920,1781798583
??,emergent_quantum_geometries/aq_jwst_dlinoss_lrd_spectro_linephase_1/data/external/x1d/goods_s_00008048_x1d.fits,other,25920,1781798583
??,emergent_quantum_geometries/aq_jwst_dlinoss_lrd_spectro_linephase_1/data/external/x1d/goods_s_00008103_x1d.fits,other,25920,1781798583
??,emergent_quantum_geometries/aq_jwst_dlinoss_lrd_spectro_linephase_1/data/external/x1d/goods_s_00008111_x1d.fits,other,25920,1781798583
??,emergent_quantum_geometries/aq_jwst_dlinoss_lrd_spectro_linephase_1/data/external/x1d/goods_s_00008375_x1d.fits,other,25920,1781798583
??,emergent_quantum_geometries/aq_jwst_dlinoss_lrd_spectro_linephase_1/data/external/x1d/goods_s_00008396_x1d.fits,other,25920,1781798583
??,emergent_quantum_geometries/aq_jwst_dlinoss_lrd_spectro_linephase_1/data/external/x1d/goods_s_00008452_x1d.fits,other,25920,1781798583
??,emergent_quantum_geometries/aq_jwst_dlinoss_lrd_spectro_linephase_1/data/external/x1d/goods_s_00008614_x1d.fits,other,25920,1781798583
??,emergent_quantum_geometries/aq_jwst_dlinoss_lrd_spectro_linephase_1/data/external/x1d/goods_s_00008654_x1d.fits,other,25920,1781798583
??,emergent_quantum_geometries/aq_jwst_dlinoss_lrd_spectro_linephase_1/data/external/x1d/goods_s_00008697_x1d.fits,other,25920,1781798583
??,emergent_quantum_geometries/aq_jwst_dlinoss_lrd_spectro_linephase_1/data/external/x1d/goods_s_00008767_x1d.fits,other,25920,1781798583
??,emergent_quantum_geometries/aq_jwst_dlinoss_lrd_spectro_linephase_1/data/external/x1d/goods_s_00008802_x1d.fits,other,25920,1781798583
??,emergent_quantum_geometries/aq_jwst_dlinoss_lrd_spectro_linephase_1/data/external/x1d/goods_s_00008826_x1d.fits,other,25920,1781798583
??,emergent_quantum_geometries/aq_jwst_dlinoss_lrd_spectro_linephase_1/data/external/x1d/goods_s_00008904_x1d.fits,other,25920,1781798583
??,emergent_quantum_geometries/aq_jwst_dlinoss_lrd_spectro_linephase_1/data/external/x1d/goods_s_00008991_x1d.fits,other,25920,1781798583
??,emergent_quantum_geometries/aq_jwst_dlinoss_lrd_spectro_linephase_1/data/external/x1d/goods_s_00009034_x1d.fits,other,25920,1781798583
??,emergent_quantum_geometries/aq_jwst_dlinoss_lrd_spectro_linephase_1/data/external/x1d/goods_s_00009088_x1d.fits,other,25920,1781798583
??,emergent_quantum_geometries/aq_jwst_dlinoss_lrd_spectro_linephase_1/data/external/x1d/goods_s_00009169_x1d.fits,other,25920,1781798583
??,emergent_quantum_geometries/aq_jwst_dlinoss_lrd_spectro_linephase_1/data/external/x1d/goods_s_00009266_x1d.fits,other,25920,1781798583
??,emergent_quantum_geometries/aq_jwst_dlinoss_lrd_spectro_linephase_1/data/external/x1d/goods_s_00009295_x1d.fits,other,25920,1781798583
??,emergent_quantum_geometries/aq_jwst_dlinoss_lrd_spectro_linephase_1/data/external/x1d/goods_s_00009298_x1d.fits,other,25920,1781798584
??,emergent_quantum_geometries/aq_jwst_dlinoss_lrd_spectro_linephase_1/data/external/x1d/goods_s_00009301_x1d.fits,other,25920,1781798584
??,emergent_quantum_geometries/aq_jwst_dlinoss_lrd_spectro_linephase_1/data/external/x1d/goods_s_00009319_x1d.fits,other,25920,1781798584
??,emergent_quantum_geometries/aq_jwst_dlinoss_lrd_spectro_linephase_1/data/external/x1d/goods_s_00009325_x1d.fits,other,25920,1781798584
??,emergent_quantum_geometries/aq_jwst_dlinoss_lrd_spectro_linephase_1/data/external/x1d/goods_s_00009335_x1d.fits,other,25920,1781798584
??,emergent_quantum_geometries/aq_jwst_dlinoss_lrd_spectro_linephase_1/data/external/x1d/goods_s_00009364_x1d.fits,other,25920,1781798584
??,emergent_quantum_geometries/aq_jwst_dlinoss_lrd_spectro_linephase_1/data/external/x1d/goods_s_00009365_x1d.fits,other,25920,1781798584
??,emergent_quantum_geometries/aq_jwst_dlinoss_lrd_spectro_linephase_1/data/external/x1d/goods_s_00009423_x1d.fits,other,25920,1781798584
??,emergent_quantum_geometries/aq_jwst_dlinoss_lrd_spectro_linephase_1/data/external/x1d/goods_s_00009425_x1d.fits,other,25920,1781798584
??,emergent_quantum_geometries/aq_jwst_dlinoss_lrd_spectro_linephase_1/data/external/x1d/goods_s_00009442_x1d.fits,other,25920,1781798584
??,emergent_quantum_geometries/aq_jwst_dlinoss_lrd_spectro_linephase_1/data/external/x1d/goods_s_00009447_x1d.fits,other,25920,1781798584
??,emergent_quantum_geometries/aq_jwst_dlinoss_lrd_spectro_linephase_1/data/external/x1d/goods_s_00009457_x1d.fits,other,25920,1781798584
??,emergent_quantum_geometries/aq_jwst_dlinoss_lrd_spectro_linephase_1/data/external/x1d/goods_s_00009459_x1d.fits,other,25920,1781798584
??,emergent_quantum_geometries/aq_jwst_dlinoss_lrd_spectro_linephase_1/data/external/x1d/goods_s_00009537_x1d.fits,other,25920,1781798584
??,emergent_quantum_geometries/aq_jwst_dlinoss_lrd_spectro_linephase_1/data/external/x1d/goods_s_00009547_x1d.fits,other,25920,1781798584
??,emergent_quantum_geometries/aq_jwst_dlinoss_lrd_spectro_linephase_1/data/external/x1d/goods_s_00009569_x1d.fits,other,25920,1781798584
??,emergent_quantum_geometries/aq_jwst_dlinoss_lrd_spectro_linephase_1/data/external/x1d/goods_s_00009597_x1d.fits,other,25920,1781798584
??,emergent_quantum_geometries/aq_jwst_dlinoss_lrd_spectro_linephase_1/data/external/x1d/goods_s_00009598_x1d.fits,other,25920,1781798584
??,emergent_quantum_geometries/aq_jwst_dlinoss_lrd_spectro_linephase_1/data/external/x1d/goods_s_00009669_x1d.fits,other,25920,1781798584
??,emergent_quantum_geometries/aq_jwst_dlinoss_lrd_spectro_linephase_1/data/external/x1d/goods_s_00009686_x1d.fits,other,25920,1781798584
??,emergent_quantum_geometries/aq_jwst_dlinoss_lrd_spectro_linephase_1/data/external/x1d/goods_s_00009696_x1d.fits,other,25920,1781798584
??,emergent_quantum_geometries/aq_jwst_dlinoss_lrd_spectro_linephase_1/data/external/x1d/goods_s_00009697_x1d.fits,other,25920,1781798584
??,emergent_quantum_geometries/aq_jwst_dlinoss_lrd_spectro_linephase_1/data/external/x1d/goods_s_00009720_x1d.fits,other,25920,1781798584
??,emergent_quantum_geometries/aq_jwst_dlinoss_lrd_spectro_linephase_1/data/external/x1d/goods_s_00009735_x1d.fits,other,25920,1781798584
??,emergent_quantum_geometries/aq_jwst_dlinoss_lrd_spectro_linephase_1/data/external/x1d/goods_s_00009765_x1d.fits,other,25920,1781798584
??,emergent_quantum_geometries/aq_jwst_dlinoss_lrd_spectro_linephase_1/data/external/x1d/goods_s_00009781_x1d.fits,other,25920,1781798584
??,emergent_quantum_geometries/aq_jwst_dlinoss_lrd_spectro_linephase_1/data/external/x1d/goods_s_00009785_x1d.fits,other,25920,1781798585
??,emergent_quantum_geometries/aq_jwst_dlinoss_lrd_spectro_linephase_1/data/external/x1d/goods_s_00009792_x1d.fits,other,25920,1781798585
??,emergent_quantum_geometries/aq_jwst_dlinoss_lrd_spectro_linephase_1/data/external/x1d/goods_s_00009818_x1d.fits,other,25920,1781798585
??,emergent_quantum_geometries/aq_jwst_dlinoss_lrd_spectro_linephase_1/data/external/x1d/goods_s_00009821_x1d.fits,other,25920,1781798585
??,emergent_quantum_geometries/aq_jwst_dlinoss_lrd_spectro_linephase_1/data/external/x1d/goods_s_00009833_x1d.fits,other,25920,1781798585
??,emergent_quantum_geometries/aq_jwst_dlinoss_lrd_spectro_linephase_1/data/external/x1d/goods_s_00009842_x1d.fits,other,25920,1781798585
??,emergent_quantum_geometries/aq_jwst_dlinoss_lrd_spectro_linephase_1/data/external/x1d/goods_s_00009860_x1d.fits,other,25920,1781798585
??,emergent_quantum_geometries/aq_jwst_dlinoss_lrd_spectro_linephase_1/data/external/x1d/goods_s_00009867_x1d.fits,other,25920,1781798585
??,emergent_quantum_geometries/aq_jwst_dlinoss_lrd_spectro_linephase_1/data/external/x1d/goods_s_00009877_x1d.fits,other,25920,1781798585
??,emergent_quantum_geometries/aq_jwst_dlinoss_lrd_spectro_linephase_1/data/external/x1d/goods_s_00009881_x1d.fits,other,25920,1781798585
??,emergent_quantum_geometries/aq_jwst_dlinoss_lrd_spectro_linephase_1/data/external/x1d/goods_s_00009883_x1d.fits,other,25920,1781798585
??,emergent_quantum_geometries/aq_jwst_dlinoss_lrd_spectro_linephase_1/data/external/x1d/goods_s_00009886_x1d.fits,other,25920,1781798585
??,emergent_quantum_geometries/aq_jwst_dlinoss_lrd_spectro_linephase_1/data/external/x1d/goods_s_00009891_x1d.fits,other,25920,1781798585
??,emergent_quantum_geometries/aq_jwst_dlinoss_lrd_spectro_linephase_1/data/external/x1d/goods_s_00009925_x1d.fits,other,25920,1781798585
??,emergent_quantum_geometries/aq_jwst_dlinoss_lrd_spectro_linephase_1/data/external/x1d/goods_s_00009932_x1d.fits,other,25920,1781798585
??,emergent_quantum_geometries/aq_jwst_dlinoss_lrd_spectro_linephase_1/data/external/x1d/goods_s_00009942_x1d.fits,other,25920,1781798585
??,emergent_quantum_geometries/aq_jwst_dlinoss_lrd_spectro_linephase_1/data/external/x1d/goods_s_00009946_x1d.fits,other,25920,1781798585
??,emergent_quantum_geometries/aq_jwst_dlinoss_lrd_spectro_linephase_1/data/external/x1d/goods_s_00009955_x1d.fits,other,25920,1781798585
??,emergent_quantum_geometries/aq_jwst_dlinoss_lrd_spectro_linephase_1/data/external/x1d/goods_s_00011172_x1d.fits,other,25920,1781798585
??,emergent_quantum_geometries/aq_jwst_dlinoss_lrd_spectro_linephase_1/data/external/x1d/goods_s_00011184_x1d.fits,other,25920,1781798585
??,emergent_quantum_geometries/aq_jwst_dlinoss_lrd_spectro_linephase_1/data/external/x1d/goods_s_00011236_x1d.fits,other,25920,1781798585
??,emergent_quantum_geometries/aq_jwst_dlinoss_lrd_spectro_linephase_1/data/external/x1d/goods_s_00011238_x1d.fits,other,25920,1781798585
??,emergent_quantum_geometries/aq_jwst_dlinoss_lrd_spectro_linephase_1/data/external/x1d/goods_s_00011252_x1d.fits,other,25920,1781798585
??,emergent_quantum_geometries/aq_jwst_dlinoss_lrd_spectro_linephase_1/data/external/x1d/goods_s_00011373_x1d.fits,other,25920,1781798585
??,emergent_quantum_geometries/aq_jwst_dlinoss_lrd_spectro_linephase_1/data/external/x1d/goods_s_00011444_x1d.fits,other,25920,1781798585
??,emergent_quantum_geometries/aq_jwst_dlinoss_lrd_spectro_linephase_1/data/external/x1d/goods_s_00011491_x1d.fits,other,25920,1781798585
??,emergent_quantum_geometries/aq_jwst_dlinoss_lrd_spectro_linephase_1/data/external/x1d/goods_s_00011547_x1d.fits,other,25920,1781798586
??,emergent_quantum_geometries/aq_jwst_dlinoss_lrd_spectro_linephase_1/data/external/x1d/goods_s_00011556_x1d.fits,other,25920,1781798586
??,emergent_quantum_geometries/aq_jwst_dlinoss_lrd_spectro_linephase_1/data/external/x1d/goods_s_00011612_x1d.fits,other,25920,1781798586
??,emergent_quantum_geometries/aq_jwst_dlinoss_lrd_spectro_linephase_1/data/external/x1d/goods_s_00011626_x1d.fits,other,25920,1781798586
??,emergent_quantum_geometries/aq_jwst_dlinoss_lrd_spectro_linephase_1/data/external/x1d/goods_s_00011630_x1d.fits,other,25920,1781798586
??,emergent_quantum_geometries/aq_jwst_dlinoss_lrd_spectro_linephase_1/data/external/x1d/goods_s_00011764_x1d.fits,other,25920,1781798586
??,emergent_quantum_geometries/aq_jwst_dlinoss_lrd_spectro_linephase_1/data/external/x1d/goods_s_00011813_x1d.fits,other,25920,1781798586
??,emergent_quantum_geometries/aq_jwst_dlinoss_lrd_spectro_linephase_1/data/external/x1d/goods_s_00011929_x1d.fits,other,25920,1781798586
??,emergent_quantum_geometries/aq_jwst_dlinoss_lrd_spectro_linephase_1/data/external/x1d/goods_s_00012052_x1d.fits,other,25920,1781798586
??,emergent_quantum_geometries/aq_jwst_dlinoss_lrd_spectro_linephase_1/data/external/x1d/goods_s_00012100_x1d.fits,other,25920,1781798586
??,emergent_quantum_geometries/aq_jwst_dlinoss_lrd_spectro_linephase_1/data/external/x1d/goods_s_00012102_x1d.fits,other,25920,1781798586
??,emergent_quantum_geometries/aq_jwst_dlinoss_lrd_spectro_linephase_1/data/external/x1d/goods_s_00012122_x1d.fits,other,25920,1781798586
??,emergent_quantum_geometries/aq_jwst_dlinoss_lrd_spectro_linephase_1/data/external/x1d/goods_s_00012128_x1d.fits,other,25920,1781798586
??,emergent_quantum_geometries/aq_jwst_dlinoss_lrd_spectro_linephase_1/data/external/x1d/goods_s_00012165_x1d.fits,other,25920,1781798586
??,emergent_quantum_geometries/aq_jwst_dlinoss_lrd_spectro_linephase_1/data/external/x1d/goods_s_00012193_x1d.fits,other,25920,1781798586
??,emergent_quantum_geometries/aq_jwst_dlinoss_lrd_spectro_linephase_1/data/external/x1d/goods_s_00012225_x1d.fits,other,25920,1781798586
??,emergent_quantum_geometries/aq_jwst_dlinoss_lrd_spectro_linephase_1/data/external/x1d/goods_s_00012271_x1d.fits,other,25920,1781798586
??,emergent_quantum_geometries/aq_jwst_dlinoss_lrd_spectro_linephase_1/data/external/x1d/goods_s_00012314_x1d.fits,other,25920,1781798586
??,emergent_quantum_geometries/aq_jwst_dlinoss_lrd_spectro_linephase_1/data/external/x1d/goods_s_00012319_x1d.fits,other,25920,1781798586
??,emergent_quantum_geometries/aq_jwst_dlinoss_lrd_spectro_linephase_1/data/external/x1d/goods_s_00012324_x1d.fits,other,25920,1781798586
??,emergent_quantum_geometries/aq_jwst_dlinoss_lrd_spectro_linephase_1/data/external/x1d/goods_s_00012350_x1d.fits,other,25920,1781798586
??,emergent_quantum_geometries/aq_jwst_dlinoss_lrd_spectro_linephase_1/data/external/x1d/goods_s_00012355_x1d.fits,other,25920,1781798586
??,emergent_quantum_geometries/aq_jwst_dlinoss_lrd_spectro_linephase_1/data/external/x1d/goods_s_00012382_x1d.fits,other,25920,1781798586
??,emergent_quantum_geometries/aq_jwst_dlinoss_lrd_spectro_linephase_1/data/external/x1d/goods_s_00012399_x1d.fits,other,25920,1781798586
??,emergent_quantum_geometries/aq_jwst_dlinoss_lrd_spectro_linephase_1/data/external/x1d/goods_s_00012402_x1d.fits,other,25920,1781798586
??,emergent_quantum_geometries/aq_jwst_dlinoss_lrd_spectro_linephase_1/data/external/x1d/goods_s_00012406_x1d.fits,other,25920,1781798586
??,emergent_quantum_geometries/aq_jwst_dlinoss_lrd_spectro_linephase_1/data/external/x1d/goods_s_00012427_x1d.fits,other,25920,1781798586
??,emergent_quantum_geometries/aq_jwst_dlinoss_lrd_spectro_linephase_1/data/external/x1d/goods_s_00012442_x1d.fits,other,25920,1781798586
??,emergent_quantum_geometries/aq_jwst_dlinoss_lrd_spectro_linephase_1/data/external/x1d/goods_s_00012447_x1d.fits,other,25920,1781798586
??,emergent_quantum_geometries/aq_jwst_dlinoss_lrd_spectro_linephase_1/data/external/x1d/goods_s_00012508_x1d.fits,other,25920,1781798587
??,emergent_quantum_geometries/aq_jwst_dlinoss_lrd_spectro_linephase_1/data/external/x1d/goods_s_00012518_x1d.fits,other,25920,1781798587
??,emergent_quantum_geometries/aq_jwst_dlinoss_lrd_spectro_linephase_1/data/external/x1d/goods_s_00012523_x1d.fits,other,25920,1781798587
??,emergent_quantum_geometries/aq_jwst_dlinoss_lrd_spectro_linephase_1/data/external/x1d/goods_s_00012577_x1d.fits,other,25920,1781798587
??,emergent_quantum_geometries/aq_jwst_dlinoss_lrd_spectro_linephase_1/data/external/x1d/goods_s_00012583_x1d.fits,other,25920,1781798587
??,emergent_quantum_geometries/aq_jwst_dlinoss_lrd_spectro_linephase_1/data/external/x1d/goods_s_00012615_x1d.fits,other,25920,1781798587
??,emergent_quantum_geometries/aq_jwst_dlinoss_lrd_spectro_linephase_1/data/external/x1d/goods_s_00012618_x1d.fits,other,25920,1781798587
??,emergent_quantum_geometries/aq_jwst_dlinoss_lrd_spectro_linephase_1/data/external/x1d/goods_s_00012627_x1d.fits,other,25920,1781798587
??,emergent_quantum_geometries/aq_jwst_dlinoss_lrd_spectro_linephase_1/data/external/x1d/goods_s_00012637_x1d.fits,other,25920,1781798587
??,emergent_quantum_geometries/aq_jwst_dlinoss_lrd_spectro_linephase_1/data/external/x1d/goods_s_00012645_x1d.fits,other,25920,1781798587
??,emergent_quantum_geometries/aq_jwst_dlinoss_lrd_spectro_linephase_1/data/external/x1d/goods_s_00012657_x1d.fits,other,25920,1781798587
??,emergent_quantum_geometries/aq_jwst_dlinoss_lrd_spectro_linephase_1/data/external/x1d/goods_s_00012663_x1d.fits,other,25920,1781798587
??,emergent_quantum_geometries/aq_jwst_dlinoss_lrd_spectro_linephase_1/data/external/x1d/goods_s_00012698_x1d.fits,other,25920,1781798587
??,emergent_quantum_geometries/aq_jwst_dlinoss_lrd_spectro_linephase_1/data/external/x1d/goods_s_00012736_x1d.fits,other,25920,1781798587
??,emergent_quantum_geometries/aq_jwst_dlinoss_lrd_spectro_linephase_1/data/external/x1d/goods_s_00012837_x1d.fits,other,25920,1781798587
??,emergent_quantum_geometries/aq_jwst_dlinoss_lrd_spectro_linephase_1/data/external/x1d/goods_s_00012901_x1d.fits,other,25920,1781798587
??,emergent_quantum_geometries/aq_jwst_dlinoss_lrd_spectro_linephase_1/data/external/x1d/goods_s_00012905_x1d.fits,other,25920,1781798587
??,emergent_quantum_geometries/aq_jwst_dlinoss_lrd_spectro_linephase_1/data/external/x1d/goods_s_00012928_x1d.fits,other,25920,1781798587
??,emergent_quantum_geometries/aq_jwst_dlinoss_lrd_spectro_linephase_1/data/external/x1d/goods_s_00012935_x1d.fits,other,25920,1781798587
??,emergent_quantum_geometries/aq_jwst_dlinoss_lrd_spectro_linephase_1/data/external/x1d/goods_s_00012954_x1d.fits,other,25920,1781798587
??,emergent_quantum_geometries/aq_jwst_dlinoss_lrd_spectro_linephase_1/data/external/x1d/goods_s_00013022_x1d.fits,other,25920,1781798587
??,emergent_quantum_geometries/aq_jwst_dlinoss_lrd_spectro_linephase_1/data/external/x1d/goods_s_00013033_x1d.fits,other,25920,1781798587
??,emergent_quantum_geometries/aq_jwst_dlinoss_lrd_spectro_linephase_1/data/external/x1d/goods_s_00013076_x1d.fits,other,25920,1781798587
??,emergent_quantum_geometries/aq_jwst_dlinoss_lrd_spectro_linephase_1/data/external/x1d/goods_s_00013144_x1d.fits,other,25920,1781798587
??,emergent_quantum_geometries/aq_jwst_dlinoss_lrd_spectro_linephase_1/data/external/x1d/goods_s_00013169_x1d.fits,other,25920,1781798587
??,emergent_quantum_geometries/aq_jwst_dlinoss_lrd_spectro_linephase_1/data/external/x1d/goods_s_00013174_x1d.fits,other,25920,1781798587
??,emergent_quantum_geometries/aq_jwst_dlinoss_lrd_spectro_linephase_1/data/external/x1d/goods_s_00013178_x1d.fits,other,25920,1781798587
??,emergent_quantum_geometries/aq_jwst_dlinoss_lrd_spectro_linephase_1/data/external/x1d/goods_s_00013196_x1d.fits,other,25920,1781798587
??,emergent_quantum_geometries/aq_jwst_dlinoss_lrd_spectro_linephase_1/data/external/x1d/goods_s_00013200_x1d.fits,other,25920,1781798587
??,emergent_quantum_geometries/aq_jwst_dlinoss_lrd_spectro_linephase_1/data/external/x1d/goods_s_00013229_x1d.fits,other,25920,1781798588
??,emergent_quantum_geometries/aq_jwst_dlinoss_lrd_spectro_linephase_1/data/external/x1d/goods_s_00013286_x1d.fits,other,25920,1781798588
??,emergent_quantum_geometries/aq_jwst_dlinoss_lrd_spectro_linephase_1/data/external/x1d/goods_s_00013288_x1d.fits,other,25920,1781798588
??,emergent_quantum_geometries/aq_jwst_dlinoss_lrd_spectro_linephase_1/data/external/x1d/goods_s_00013304_x1d.fits,other,25920,1781798588
??,emergent_quantum_geometries/aq_jwst_dlinoss_lrd_spectro_linephase_1/data/external/x1d/goods_s_00013316_x1d.fits,other,25920,1781798588
??,emergent_quantum_geometries/aq_jwst_dlinoss_lrd_spectro_linephase_1/data/external/x1d/goods_s_00013329_x1d.fits,other,25920,1781798588
??,emergent_quantum_geometries/aq_jwst_dlinoss_lrd_spectro_linephase_1/data/external/x1d/goods_s_00013340_x1d.fits,other,25920,1781798588
??,emergent_quantum_geometries/aq_jwst_dlinoss_lrd_spectro_linephase_1/data/external/x1d/goods_s_00013348_x1d.fits,other,25920,1781798588
??,emergent_quantum_geometries/aq_jwst_dlinoss_lrd_spectro_linephase_1/data/external/x1d/goods_s_00013352_x1d.fits,other,25920,1781798588
??,emergent_quantum_geometries/aq_jwst_dlinoss_lrd_spectro_linephase_1/data/external/x1d/goods_s_00013369_x1d.fits,other,25920,1781798588
??,emergent_quantum_geometries/aq_jwst_dlinoss_lrd_spectro_linephase_1/data/external/x1d/goods_s_00013414_x1d.fits,other,25920,1781798588
??,emergent_quantum_geometries/aq_jwst_dlinoss_lrd_spectro_linephase_1/data/external/x1d/goods_s_00013424_x1d.fits,other,25920,1781798588
??,emergent_quantum_geometries/aq_jwst_dlinoss_lrd_spectro_linephase_1/data/external/x1d/goods_s_00013434_x1d.fits,other,25920,1781798588
??,emergent_quantum_geometries/aq_jwst_dlinoss_lrd_spectro_linephase_1/data/external/x1d/goods_s_00013462_x1d.fits,other,25920,1781798588
??,emergent_quantum_geometries/aq_jwst_dlinoss_lrd_spectro_linephase_1/data/external/x1d/goods_s_00013466_x1d.fits,other,25920,1781798588
??,emergent_quantum_geometries/aq_jwst_dlinoss_lrd_spectro_linephase_1/data/external/x1d/goods_s_00013507_x1d.fits,other,25920,1781798588
??,emergent_quantum_geometries/aq_jwst_dlinoss_lrd_spectro_linephase_1/data/external/x1d/goods_s_00013522_x1d.fits,other,25920,1781798588
??,emergent_quantum_geometries/aq_jwst_dlinoss_lrd_spectro_linephase_1/data/external/x1d/goods_s_00013529_x1d.fits,other,25920,1781798588
??,emergent_quantum_geometries/aq_jwst_dlinoss_lrd_spectro_linephase_1/data/external/x1d/goods_s_00013534_x1d.fits,other,25920,1781798588
??,emergent_quantum_geometries/aq_jwst_dlinoss_lrd_spectro_linephase_1/data/external/x1d/goods_s_00013552_x1d.fits,other,25920,1781798588
??,emergent_quantum_geometries/aq_jwst_dlinoss_lrd_spectro_linephase_1/data/external/x1d/goods_s_00013556_x1d.fits,other,25920,1781798588
??,emergent_quantum_geometries/aq_jwst_dlinoss_lrd_spectro_linephase_1/data/external/x1d/goods_s_00013569_x1d.fits,other,25920,1781798588
??,emergent_quantum_geometries/aq_jwst_dlinoss_lrd_spectro_linephase_1/data/external/x1d/goods_s_00013596_x1d.fits,other,25920,1781798588
??,emergent_quantum_geometries/aq_jwst_dlinoss_lrd_spectro_linephase_1/data/external/x1d/goods_s_00013605_x1d.fits,other,25920,1781798588
??,emergent_quantum_geometries/aq_jwst_dlinoss_lrd_spectro_linephase_1/data/external/x1d/goods_s_00013607_x1d.fits,other,25920,1781798588
??,emergent_quantum_geometries/aq_jwst_dlinoss_lrd_spectro_linephase_1/data/external/x1d/goods_s_00013609_x1d.fits,other,25920,1781798588
??,emergent_quantum_geometries/aq_jwst_dlinoss_lrd_spectro_linephase_1/data/external/x1d/goods_s_00013618_x1d.fits,other,25920,1781798588
??,emergent_quantum_geometries/aq_jwst_dlinoss_lrd_spectro_linephase_1/data/external/x1d/goods_s_00013620_x1d.fits,other,25920,1781798588
??,emergent_quantum_geometries/aq_jwst_dlinoss_lrd_spectro_linephase_1/data/external/x1d/goods_s_00013624_x1d.fits,other,25920,1781798589
??,emergent_quantum_geometries/aq_jwst_dlinoss_lrd_spectro_linephase_1/data/external/x1d/goods_s_00013630_x1d.fits,other,25920,1781798589
??,emergent_quantum_geometries/aq_jwst_dlinoss_lrd_spectro_linephase_1/data/external/x1d/goods_s_00013638_x1d.fits,other,25920,1781798589
??,emergent_quantum_geometries/aq_jwst_dlinoss_lrd_spectro_linephase_1/data/external/x1d/goods_s_00013639_x1d.fits,other,25920,1781798589
??,emergent_quantum_geometries/aq_jwst_dlinoss_lrd_spectro_linephase_1/data/external/x1d/goods_s_00013645_x1d.fits,other,25920,1781798589
??,emergent_quantum_geometries/aq_jwst_dlinoss_lrd_spectro_linephase_1/data/external/x1d/goods_s_00013647_x1d.fits,other,25920,1781798589
??,emergent_quantum_geometries/aq_jwst_dlinoss_lrd_spectro_linephase_1/data/external/x1d/goods_s_00013648_x1d.fits,other,25920,1781798589
??,emergent_quantum_geometries/aq_jwst_dlinoss_lrd_spectro_linephase_1/data/external/x1d/goods_s_00013651_x1d.fits,other,25920,1781798589
??,emergent_quantum_geometries/aq_jwst_dlinoss_lrd_spectro_linephase_1/data/external/x1d/goods_s_00013655_x1d.fits,other,25920,1781798589
??,emergent_quantum_geometries/aq_jwst_dlinoss_lrd_spectro_linephase_1/data/external/x1d/goods_s_00013851_x1d.fits,other,25920,1781798589
??,emergent_quantum_geometries/aq_jwst_dlinoss_lrd_spectro_linephase_1/data/external/x1d/goods_s_00013878_x1d.fits,other,25920,1781798589
??,emergent_quantum_geometries/aq_jwst_dlinoss_lrd_spectro_linephase_1/data/external/x1d/goods_s_00013884_x1d.fits,other,25920,1781798589
??,emergent_quantum_geometries/aq_jwst_dlinoss_lrd_spectro_linephase_1/data/external/x1d/goods_s_00013887_x1d.fits,other,25920,1781798589
??,emergent_quantum_geometries/aq_jwst_dlinoss_lrd_spectro_linephase_1/data/external/x1d/goods_s_00013902_x1d.fits,other,25920,1781798589
??,emergent_quantum_geometries/aq_jwst_dlinoss_lrd_spectro_linephase_1/data/external/x1d/goods_s_00013905_x1d.fits,other,25920,1781798589
??,emergent_quantum_geometries/aq_jwst_dlinoss_lrd_spectro_linephase_1/data/external/x1d/goods_s_00013929_x1d.fits,other,25920,1781798589
??,emergent_quantum_geometries/aq_jwst_dlinoss_lrd_spectro_linephase_1/data/external/x1d/goods_s_00013972_x1d.fits,other,25920,1781798589
??,emergent_quantum_geometries/aq_jwst_dlinoss_lrd_spectro_linephase_1/data/external/x1d/goods_s_00013977_x1d.fits,other,25920,1781798589
??,emergent_quantum_geometries/aq_jwst_dlinoss_lrd_spectro_linephase_1/data/external/x1d/goods_s_00013984_x1d.fits,other,25920,1781798589
??,emergent_quantum_geometries/aq_jwst_dlinoss_lrd_spectro_linephase_1/data/external/x1d/goods_s_00014011_x1d.fits,other,25920,1781798589
??,emergent_quantum_geometries/aq_jwst_dlinoss_lrd_spectro_linephase_1/data/external/x1d/goods_s_00014015_x1d.fits,other,25920,1781798589
??,emergent_quantum_geometries/aq_jwst_dlinoss_lrd_spectro_linephase_1/data/external/x1d/goods_s_00014051_x1d.fits,other,25920,1781798589
??,emergent_quantum_geometries/aq_jwst_dlinoss_lrd_spectro_linephase_1/data/external/x1d/goods_s_00014123_x1d.fits,other,25920,1781798589
??,emergent_quantum_geometries/aq_jwst_dlinoss_lrd_spectro_linephase_1/data/external/x1d/goods_s_00014133_x1d.fits,other,25920,1781798589
??,emergent_quantum_geometries/aq_jwst_dlinoss_lrd_spectro_linephase_1/data/external/x1d/goods_s_00014137_x1d.fits,other,25920,1781798589
??,emergent_quantum_geometries/aq_jwst_dlinoss_lrd_spectro_linephase_1/data/external/x1d/goods_s_00014160_x1d.fits,other,25920,1781798589
??,emergent_quantum_geometries/aq_jwst_dlinoss_lrd_spectro_linephase_1/data/external/x1d/goods_s_00014279_x1d.fits,other,25920,1781798589
??,emergent_quantum_geometries/aq_jwst_dlinoss_lrd_spectro_linephase_1/data/external/x1d/goods_s_00015168_x1d.fits,other,25920,1781798589
??,emergent_quantum_geometries/aq_jwst_dlinoss_lrd_spectro_linephase_1/data/external/x1d/goods_s_00015210_x1d.fits,other,25920,1781798590
??,emergent_quantum_geometries/aq_jwst_dlinoss_lrd_spectro_linephase_1/data/external/x1d/goods_s_00015265_x1d.fits,other,25920,1781798590
??,emergent_quantum_geometries/aq_jwst_dlinoss_lrd_spectro_linephase_1/data/external/x1d/goods_s_00015270_x1d.fits,other,25920,1781798590
??,emergent_quantum_geometries/aq_jwst_dlinoss_lrd_spectro_linephase_1/data/external/x1d/goods_s_00015273_x1d.fits,other,25920,1781798590
??,emergent_quantum_geometries/aq_jwst_dlinoss_lrd_spectro_linephase_1/data/external/x1d/goods_s_00015325_x1d.fits,other,25920,1781798590
??,emergent_quantum_geometries/aq_jwst_dlinoss_lrd_spectro_linephase_1/data/external/x1d/goods_s_00015343_x1d.fits,other,25920,1781798590
??,emergent_quantum_geometries/aq_jwst_dlinoss_lrd_spectro_linephase_1/data/external/x1d/goods_s_00015345_x1d.fits,other,25920,1781798590
??,emergent_quantum_geometries/aq_jwst_dlinoss_lrd_spectro_linephase_1/data/external/x1d/goods_s_00015350_x1d.fits,other,25920,1781798590
??,emergent_quantum_geometries/aq_jwst_dlinoss_lrd_spectro_linephase_1/data/external/x1d/goods_s_00015353_x1d.fits,other,25920,1781798590
??,emergent_quantum_geometries/aq_jwst_dlinoss_lrd_spectro_linephase_1/data/external/x1d/goods_s_00015357_x1d.fits,other,25920,1781798590
??,emergent_quantum_geometries/aq_jwst_dlinoss_lrd_spectro_linephase_1/data/external/x1d/goods_s_00015361_x1d.fits,other,25920,1781798590
??,emergent_quantum_geometries/aq_jwst_dlinoss_lrd_spectro_linephase_1/data/external/x1d/goods_s_00015362_x1d.fits,other,25920,1781798590
??,emergent_quantum_geometries/aq_jwst_dlinoss_lrd_spectro_linephase_1/data/external/x1d/goods_s_00015377_x1d.fits,other,25920,1781798590
??,emergent_quantum_geometries/aq_jwst_dlinoss_lrd_spectro_linephase_1/data/external/x1d/goods_s_00015378_x1d.fits,other,25920,1781798590
??,emergent_quantum_geometries/aq_jwst_dlinoss_lrd_spectro_linephase_1/data/external/x1d/goods_s_00015385_x1d.fits,other,25920,1781798590
??,emergent_quantum_geometries/aq_jwst_dlinoss_lrd_spectro_linephase_1/data/external/x1d/goods_s_00015398_x1d.fits,other,25920,1781798590
??,emergent_quantum_geometries/aq_jwst_dlinoss_lrd_spectro_linephase_1/data/external/x1d/goods_s_00015403_x1d.fits,other,25920,1781798590
??,emergent_quantum_geometries/aq_jwst_dlinoss_lrd_spectro_linephase_1/data/external/x1d/goods_s_00015423_x1d.fits,other,25920,1781798590
??,emergent_quantum_geometries/aq_jwst_dlinoss_lrd_spectro_linephase_1/data/external/x1d/goods_s_00016120_x1d.fits,other,25920,1781798590
??,emergent_quantum_geometries/aq_jwst_dlinoss_lrd_spectro_linephase_1/data/external/x1d/goods_s_00016286_x1d.fits,other,25920,1781798590
??,emergent_quantum_geometries/aq_jwst_dlinoss_lrd_spectro_linephase_1/data/external/x1d/goods_s_00016298_x1d.fits,other,25920,1781798590
??,emergent_quantum_geometries/aq_jwst_dlinoss_lrd_spectro_linephase_1/data/external/x1d/goods_s_00016366_x1d.fits,other,25920,1781798590
??,emergent_quantum_geometries/aq_jwst_dlinoss_lrd_spectro_linephase_1/data/external/x1d/goods_s_00016375_x1d.fits,other,25920,1781798590
??,emergent_quantum_geometries/aq_jwst_dlinoss_lrd_spectro_linephase_1/data/external/x1d/goods_s_00016385_x1d.fits,other,25920,1781798590
??,emergent_quantum_geometries/aq_jwst_dlinoss_lrd_spectro_linephase_1/data/external/x1d/goods_s_00016402_x1d.fits,other,25920,1781798590
??,emergent_quantum_geometries/aq_jwst_dlinoss_lrd_spectro_linephase_1/data/external/x1d/goods_s_00016413_x1d.fits,other,25920,1781798590
??,emergent_quantum_geometries/aq_jwst_dlinoss_lrd_spectro_linephase_1/data/external/x1d/goods_s_00016418_x1d.fits,other,25920,1781798590
??,emergent_quantum_geometries/aq_jwst_dlinoss_lrd_spectro_linephase_1/data/external/x1d/goods_s_00016431_x1d.fits,other,25920,1781798590
??,emergent_quantum_geometries/aq_jwst_dlinoss_lrd_spectro_linephase_1/data/external/x1d/goods_s_00016439_x1d.fits,other,25920,1781798590
??,emergent_quantum_geometries/aq_jwst_dlinoss_lrd_spectro_linephase_1/data/external/x1d/goods_s_00016441_x1d.fits,other,25920,1781798591
??,emergent_quantum_geometries/aq_jwst_dlinoss_lrd_spectro_linephase_1/data/external/x1d/goods_s_00016462_x1d.fits,other,25920,1781798591
??,emergent_quantum_geometries/aq_jwst_dlinoss_lrd_spectro_linephase_1/data/external/x1d/goods_s_00016472_x1d.fits,other,25920,1781798591
??,emergent_quantum_geometries/aq_jwst_dlinoss_lrd_spectro_linephase_1/data/external/x1d/goods_s_00016477_x1d.fits,other,25920,1781798591
??,emergent_quantum_geometries/aq_jwst_dlinoss_lrd_spectro_linephase_1/data/external/x1d/goods_s_00016487_x1d.fits,other,25920,1781798591
??,emergent_quantum_geometries/aq_jwst_dlinoss_lrd_spectro_linephase_1/data/external/x1d/goods_s_00017014_x1d.fits,other,25920,1781798591
??,emergent_quantum_geometries/aq_jwst_dlinoss_lrd_spectro_linephase_1/data/external/x1d/goods_s_00017038_x1d.fits,other,25920,1781798591
??,emergent_quantum_geometries/aq_jwst_dlinoss_lrd_spectro_linephase_1/data/external/x1d/goods_s_00017041_x1d.fits,other,25920,1781798591
??,emergent_quantum_geometries/aq_jwst_dlinoss_lrd_spectro_linephase_1/data/external/x1d/goods_s_00017057_x1d.fits,other,25920,1781798591
??,emergent_quantum_geometries/aq_jwst_dlinoss_lrd_spectro_linephase_1/data/external/x1d/goods_s_00017062_x1d.fits,other,25920,1781798591
??,emergent_quantum_geometries/aq_jwst_dlinoss_lrd_spectro_linephase_1/data/external/x1d/goods_s_00017109_x1d.fits,other,25920,1781798591
??,emergent_quantum_geometries/aq_jwst_dlinoss_lrd_spectro_linephase_1/data/external/x1d/goods_s_00017110_x1d.fits,other,25920,1781798591
??,emergent_quantum_geometries/aq_jwst_dlinoss_lrd_spectro_linephase_1/data/external/x1d/goods_s_00017131_x1d.fits,other,25920,1781798591
??,emergent_quantum_geometries/aq_jwst_dlinoss_lrd_spectro_linephase_1/data/external/x1d/goods_s_00017138_x1d.fits,other,25920,1781798591
??,emergent_quantum_geometries/aq_jwst_dlinoss_lrd_spectro_linephase_1/data/external/x1d/goods_s_00017159_x1d.fits,other,25920,1781798591
??,emergent_quantum_geometries/aq_jwst_dlinoss_lrd_spectro_linephase_1/data/external/x1d/goods_s_00017182_x1d.fits,other,25920,1781798591
??,emergent_quantum_geometries/aq_jwst_dlinoss_lrd_spectro_linephase_1/data/external/x1d/goods_s_00017190_x1d.fits,other,25920,1781798591
??,emergent_quantum_geometries/aq_jwst_dlinoss_lrd_spectro_linephase_1/data/external/x1d/goods_s_00017213_x1d.fits,other,25920,1781798591
??,emergent_quantum_geometries/aq_jwst_dlinoss_lrd_spectro_linephase_1/data/external/x1d/goods_s_00017214_x1d.fits,other,25920,1781798591
??,emergent_quantum_geometries/aq_jwst_dlinoss_lrd_spectro_linephase_1/data/external/x1d/goods_s_00017215_x1d.fits,other,25920,1781798591
??,emergent_quantum_geometries/aq_jwst_dlinoss_lrd_spectro_linephase_1/data/external/x1d/goods_s_00017224_x1d.fits,other,25920,1781798591
??,emergent_quantum_geometries/aq_jwst_dlinoss_lrd_spectro_linephase_1/data/external/x1d/goods_s_00017242_x1d.fits,other,25920,1781798591
??,emergent_quantum_geometries/aq_jwst_dlinoss_lrd_spectro_linephase_1/data/external/x1d/goods_s_00017244_x1d.fits,other,25920,1781798591
??,emergent_quantum_geometries/aq_jwst_dlinoss_lrd_spectro_linephase_1/data/external/x1d/goods_s_00017258_x1d.fits,other,25920,1781798591
??,emergent_quantum_geometries/aq_jwst_dlinoss_lrd_spectro_linephase_1/data/external/x1d/goods_s_00017272_x1d.fits,other,25920,1781798591
??,emergent_quantum_geometries/aq_jwst_dlinoss_lrd_spectro_linephase_1/data/external/x1d/goods_s_00017277_x1d.fits,other,25920,1781798591
??,emergent_quantum_geometries/aq_jwst_dlinoss_lrd_spectro_linephase_1/data/external/x1d/goods_s_00017341_x1d.fits,other,25920,1781798592
??,emergent_quantum_geometries/aq_jwst_dlinoss_lrd_spectro_linephase_1/data/external/x1d/goods_s_00017349_x1d.fits,other,25920,1781798592
??,emergent_quantum_geometries/aq_jwst_dlinoss_lrd_spectro_linephase_1/data/external/x1d/goods_s_00017355_x1d.fits,other,25920,1781798592
??,emergent_quantum_geometries/aq_jwst_dlinoss_lrd_spectro_linephase_1/data/external/x1d/goods_s_00017366_x1d.fits,other,25920,1781798592
??,emergent_quantum_geometries/aq_jwst_dlinoss_lrd_spectro_linephase_1/data/external/x1d/goods_s_00017369_x1d.fits,other,25920,1781798592
??,emergent_quantum_geometries/aq_jwst_dlinoss_lrd_spectro_linephase_1/data/external/x1d/goods_s_00017376_x1d.fits,other,25920,1781798592
??,emergent_quantum_geometries/aq_jwst_dlinoss_lrd_spectro_linephase_1/data/external/x1d/goods_s_00017408_x1d.fits,other,25920,1781798592
??,emergent_quantum_geometries/aq_jwst_dlinoss_lrd_spectro_linephase_1/data/external/x1d/goods_s_00017504_x1d.fits,other,25920,1781798592
??,emergent_quantum_geometries/aq_jwst_dlinoss_lrd_spectro_linephase_1/data/external/x1d/goods_s_00017509_x1d.fits,other,25920,1781798592
??,emergent_quantum_geometries/aq_jwst_dlinoss_lrd_spectro_linephase_1/data/external/x1d/goods_s_00017527_x1d.fits,other,25920,1781798592
??,emergent_quantum_geometries/aq_jwst_dlinoss_lrd_spectro_linephase_1/data/external/x1d/goods_s_00029686_x1d.fits,other,25920,1781798593
??,emergent_quantum_geometries/aq_jwst_dlinoss_lrd_spectro_linephase_1/data/external/x1d/goods_s_00030283_x1d.fits,other,25920,1781798593
??,emergent_quantum_geometries/aq_jwst_dlinoss_lrd_spectro_linephase_1/data/external/x1d/goods_s_00030347_x1d.fits,other,25920,1781798593
??,emergent_quantum_geometries/aq_jwst_dlinoss_lrd_spectro_linephase_1/data/external/x1d/goods_s_00030600_x1d.fits,other,25920,1781798593
??,emergent_quantum_geometries/aq_jwst_dlinoss_lrd_spectro_linephase_1/data/external/x1d/goods_s_00031034_x1d.fits,other,25920,1781798593
??,emergent_quantum_geometries/aq_jwst_dlinoss_lrd_spectro_linephase_1/data/external/x1d/goods_s_00031439_x1d.fits,other,25920,1781798593
??,emergent_quantum_geometries/aq_jwst_dlinoss_lrd_spectro_linephase_1/data/external/x1d/goods_s_00031803_x1d.fits,other,25920,1781798593
??,emergent_quantum_geometries/aq_jwst_dlinoss_lrd_spectro_linephase_1/data/external/x1d/goods_s_00031823_x1d.fits,other,25920,1781798593
??,emergent_quantum_geometries/aq_jwst_dlinoss_lrd_spectro_linephase_1/data/external/x1d/goods_s_00031929_x1d.fits,other,25920,1781798593
??,emergent_quantum_geometries/aq_jwst_dlinoss_lrd_spectro_linephase_1/data/external/x1d/goods_s_00032426_x1d.fits,other,25920,1781798593
??,emergent_quantum_geometries/aq_jwst_dlinoss_lrd_spectro_linephase_1/data/external/x1d/goods_s_00032880_x1d.fits,other,25920,1781798593
??,emergent_quantum_geometries/aq_jwst_dlinoss_lrd_spectro_linephase_1/data/external/x1d/goods_s_00033151_x1d.fits,other,25920,1781798593
??,emergent_quantum_geometries/aq_jwst_dlinoss_lrd_spectro_linephase_1/data/external/x1d/goods_s_00033299_x1d.fits,other,25920,1781798593
??,emergent_quantum_geometries/aq_jwst_dlinoss_lrd_spectro_linephase_1/data/external/x1d/goods_s_00033828_x1d.fits,other,25920,1781798593
??,emergent_quantum_geometries/aq_jwst_dlinoss_lrd_spectro_linephase_1/data/external/x1d/goods_s_00034104_x1d.fits,other,25920,1781798593
??,emergent_quantum_geometries/aq_jwst_dlinoss_lrd_spectro_linephase_1/data/external/x1d/goods_s_00034373_x1d.fits,other,25920,1781798593
??,emergent_quantum_geometries/aq_jwst_dlinoss_lrd_spectro_linephase_1/data/external/x1d/goods_s_00035101_x1d.fits,other,25920,1781798593
??,emergent_quantum_geometries/aq_jwst_dlinoss_lrd_spectro_linephase_1/data/external/x1d/goods_s_00035152_x1d.fits,other,25920,1781798593
??,emergent_quantum_geometries/aq_jwst_dlinoss_lrd_spectro_linephase_1/data/external/x1d/goods_s_00035274_x1d.fits,other,25920,1781798593
??,emergent_quantum_geometries/aq_jwst_dlinoss_lrd_spectro_linephase_1/data/external/x1d/goods_s_00035472_x1d.fits,other,25920,1781798593
??,emergent_quantum_geometries/aq_jwst_dlinoss_lrd_spectro_linephase_1/data/external/x1d/goods_s_00035570_x1d.fits,other,25920,1781798593
??,emergent_quantum_geometries/aq_jwst_dlinoss_lrd_spectro_linephase_1/data/external/x1d/goods_s_00035715_x1d.fits,other,25920,1781798593
??,emergent_quantum_geometries/aq_jwst_dlinoss_lrd_spectro_linephase_1/data/external/x1d/goods_s_00035867_x1d.fits,other,25920,1781798594
??,emergent_quantum_geometries/aq_jwst_dlinoss_lrd_spectro_linephase_1/data/external/x1d/goods_s_00036104_x1d.fits,other,25920,1781798594
??,emergent_quantum_geometries/aq_jwst_dlinoss_lrd_spectro_linephase_1/data/external/x1d/goods_s_00036262_x1d.fits,other,25920,1781798594
??,emergent_quantum_geometries/aq_jwst_dlinoss_lrd_spectro_linephase_1/data/external/x1d/goods_s_00036275_x1d.fits,other,25920,1781798594
??,emergent_quantum_geometries/aq_jwst_dlinoss_lrd_spectro_linephase_1/data/external/x1d/goods_s_00036424_x1d.fits,other,25920,1781798594
??,emergent_quantum_geometries/aq_jwst_dlinoss_lrd_spectro_linephase_1/data/external/x1d/goods_s_00036428_x1d.fits,other,25920,1781798594
??,emergent_quantum_geometries/aq_jwst_dlinoss_lrd_spectro_linephase_1/data/external/x1d/goods_s_00036452_x1d.fits,other,25920,1781798594
??,emergent_quantum_geometries/aq_jwst_dlinoss_lrd_spectro_linephase_1/data/external/x1d/goods_s_00036458_x1d.fits,other,25920,1781798594
??,emergent_quantum_geometries/aq_jwst_dlinoss_lrd_spectro_linephase_1/data/external/x1d/goods_s_00036679_x1d.fits,other,25920,1781798594
??,emergent_quantum_geometries/aq_jwst_dlinoss_lrd_spectro_linephase_1/data/external/x1d/goods_s_00036743_x1d.fits,other,25920,1781798594
??,emergent_quantum_geometries/aq_jwst_dlinoss_lrd_spectro_linephase_1/data/external/x1d/goods_s_00036806_x1d.fits,other,25920,1781798594
??,emergent_quantum_geometries/aq_jwst_dlinoss_lrd_spectro_linephase_1/data/external/x1d/goods_s_00036826_x1d.fits,other,25920,1781798594
??,emergent_quantum_geometries/aq_jwst_dlinoss_lrd_spectro_linephase_1/data/external/x1d/goods_s_00036930_x1d.fits,other,25920,1781798594
??,emergent_quantum_geometries/aq_jwst_dlinoss_lrd_spectro_linephase_1/data/external/x1d/goods_s_00037039_x1d.fits,other,25920,1781798594
??,emergent_quantum_geometries/aq_jwst_dlinoss_lrd_spectro_linephase_1/data/external/x1d/goods_s_00037046_x1d.fits,other,25920,1781798594
??,emergent_quantum_geometries/aq_jwst_dlinoss_lrd_spectro_linephase_1/data/external/x1d/goods_s_00037170_x1d.fits,other,25920,1781798594
??,emergent_quantum_geometries/aq_jwst_dlinoss_lrd_spectro_linephase_1/data/external/x1d/goods_s_00037224_x1d.fits,other,25920,1781798594
??,emergent_quantum_geometries/aq_jwst_dlinoss_lrd_spectro_linephase_1/data/external/x1d/goods_s_00037272_x1d.fits,other,25920,1781798594
??,emergent_quantum_geometries/aq_jwst_dlinoss_lrd_spectro_linephase_1/data/external/x1d/goods_s_00037284_x1d.fits,other,25920,1781798594
??,emergent_quantum_geometries/aq_jwst_dlinoss_lrd_spectro_linephase_1/data/external/x1d/goods_s_00037297_x1d.fits,other,25920,1781798594
??,emergent_quantum_geometries/aq_jwst_dlinoss_lrd_spectro_linephase_1/data/external/x1d/goods_s_00037324_x1d.fits,other,25920,1781798594
??,emergent_quantum_geometries/aq_jwst_dlinoss_lrd_spectro_linephase_1/data/external/x1d/goods_s_00037488_x1d.fits,other,25920,1781798594
??,emergent_quantum_geometries/aq_jwst_dlinoss_lrd_spectro_linephase_1/data/external/x1d/goods_s_00037596_x1d.fits,other,25920,1781798594
??,emergent_quantum_geometries/aq_jwst_dlinoss_lrd_spectro_linephase_1/data/external/x1d/goods_s_00037657_x1d.fits,other,25920,1781798594
??,emergent_quantum_geometries/aq_jwst_dlinoss_lrd_spectro_linephase_1/data/external/x1d/goods_s_00037740_x1d.fits,other,25920,1781798594
??,emergent_quantum_geometries/aq_jwst_dlinoss_lrd_spectro_linephase_1/data/external/x1d/goods_s_00037746_x1d.fits,other,25920,1781798594
??,emergent_quantum_geometries/aq_jwst_dlinoss_lrd_spectro_linephase_1/data/external/x1d/goods_s_00037881_x1d.fits,other,25920,1781798594
??,emergent_quantum_geometries/aq_jwst_dlinoss_lrd_spectro_linephase_1/data/external/x1d/goods_s_00037947_x1d.fits,other,25920,1781798594
??,emergent_quantum_geometries/aq_jwst_dlinoss_lrd_spectro_linephase_1/data/external/x1d/goods_s_00037960_x1d.fits,other,25920,1781798594
??,emergent_quantum_geometries/aq_jwst_dlinoss_lrd_spectro_linephase_1/data/external/x1d/goods_s_00038099_x1d.fits,other,25920,1781798594
??,emergent_quantum_geometries/aq_jwst_dlinoss_lrd_spectro_linephase_1/data/external/x1d/goods_s_00038252_x1d.fits,other,25920,1781798595
??,emergent_quantum_geometries/aq_jwst_dlinoss_lrd_spectro_linephase_1/data/external/x1d/goods_s_00038301_x1d.fits,other,25920,1781798595
??,emergent_quantum_geometries/aq_jwst_dlinoss_lrd_spectro_linephase_1/data/external/x1d/goods_s_00038364_x1d.fits,other,25920,1781798595
??,emergent_quantum_geometries/aq_jwst_dlinoss_lrd_spectro_linephase_1/data/external/x1d/goods_s_00038405_x1d.fits,other,25920,1781798595
??,emergent_quantum_geometries/aq_jwst_dlinoss_lrd_spectro_linephase_1/data/external/x1d/goods_s_00038450_x1d.fits,other,25920,1781798595
??,emergent_quantum_geometries/aq_jwst_dlinoss_lrd_spectro_linephase_1/data/external/x1d/goods_s_00038452_x1d.fits,other,25920,1781798595
??,emergent_quantum_geometries/aq_jwst_dlinoss_lrd_spectro_linephase_1/data/external/x1d/goods_s_00038672_x1d.fits,other,25920,1781798595
??,emergent_quantum_geometries/aq_jwst_dlinoss_lrd_spectro_linephase_1/data/external/x1d/goods_s_00038914_x1d.fits,other,25920,1781798595
??,emergent_quantum_geometries/aq_jwst_dlinoss_lrd_spectro_linephase_1/data/external/x1d/goods_s_00038973_x1d.fits,other,25920,1781798595
??,emergent_quantum_geometries/aq_jwst_dlinoss_lrd_spectro_linephase_1/data/external/x1d/goods_s_00038987_x1d.fits,other,25920,1781798595
??,emergent_quantum_geometries/aq_jwst_dlinoss_lrd_spectro_linephase_1/data/external/x1d/goods_s_00039032_x1d.fits,other,25920,1781798595
??,emergent_quantum_geometries/aq_jwst_dlinoss_lrd_spectro_linephase_1/data/external/x1d/goods_s_00039271_x1d.fits,other,25920,1781798595
??,emergent_quantum_geometries/aq_jwst_dlinoss_lrd_spectro_linephase_1/data/external/x1d/goods_s_00039302_x1d.fits,other,25920,1781798595
??,emergent_quantum_geometries/aq_jwst_dlinoss_lrd_spectro_linephase_1/data/external/x1d/goods_s_00039411_x1d.fits,other,25920,1781798595
??,emergent_quantum_geometries/aq_jwst_dlinoss_lrd_spectro_linephase_1/data/external/x1d/goods_s_00039435_x1d.fits,other,25920,1781798595
??,emergent_quantum_geometries/aq_jwst_dlinoss_lrd_spectro_linephase_1/data/external/x1d/goods_s_00039617_x1d.fits,other,25920,1781798595
??,emergent_quantum_geometries/aq_jwst_dlinoss_lrd_spectro_linephase_1/data/external/x1d/goods_s_00039679_x1d.fits,other,25920,1781798595
??,emergent_quantum_geometries/aq_jwst_dlinoss_lrd_spectro_linephase_1/data/external/x1d/goods_s_00039782_x1d.fits,other,25920,1781798595
??,emergent_quantum_geometries/aq_jwst_dlinoss_lrd_spectro_linephase_1/data/external/x1d/goods_s_00039807_x1d.fits,other,25920,1781798595
??,emergent_quantum_geometries/aq_jwst_dlinoss_lrd_spectro_linephase_1/data/external/x1d/goods_s_00039883_x1d.fits,other,25920,1781798595
??,emergent_quantum_geometries/aq_jwst_dlinoss_lrd_spectro_linephase_1/data/external/x1d/goods_s_00039898_x1d.fits,other,25920,1781798595
??,emergent_quantum_geometries/aq_jwst_dlinoss_lrd_spectro_linephase_1/data/external/x1d/goods_s_00039932_x1d.fits,other,25920,1781798595
??,emergent_quantum_geometries/aq_jwst_dlinoss_lrd_spectro_linephase_1/data/external/x1d/goods_s_00039961_x1d.fits,other,25920,1781798595
??,emergent_quantum_geometries/aq_jwst_dlinoss_lrd_spectro_linephase_1/data/external/x1d/goods_s_00040012_x1d.fits,other,25920,1781798595
??,emergent_quantum_geometries/aq_jwst_dlinoss_lrd_spectro_linephase_1/data/external/x1d/goods_s_00040045_x1d.fits,other,25920,1781798595
??,emergent_quantum_geometries/aq_jwst_dlinoss_lrd_spectro_linephase_1/data/external/x1d/goods_s_00040046_x1d.fits,other,25920,1781798595
??,emergent_quantum_geometries/aq_jwst_dlinoss_lrd_spectro_linephase_1/data/external/x1d/goods_s_00040069_x1d.fits,other,25920,1781798595
??,emergent_quantum_geometries/aq_jwst_dlinoss_lrd_spectro_linephase_1/data/external/x1d/goods_s_00040323_x1d.fits,other,25920,1781798595
??,emergent_quantum_geometries/aq_jwst_dlinoss_lrd_spectro_linephase_1/data/external/x1d/goods_s_00040343_x1d.fits,other,25920,1781798595
??,emergent_quantum_geometries/aq_jwst_dlinoss_lrd_spectro_linephase_1/data/external/x1d/goods_s_00040396_x1d.fits,other,25920,1781798595
??,emergent_quantum_geometries/aq_jwst_dlinoss_lrd_spectro_linephase_1/data/external/x1d/goods_s_00040450_x1d.fits,other,25920,1781798596
??,emergent_quantum_geometries/aq_jwst_dlinoss_lrd_spectro_linephase_1/data/external/x1d/goods_s_00040530_x1d.fits,other,25920,1781798596
??,emergent_quantum_geometries/aq_jwst_dlinoss_lrd_spectro_linephase_1/data/external/x1d/goods_s_00040649_x1d.fits,other,25920,1781798596
??,emergent_quantum_geometries/aq_jwst_dlinoss_lrd_spectro_linephase_1/data/external/x1d/goods_s_00040784_x1d.fits,other,25920,1781798596
??,emergent_quantum_geometries/aq_jwst_dlinoss_lrd_spectro_linephase_1/data/external/x1d/goods_s_00040820_x1d.fits,other,25920,1781798596
??,emergent_quantum_geometries/aq_jwst_dlinoss_lrd_spectro_linephase_1/data/external/x1d/goods_s_00040847_x1d.fits,other,25920,1781798596
??,emergent_quantum_geometries/aq_jwst_dlinoss_lrd_spectro_linephase_1/data/external/x1d/goods_s_00040902_x1d.fits,other,25920,1781798596
??,emergent_quantum_geometries/aq_jwst_dlinoss_lrd_spectro_linephase_1/data/external/x1d/goods_s_00040963_x1d.fits,other,25920,1781798596
??,emergent_quantum_geometries/aq_jwst_dlinoss_lrd_spectro_linephase_1/data/external/x1d/goods_s_00040985_x1d.fits,other,25920,1781798596
??,emergent_quantum_geometries/aq_jwst_dlinoss_lrd_spectro_linephase_1/data/external/x1d/goods_s_00040999_x1d.fits,other,25920,1781798596
??,emergent_quantum_geometries/aq_jwst_dlinoss_lrd_spectro_linephase_1/data/external/x1d/goods_s_00041002_x1d.fits,other,25920,1781798596
??,emergent_quantum_geometries/aq_jwst_dlinoss_lrd_spectro_linephase_1/data/external/x1d/goods_s_00041052_x1d.fits,other,25920,1781798596
??,emergent_quantum_geometries/aq_jwst_dlinoss_lrd_spectro_linephase_1/data/external/x1d/goods_s_00041241_x1d.fits,other,25920,1781798596
??,emergent_quantum_geometries/aq_jwst_dlinoss_lrd_spectro_linephase_1/data/external/x1d/goods_s_00041247_x1d.fits,other,25920,1781798596
??,emergent_quantum_geometries/aq_jwst_dlinoss_lrd_spectro_linephase_1/data/external/x1d/goods_s_00041360_x1d.fits,other,25920,1781798596
??,emergent_quantum_geometries/aq_jwst_dlinoss_lrd_spectro_linephase_1/data/external/x1d/goods_s_00041372_x1d.fits,other,25920,1781798596
??,emergent_quantum_geometries/aq_jwst_dlinoss_lrd_spectro_linephase_1/data/external/x1d/goods_s_00041457_x1d.fits,other,25920,1781798596
??,emergent_quantum_geometries/aq_jwst_dlinoss_lrd_spectro_linephase_1/data/external/x1d/goods_s_00041616_x1d.fits,other,25920,1781798596
??,emergent_quantum_geometries/aq_jwst_dlinoss_lrd_spectro_linephase_1/data/external/x1d/goods_s_00041671_x1d.fits,other,25920,1781798596
??,emergent_quantum_geometries/aq_jwst_dlinoss_lrd_spectro_linephase_1/data/external/x1d/goods_s_00041675_x1d.fits,other,25920,1781798596
??,emergent_quantum_geometries/aq_jwst_dlinoss_lrd_spectro_linephase_1/data/external/x1d/goods_s_00041709_x1d.fits,other,25920,1781798596
??,emergent_quantum_geometries/aq_jwst_dlinoss_lrd_spectro_linephase_1/data/external/x1d/goods_s_00041735_x1d.fits,other,25920,1781798596
??,emergent_quantum_geometries/aq_jwst_dlinoss_lrd_spectro_linephase_1/data/external/x1d/goods_s_00041803_x1d.fits,other,25920,1781798596
??,emergent_quantum_geometries/aq_jwst_dlinoss_lrd_spectro_linephase_1/data/external/x1d/goods_s_00041967_x1d.fits,other,25920,1781798596
??,emergent_quantum_geometries/aq_jwst_dlinoss_lrd_spectro_linephase_1/data/external/x1d/goods_s_00041998_x1d.fits,other,25920,1781798596
??,emergent_quantum_geometries/aq_jwst_dlinoss_lrd_spectro_linephase_1/data/external/x1d/goods_s_00042055_x1d.fits,other,25920,1781798596
??,emergent_quantum_geometries/aq_jwst_dlinoss_lrd_spectro_linephase_1/data/external/x1d/goods_s_00042096_x1d.fits,other,25920,1781798596
??,emergent_quantum_geometries/aq_jwst_dlinoss_lrd_spectro_linephase_1/data/external/x1d/goods_s_00042154_x1d.fits,other,25920,1781798596
??,emergent_quantum_geometries/aq_jwst_dlinoss_lrd_spectro_linephase_1/data/external/x1d/goods_s_00042156_x1d.fits,other,25920,1781798597
??,emergent_quantum_geometries/aq_jwst_dlinoss_lrd_spectro_linephase_1/data/external/x1d/goods_s_00042202_x1d.fits,other,25920,1781798597
??,emergent_quantum_geometries/aq_jwst_dlinoss_lrd_spectro_linephase_1/data/external/x1d/goods_s_00042267_x1d.fits,other,25920,1781798597
??,emergent_quantum_geometries/aq_jwst_dlinoss_lrd_spectro_linephase_1/data/external/x1d/goods_s_00042308_x1d.fits,other,25920,1781798597
??,emergent_quantum_geometries/aq_jwst_dlinoss_lrd_spectro_linephase_1/data/external/x1d/goods_s_00042355_x1d.fits,other,25920,1781798597
??,emergent_quantum_geometries/aq_jwst_dlinoss_lrd_spectro_linephase_1/data/external/x1d/goods_s_00042369_x1d.fits,other,25920,1781798597
??,emergent_quantum_geometries/aq_jwst_dlinoss_lrd_spectro_linephase_1/data/external/x1d/goods_s_00042453_x1d.fits,other,25920,1781798597
??,emergent_quantum_geometries/aq_jwst_dlinoss_lrd_spectro_linephase_1/data/external/x1d/goods_s_00042466_x1d.fits,other,25920,1781798597
??,emergent_quantum_geometries/aq_jwst_dlinoss_lrd_spectro_linephase_1/data/external/x1d/goods_s_00042573_x1d.fits,other,25920,1781798597
??,emergent_quantum_geometries/aq_jwst_dlinoss_lrd_spectro_linephase_1/data/external/x1d/goods_s_00042619_x1d.fits,other,25920,1781798597
??,emergent_quantum_geometries/aq_jwst_dlinoss_lrd_spectro_linephase_1/data/external/x1d/goods_s_00042650_x1d.fits,other,25920,1781798597
??,emergent_quantum_geometries/aq_jwst_dlinoss_lrd_spectro_linephase_1/data/external/x1d/goods_s_00042728_x1d.fits,other,25920,1781798597
??,emergent_quantum_geometries/aq_jwst_dlinoss_lrd_spectro_linephase_1/data/external/x1d/goods_s_00042736_x1d.fits,other,25920,1781798597
??,emergent_quantum_geometries/aq_jwst_dlinoss_lrd_spectro_linephase_1/data/external/x1d/goods_s_00042789_x1d.fits,other,25920,1781798597
??,emergent_quantum_geometries/aq_jwst_dlinoss_lrd_spectro_linephase_1/data/external/x1d/goods_s_00042827_x1d.fits,other,25920,1781798597
??,emergent_quantum_geometries/aq_jwst_dlinoss_lrd_spectro_linephase_1/data/external/x1d/goods_s_00042865_x1d.fits,other,25920,1781798597
??,emergent_quantum_geometries/aq_jwst_dlinoss_lrd_spectro_linephase_1/data/external/x1d/goods_s_00042878_x1d.fits,other,25920,1781798597
??,emergent_quantum_geometries/aq_jwst_dlinoss_lrd_spectro_linephase_1/data/external/x1d/goods_s_00042892_x1d.fits,other,25920,1781798597
??,emergent_quantum_geometries/aq_jwst_dlinoss_lrd_spectro_linephase_1/data/external/x1d/goods_s_00042905_x1d.fits,other,25920,1781798597
??,emergent_quantum_geometries/aq_jwst_dlinoss_lrd_spectro_linephase_1/data/external/x1d/goods_s_00042934_x1d.fits,other,25920,1781798597
??,emergent_quantum_geometries/aq_jwst_dlinoss_lrd_spectro_linephase_1/data/external/x1d/goods_s_00042987_x1d.fits,other,25920,1781798597
??,emergent_quantum_geometries/aq_jwst_dlinoss_lrd_spectro_linephase_1/data/external/x1d/goods_s_00042988_x1d.fits,other,25920,1781798597
??,emergent_quantum_geometries/aq_jwst_dlinoss_lrd_spectro_linephase_1/data/external/x1d/goods_s_00043118_x1d.fits,other,25920,1781798597
??,emergent_quantum_geometries/aq_jwst_dlinoss_lrd_spectro_linephase_1/data/external/x1d/goods_s_00043121_x1d.fits,other,25920,1781798597
??,emergent_quantum_geometries/aq_jwst_dlinoss_lrd_spectro_linephase_1/data/external/x1d/goods_s_00043142_x1d.fits,other,25920,1781798597
??,emergent_quantum_geometries/aq_jwst_dlinoss_lrd_spectro_linephase_1/data/external/x1d/goods_s_00043154_x1d.fits,other,25920,1781798597
??,emergent_quantum_geometries/aq_jwst_dlinoss_lrd_spectro_linephase_1/data/external/x1d/goods_s_00043331_x1d.fits,other,25920,1781798597
??,emergent_quantum_geometries/aq_jwst_dlinoss_lrd_spectro_linephase_1/data/external/x1d/goods_s_00043337_x1d.fits,other,25920,1781798597
??,emergent_quantum_geometries/aq_jwst_dlinoss_lrd_spectro_linephase_1/data/external/x1d/goods_s_00043415_x1d.fits,other,25920,1781798598
??,emergent_quantum_geometries/aq_jwst_dlinoss_lrd_spectro_linephase_1/data/external/x1d/goods_s_00043457_x1d.fits,other,25920,1781798598
??,emergent_quantum_geometries/aq_jwst_dlinoss_lrd_spectro_linephase_1/data/external/x1d/goods_s_00043607_x1d.fits,other,25920,1781798598
??,emergent_quantum_geometries/aq_jwst_dlinoss_lrd_spectro_linephase_1/data/external/x1d/goods_s_00043623_x1d.fits,other,25920,1781798598
??,emergent_quantum_geometries/aq_jwst_dlinoss_lrd_spectro_linephase_1/data/external/x1d/goods_s_00043646_x1d.fits,other,25920,1781798598
??,emergent_quantum_geometries/aq_jwst_dlinoss_lrd_spectro_linephase_1/data/external/x1d/goods_s_00043697_x1d.fits,other,25920,1781798598
??,emergent_quantum_geometries/aq_jwst_dlinoss_lrd_spectro_linephase_1/data/external/x1d/goods_s_00043741_x1d.fits,other,25920,1781798598
??,emergent_quantum_geometries/aq_jwst_dlinoss_lrd_spectro_linephase_1/data/external/x1d/goods_s_00043819_x1d.fits,other,25920,1781798598
??,emergent_quantum_geometries/aq_jwst_dlinoss_lrd_spectro_linephase_1/data/external/x1d/goods_s_00043902_x1d.fits,other,25920,1781798598
??,emergent_quantum_geometries/aq_jwst_dlinoss_lrd_spectro_linephase_1/data/external/x1d/goods_s_00043933_x1d.fits,other,25920,1781798598
??,emergent_quantum_geometries/aq_jwst_dlinoss_lrd_spectro_linephase_1/data/external/x1d/goods_s_00044036_x1d.fits,other,25920,1781798598
??,emergent_quantum_geometries/aq_jwst_dlinoss_lrd_spectro_linephase_1/data/external/x1d/goods_s_00044037_x1d.fits,other,25920,1781798598
??,emergent_quantum_geometries/aq_jwst_dlinoss_lrd_spectro_linephase_1/data/external/x1d/goods_s_00044069_x1d.fits,other,25920,1781798598
??,emergent_quantum_geometries/aq_jwst_dlinoss_lrd_spectro_linephase_1/data/external/x1d/goods_s_00044173_x1d.fits,other,25920,1781798598
??,emergent_quantum_geometries/aq_jwst_dlinoss_lrd_spectro_linephase_1/data/external/x1d/goods_s_00044231_x1d.fits,other,25920,1781798598
??,emergent_quantum_geometries/aq_jwst_dlinoss_lrd_spectro_linephase_1/data/external/x1d/goods_s_00044271_x1d.fits,other,25920,1781798598
??,emergent_quantum_geometries/aq_jwst_dlinoss_lrd_spectro_linephase_1/data/external/x1d/goods_s_00044319_x1d.fits,other,25920,1781798598
??,emergent_quantum_geometries/aq_jwst_dlinoss_lrd_spectro_linephase_1/data/external/x1d/goods_s_00044323_x1d.fits,other,25920,1781798598
??,emergent_quantum_geometries/aq_jwst_dlinoss_lrd_spectro_linephase_1/data/external/x1d/goods_s_00044491_x1d.fits,other,25920,1781798598
??,emergent_quantum_geometries/aq_jwst_dlinoss_lrd_spectro_linephase_1/data/external/x1d/goods_s_00044531_x1d.fits,other,25920,1781798598
??,emergent_quantum_geometries/aq_jwst_dlinoss_lrd_spectro_linephase_1/data/external/x1d/goods_s_00044537_x1d.fits,other,25920,1781798598
??,emergent_quantum_geometries/aq_jwst_dlinoss_lrd_spectro_linephase_1/data/external/x1d/goods_s_00044578_x1d.fits,other,25920,1781798598
??,emergent_quantum_geometries/aq_jwst_dlinoss_lrd_spectro_linephase_1/data/external/x1d/goods_s_00044606_x1d.fits,other,25920,1781798598
??,emergent_quantum_geometries/aq_jwst_dlinoss_lrd_spectro_linephase_1/data/external/x1d/goods_s_00044607_x1d.fits,other,25920,1781798598
??,emergent_quantum_geometries/aq_jwst_dlinoss_lrd_spectro_linephase_1/data/external/x1d/goods_s_00044713_x1d.fits,other,25920,1781798598
??,emergent_quantum_geometries/aq_jwst_dlinoss_lrd_spectro_linephase_1/data/external/x1d/goods_s_00044742_x1d.fits,other,25920,1781798598
??,emergent_quantum_geometries/aq_jwst_dlinoss_lrd_spectro_linephase_1/data/external/x1d/goods_s_00044815_x1d.fits,other,25920,1781798598
??,emergent_quantum_geometries/aq_jwst_dlinoss_lrd_spectro_linephase_1/data/external/x1d/goods_s_00044832_x1d.fits,other,25920,1781798598
??,emergent_quantum_geometries/aq_jwst_dlinoss_lrd_spectro_linephase_1/data/external/x1d/goods_s_00044874_x1d.fits,other,25920,1781798598
??,emergent_quantum_geometries/aq_jwst_dlinoss_lrd_spectro_linephase_1/data/external/x1d/goods_s_00044930_x1d.fits,other,25920,1781798598
??,emergent_quantum_geometries/aq_jwst_dlinoss_lrd_spectro_linephase_1/data/external/x1d/goods_s_00044938_x1d.fits,other,25920,1781798599
??,emergent_quantum_geometries/aq_jwst_dlinoss_lrd_spectro_linephase_1/data/external/x1d/goods_s_00045015_x1d.fits,other,25920,1781798599
??,emergent_quantum_geometries/aq_jwst_dlinoss_lrd_spectro_linephase_1/data/external/x1d/goods_s_00045052_x1d.fits,other,25920,1781798599
??,emergent_quantum_geometries/aq_jwst_dlinoss_lrd_spectro_linephase_1/data/external/x1d/goods_s_00045086_x1d.fits,other,25920,1781798599
??,emergent_quantum_geometries/aq_jwst_dlinoss_lrd_spectro_linephase_1/data/external/x1d/goods_s_00045260_x1d.fits,other,25920,1781798599
??,emergent_quantum_geometries/aq_jwst_dlinoss_lrd_spectro_linephase_1/data/external/x1d/goods_s_00045263_x1d.fits,other,25920,1781798599
??,emergent_quantum_geometries/aq_jwst_dlinoss_lrd_spectro_linephase_1/data/external/x1d/goods_s_00045267_x1d.fits,other,25920,1781798599
??,emergent_quantum_geometries/aq_jwst_dlinoss_lrd_spectro_linephase_1/data/external/x1d/goods_s_00045275_x1d.fits,other,25920,1781798599
??,emergent_quantum_geometries/aq_jwst_dlinoss_lrd_spectro_linephase_1/data/external/x1d/goods_s_00045276_x1d.fits,other,25920,1781798599
??,emergent_quantum_geometries/aq_jwst_dlinoss_lrd_spectro_linephase_1/data/external/x1d/goods_s_00045284_x1d.fits,other,25920,1781798599
??,emergent_quantum_geometries/aq_jwst_dlinoss_lrd_spectro_linephase_1/data/external/x1d/goods_s_00045352_x1d.fits,other,25920,1781798599
??,emergent_quantum_geometries/aq_jwst_dlinoss_lrd_spectro_linephase_1/data/external/x1d/goods_s_00045474_x1d.fits,other,25920,1781798599
??,emergent_quantum_geometries/aq_jwst_dlinoss_lrd_spectro_linephase_1/data/external/x1d/goods_s_00045490_x1d.fits,other,25920,1781798599
??,emergent_quantum_geometries/aq_jwst_dlinoss_lrd_spectro_linephase_1/data/external/x1d/goods_s_00045494_x1d.fits,other,25920,1781798599
??,emergent_quantum_geometries/aq_jwst_dlinoss_lrd_spectro_linephase_1/data/external/x1d/goods_s_00045532_x1d.fits,other,25920,1781798599
??,emergent_quantum_geometries/aq_jwst_dlinoss_lrd_spectro_linephase_1/data/external/x1d/goods_s_00045548_x1d.fits,other,25920,1781798599
??,emergent_quantum_geometries/aq_jwst_dlinoss_lrd_spectro_linephase_1/data/external/x1d/goods_s_00045629_x1d.fits,other,25920,1781798599
??,emergent_quantum_geometries/aq_jwst_dlinoss_lrd_spectro_linephase_1/data/external/x1d/goods_s_00045637_x1d.fits,other,25920,1781798599
??,emergent_quantum_geometries/aq_jwst_dlinoss_lrd_spectro_linephase_1/data/external/x1d/goods_s_00045682_x1d.fits,other,25920,1781798599
??,emergent_quantum_geometries/aq_jwst_dlinoss_lrd_spectro_linephase_1/data/external/x1d/goods_s_00045701_x1d.fits,other,25920,1781798599
??,emergent_quantum_geometries/aq_jwst_dlinoss_lrd_spectro_linephase_1/data/external/x1d/goods_s_00045736_x1d.fits,other,25920,1781798599
??,emergent_quantum_geometries/aq_jwst_dlinoss_lrd_spectro_linephase_1/data/external/x1d/goods_s_00045737_x1d.fits,other,25920,1781798599
??,emergent_quantum_geometries/aq_jwst_dlinoss_lrd_spectro_linephase_1/data/external/x1d/goods_s_00045775_x1d.fits,other,25920,1781798599
??,emergent_quantum_geometries/aq_jwst_dlinoss_lrd_spectro_linephase_1/data/external/x1d/goods_s_00045788_x1d.fits,other,25920,1781798599
??,emergent_quantum_geometries/aq_jwst_dlinoss_lrd_spectro_linephase_1/data/external/x1d/goods_s_00045796_x1d.fits,other,25920,1781798599
??,emergent_quantum_geometries/aq_jwst_dlinoss_lrd_spectro_linephase_1/data/external/x1d/goods_s_00045806_x1d.fits,other,25920,1781798599
??,emergent_quantum_geometries/aq_jwst_dlinoss_lrd_spectro_linephase_1/data/external/x1d/goods_s_00045831_x1d.fits,other,25920,1781798600
??,emergent_quantum_geometries/aq_jwst_dlinoss_lrd_spectro_linephase_1/data/external/x1d/goods_s_00045967_x1d.fits,other,25920,1781798600
??,emergent_quantum_geometries/aq_jwst_dlinoss_lrd_spectro_linephase_1/data/external/x1d/goods_s_00045976_x1d.fits,other,25920,1781798600
??,emergent_quantum_geometries/aq_jwst_dlinoss_lrd_spectro_linephase_1/data/external/x1d/goods_s_00046002_x1d.fits,other,25920,1781798600
??,emergent_quantum_geometries/aq_jwst_dlinoss_lrd_spectro_linephase_1/data/external/x1d/goods_s_00046051_x1d.fits,other,25920,1781798600
??,emergent_quantum_geometries/aq_jwst_dlinoss_lrd_spectro_linephase_1/data/external/x1d/goods_s_00046101_x1d.fits,other,25920,1781798600
??,emergent_quantum_geometries/aq_jwst_dlinoss_lrd_spectro_linephase_1/data/external/x1d/goods_s_00046214_x1d.fits,other,25920,1781798600
??,emergent_quantum_geometries/aq_jwst_dlinoss_lrd_spectro_linephase_1/data/external/x1d/goods_s_00046215_x1d.fits,other,25920,1781798600
??,emergent_quantum_geometries/aq_jwst_dlinoss_lrd_spectro_linephase_1/data/external/x1d/goods_s_00046274_x1d.fits,other,25920,1781798600
??,emergent_quantum_geometries/aq_jwst_dlinoss_lrd_spectro_linephase_1/data/external/x1d/goods_s_00046315_x1d.fits,other,25920,1781798600
??,emergent_quantum_geometries/aq_jwst_dlinoss_lrd_spectro_linephase_1/data/external/x1d/goods_s_00046350_x1d.fits,other,25920,1781798600
??,emergent_quantum_geometries/aq_jwst_dlinoss_lrd_spectro_linephase_1/data/external/x1d/goods_s_00046674_x1d.fits,other,25920,1781798600
??,emergent_quantum_geometries/aq_jwst_dlinoss_lrd_spectro_linephase_1/data/external/x1d/goods_s_00047038_x1d.fits,other,25920,1781798600
??,emergent_quantum_geometries/aq_jwst_dlinoss_lrd_spectro_linephase_1/data/external/x1d/goods_s_00047100_x1d.fits,other,25920,1781798600
??,emergent_quantum_geometries/aq_jwst_dlinoss_lrd_spectro_linephase_1/data/external/x1d/goods_s_00047222_x1d.fits,other,25920,1781798600
??,emergent_quantum_geometries/aq_jwst_dlinoss_lrd_spectro_linephase_1/data/external/x1d/goods_s_00047288_x1d.fits,other,25920,1781798600
??,emergent_quantum_geometries/aq_jwst_dlinoss_lrd_spectro_linephase_1/data/external/x1d/goods_s_00047297_x1d.fits,other,25920,1781798600
??,emergent_quantum_geometries/aq_jwst_dlinoss_lrd_spectro_linephase_1/data/external/x1d/goods_s_00047317_x1d.fits,other,25920,1781798600
??,emergent_quantum_geometries/aq_jwst_dlinoss_lrd_spectro_linephase_1/data/external/x1d/goods_s_00047412_x1d.fits,other,25920,1781798600
??,emergent_quantum_geometries/aq_jwst_dlinoss_lrd_spectro_linephase_1/data/external/x1d/goods_s_00047436_x1d.fits,other,25920,1781798600
??,emergent_quantum_geometries/aq_jwst_dlinoss_lrd_spectro_linephase_1/data/external/x1d/goods_s_00047568_x1d.fits,other,25920,1781798600
??,emergent_quantum_geometries/aq_jwst_dlinoss_lrd_spectro_linephase_1/data/external/x1d/goods_s_00047806_x1d.fits,other,25920,1781798600
??,emergent_quantum_geometries/aq_jwst_dlinoss_lrd_spectro_linephase_1/data/external/x1d/goods_s_00047870_x1d.fits,other,25920,1781798600
??,emergent_quantum_geometries/aq_jwst_dlinoss_lrd_spectro_linephase_1/data/external/x1d/goods_s_00047972_x1d.fits,other,25920,1781798600
??,emergent_quantum_geometries/aq_jwst_dlinoss_lrd_spectro_linephase_1/data/external/x1d/goods_s_00048010_x1d.fits,other,25920,1781798600
??,emergent_quantum_geometries/aq_jwst_dlinoss_lrd_spectro_linephase_1/data/external/x1d/goods_s_00048043_x1d.fits,other,25920,1781798601
??,emergent_quantum_geometries/aq_jwst_dlinoss_lrd_spectro_linephase_1/data/external/x1d/goods_s_00048049_x1d.fits,other,25920,1781798600
??,emergent_quantum_geometries/aq_jwst_dlinoss_lrd_spectro_linephase_1/data/external/x1d/goods_s_00048113_x1d.fits,other,25920,1781798600
??,emergent_quantum_geometries/aq_jwst_dlinoss_lrd_spectro_linephase_1/data/external/x1d/goods_s_00048155_x1d.fits,other,25920,1781798600
??,emergent_quantum_geometries/aq_jwst_dlinoss_lrd_spectro_linephase_1/data/external/x1d/goods_s_00048205_x1d.fits,other,25920,1781798601
??,emergent_quantum_geometries/aq_jwst_dlinoss_lrd_spectro_linephase_1/data/external/x1d/goods_s_00048242_x1d.fits,other,25920,1781798601
??,emergent_quantum_geometries/aq_jwst_dlinoss_lrd_spectro_linephase_1/data/external/x1d/goods_s_00048269_x1d.fits,other,25920,1781798601
??,emergent_quantum_geometries/aq_jwst_dlinoss_lrd_spectro_linephase_1/data/external/x1d/goods_s_00048275_x1d.fits,other,25920,1781798601
??,emergent_quantum_geometries/aq_jwst_dlinoss_lrd_spectro_linephase_1/data/external/x1d/goods_s_00048370_x1d.fits,other,25920,1781798601
??,emergent_quantum_geometries/aq_jwst_dlinoss_lrd_spectro_linephase_1/data/external/x1d/goods_s_00048489_x1d.fits,other,25920,1781798601
??,emergent_quantum_geometries/aq_jwst_dlinoss_lrd_spectro_linephase_1/data/external/x1d/goods_s_00048548_x1d.fits,other,25920,1781798601
??,emergent_quantum_geometries/aq_jwst_dlinoss_lrd_spectro_linephase_1/data/external/x1d/goods_s_00048553_x1d.fits,other,25920,1781798601
??,emergent_quantum_geometries/aq_jwst_dlinoss_lrd_spectro_linephase_1/data/external/x1d/goods_s_00048826_x1d.fits,other,25920,1781798601
??,emergent_quantum_geometries/aq_jwst_dlinoss_lrd_spectro_linephase_1/data/external/x1d/goods_s_00048859_x1d.fits,other,25920,1781798601
??,emergent_quantum_geometries/aq_jwst_dlinoss_lrd_spectro_linephase_1/data/external/x1d/goods_s_00048912_x1d.fits,other,25920,1781798601
??,emergent_quantum_geometries/aq_jwst_dlinoss_lrd_spectro_linephase_1/data/external/x1d/goods_s_00048915_x1d.fits,other,25920,1781798601
??,emergent_quantum_geometries/aq_jwst_dlinoss_lrd_spectro_linephase_1/data/external/x1d/goods_s_00049116_x1d.fits,other,25920,1781798601
??,emergent_quantum_geometries/aq_jwst_dlinoss_lrd_spectro_linephase_1/data/external/x1d/goods_s_00049246_x1d.fits,other,25920,1781798601
??,emergent_quantum_geometries/aq_jwst_dlinoss_lrd_spectro_linephase_1/data/external/x1d/goods_s_00049310_x1d.fits,other,25920,1781798601
??,emergent_quantum_geometries/aq_jwst_dlinoss_lrd_spectro_linephase_1/data/external/x1d/goods_s_00049344_x1d.fits,other,25920,1781798601
??,emergent_quantum_geometries/aq_jwst_dlinoss_lrd_spectro_linephase_1/data/external/x1d/goods_s_00049480_x1d.fits,other,25920,1781798601
??,emergent_quantum_geometries/aq_jwst_dlinoss_lrd_spectro_linephase_1/data/external/x1d/goods_s_00049607_x1d.fits,other,25920,1781798601
??,emergent_quantum_geometries/aq_jwst_dlinoss_lrd_spectro_linephase_1/data/external/x1d/goods_s_00049688_x1d.fits,other,25920,1781798601
??,emergent_quantum_geometries/aq_jwst_dlinoss_lrd_spectro_linephase_1/data/external/x1d/goods_s_00049729_x1d.fits,other,25920,1781798601
??,emergent_quantum_geometries/aq_jwst_dlinoss_lrd_spectro_linephase_1/data/external/x1d/goods_s_00049733_x1d.fits,other,25920,1781798601
??,emergent_quantum_geometries/aq_jwst_dlinoss_lrd_spectro_linephase_1/data/external/x1d/goods_s_00049738_x1d.fits,other,25920,1781798601
??,emergent_quantum_geometries/aq_jwst_dlinoss_lrd_spectro_linephase_1/data/external/x1d/goods_s_00049853_x1d.fits,other,25920,1781798601
??,emergent_quantum_geometries/aq_jwst_dlinoss_lrd_spectro_linephase_1/data/external/x1d/goods_s_00050248_x1d.fits,other,25920,1781798601
??,emergent_quantum_geometries/aq_jwst_dlinoss_lrd_spectro_linephase_1/data/external/x1d/goods_s_00050413_x1d.fits,other,25920,1781798601
??,emergent_quantum_geometries/aq_jwst_dlinoss_lrd_spectro_linephase_1/data/external/x1d/goods_s_00050575_x1d.fits,other,25920,1781798601
??,emergent_quantum_geometries/aq_jwst_dlinoss_lrd_spectro_linephase_1/data/external/x1d/goods_s_00050774_x1d.fits,other,25920,1781798602
??,emergent_quantum_geometries/aq_jwst_dlinoss_lrd_spectro_linephase_1/data/external/x1d/goods_s_00051068_x1d.fits,other,25920,1781798602
??,emergent_quantum_geometries/aq_jwst_dlinoss_lrd_spectro_linephase_1/data/external/x1d/goods_s_00051102_x1d.fits,other,25920,1781798602
??,emergent_quantum_geometries/aq_jwst_dlinoss_lrd_spectro_linephase_1/data/external/x1d/goods_s_00051204_x1d.fits,other,25920,1781798602
??,emergent_quantum_geometries/aq_jwst_dlinoss_lrd_spectro_linephase_1/data/external/x1d/goods_s_00051209_x1d.fits,other,25920,1781798602
??,emergent_quantum_geometries/aq_jwst_dlinoss_lrd_spectro_linephase_1/data/external/x1d/goods_s_00051236_x1d.fits,other,25920,1781798602
??,emergent_quantum_geometries/aq_jwst_dlinoss_lrd_spectro_linephase_1/data/external/x1d/goods_s_00051256_x1d.fits,other,25920,1781798602
??,emergent_quantum_geometries/aq_jwst_dlinoss_lrd_spectro_linephase_1/data/external/x1d/goods_s_00051300_x1d.fits,other,25920,1781798602
??,emergent_quantum_geometries/aq_jwst_dlinoss_lrd_spectro_linephase_1/data/external/x1d/goods_s_00051318_x1d.fits,other,25920,1781798602
??,emergent_quantum_geometries/aq_jwst_dlinoss_lrd_spectro_linephase_1/data/external/x1d/goods_s_00051489_x1d.fits,other,25920,1781798602
??,emergent_quantum_geometries/aq_jwst_dlinoss_lrd_spectro_linephase_1/data/external/x1d/goods_s_00051778_x1d.fits,other,25920,1781798602
??,emergent_quantum_geometries/aq_jwst_dlinoss_lrd_spectro_linephase_1/data/external/x1d/goods_s_00051812_x1d.fits,other,25920,1781798602
??,emergent_quantum_geometries/aq_jwst_dlinoss_lrd_spectro_linephase_1/data/external/x1d/goods_s_00051834_x1d.fits,other,25920,1781798602
??,emergent_quantum_geometries/aq_jwst_dlinoss_lrd_spectro_linephase_1/data/external/x1d/goods_s_00051871_x1d.fits,other,25920,1781798602
??,emergent_quantum_geometries/aq_jwst_dlinoss_lrd_spectro_linephase_1/data/external/x1d/goods_s_00051925_x1d.fits,other,25920,1781798602
??,emergent_quantum_geometries/aq_jwst_dlinoss_lrd_spectro_linephase_1/data/external/x1d/goods_s_00052069_x1d.fits,other,25920,1781798602
??,emergent_quantum_geometries/aq_jwst_dlinoss_lrd_spectro_linephase_1/data/external/x1d/goods_s_00052091_x1d.fits,other,25920,1781798602
??,emergent_quantum_geometries/aq_jwst_dlinoss_lrd_spectro_linephase_1/data/external/x1d/goods_s_00052199_x1d.fits,other,25920,1781798602
??,emergent_quantum_geometries/aq_jwst_dlinoss_lrd_spectro_linephase_1/data/external/x1d/goods_s_00052618_x1d.fits,other,25920,1781798602
??,emergent_quantum_geometries/aq_jwst_dlinoss_lrd_spectro_linephase_1/data/external/x1d/goods_s_00052721_x1d.fits,other,25920,1781798602
??,emergent_quantum_geometries/aq_jwst_dlinoss_lrd_spectro_linephase_1/data/external/x1d/goods_s_00052803_x1d.fits,other,25920,1781798602
??,emergent_quantum_geometries/aq_jwst_dlinoss_lrd_spectro_linephase_1/data/external/x1d/goods_s_00053419_x1d.fits,other,25920,1781798602
??,emergent_quantum_geometries/aq_jwst_dlinoss_lrd_spectro_linephase_1/data/external/x1d/goods_s_00053648_x1d.fits,other,25920,1781798602
??,emergent_quantum_geometries/aq_jwst_dlinoss_lrd_spectro_linephase_1/data/external/x1d/goods_s_00053770_x1d.fits,other,25920,1781798602
??,emergent_quantum_geometries/aq_jwst_dlinoss_lrd_spectro_linephase_1/data/external/x1d/goods_s_00053915_x1d.fits,other,25920,1781798602
??,emergent_quantum_geometries/aq_jwst_dlinoss_lrd_spectro_linephase_1/data/external/x1d/goods_s_00053979_x1d.fits,other,25920,1781798602
??,emergent_quantum_geometries/aq_jwst_dlinoss_lrd_spectro_linephase_1/data/external/x1d/goods_s_00054058_x1d.fits,other,25920,1781798602
??,emergent_quantum_geometries/aq_jwst_dlinoss_lrd_spectro_linephase_1/data/external/x1d/goods_s_00054097_x1d.fits,other,25920,1781798602
??,emergent_quantum_geometries/aq_jwst_dlinoss_lrd_spectro_linephase_1/data/external/x1d/goods_s_00054274_x1d.fits,other,25920,1781798603
??,emergent_quantum_geometries/aq_jwst_dlinoss_lrd_spectro_linephase_1/data/external/x1d/goods_s_00054381_x1d.fits,other,25920,1781798603
??,emergent_quantum_geometries/aq_jwst_dlinoss_lrd_spectro_linephase_1/data/external/x1d/goods_s_00054418_x1d.fits,other,25920,1781798603
??,emergent_quantum_geometries/aq_jwst_dlinoss_lrd_spectro_linephase_1/data/external/x1d/goods_s_00054461_x1d.fits,other,25920,1781798603
??,emergent_quantum_geometries/aq_jwst_dlinoss_lrd_spectro_linephase_1/data/external/x1d/goods_s_00054612_x1d.fits,other,25920,1781798603
??,emergent_quantum_geometries/aq_jwst_dlinoss_lrd_spectro_linephase_1/data/external/x1d/goods_s_00055977_x1d.fits,other,25920,1781798603
??,emergent_quantum_geometries/aq_jwst_dlinoss_lrd_spectro_linephase_1/data/external/x1d/goods_s_00056007_x1d.fits,other,25920,1781798603
??,emergent_quantum_geometries/aq_jwst_dlinoss_lrd_spectro_linephase_1/data/external/x1d/goods_s_00056452_x1d.fits,other,25920,1781798603
??,emergent_quantum_geometries/aq_jwst_dlinoss_lrd_spectro_linephase_1/data/external/x1d/goods_s_00056812_x1d.fits,other,25920,1781798603
??,emergent_quantum_geometries/aq_jwst_dlinoss_lrd_spectro_linephase_1/data/external/x1d/goods_s_00056853_x1d.fits,other,25920,1781798603
??,emergent_quantum_geometries/aq_jwst_dlinoss_lrd_spectro_linephase_1/data/external/x1d/goods_s_00056886_x1d.fits,other,25920,1781798603
??,emergent_quantum_geometries/aq_jwst_dlinoss_lrd_spectro_linephase_1/data/external/x1d/goods_s_00057113_x1d.fits,other,25920,1781798603
??,emergent_quantum_geometries/aq_jwst_dlinoss_lrd_spectro_linephase_1/data/external/x1d/goods_s_00057152_x1d.fits,other,25920,1781798603
??,emergent_quantum_geometries/aq_jwst_dlinoss_lrd_spectro_linephase_1/data/external/x1d/goods_s_00057471_x1d.fits,other,25920,1781798603
??,emergent_quantum_geometries/aq_jwst_dlinoss_lrd_spectro_linephase_1/data/external/x1d/goods_s_00057578_x1d.fits,other,25920,1781798603
??,emergent_quantum_geometries/aq_jwst_dlinoss_lrd_spectro_linephase_1/data/external/x1d/goods_s_00057603_x1d.fits,other,25920,1781798603
??,emergent_quantum_geometries/aq_jwst_dlinoss_lrd_spectro_linephase_1/data/external/x1d/goods_s_00057887_x1d.fits,other,25920,1781798603
??,emergent_quantum_geometries/aq_jwst_dlinoss_lrd_spectro_linephase_1/data/external/x1d/goods_s_00057895_x1d.fits,other,25920,1781798603
??,emergent_quantum_geometries/aq_jwst_dlinoss_lrd_spectro_linephase_1/data/external/x1d/goods_s_00058093_x1d.fits,other,25920,1781798603
??,emergent_quantum_geometries/aq_jwst_dlinoss_lrd_spectro_linephase_1/data/external/x1d/goods_s_00058112_x1d.fits,other,25920,1781798603
??,emergent_quantum_geometries/aq_jwst_dlinoss_lrd_spectro_linephase_1/data/external/x1d/goods_s_00058159_x1d.fits,other,25920,1781798603
??,emergent_quantum_geometries/aq_jwst_dlinoss_lrd_spectro_linephase_1/data/external/x1d/goods_s_00058260_x1d.fits,other,25920,1781798603
??,emergent_quantum_geometries/aq_jwst_dlinoss_lrd_spectro_linephase_1/data/external/x1d/goods_s_00058639_x1d.fits,other,25920,1781798603
??,emergent_quantum_geometries/aq_jwst_dlinoss_lrd_spectro_linephase_1/data/external/x1d/goods_s_00058656_x1d.fits,other,25920,1781798603
??,emergent_quantum_geometries/aq_jwst_dlinoss_lrd_spectro_linephase_1/data/external/x1d/goods_s_00058658_x1d.fits,other,25920,1781798603
??,emergent_quantum_geometries/aq_jwst_dlinoss_lrd_spectro_linephase_1/data/external/x1d/goods_s_00058677_x1d.fits,other,25920,1781798603
??,emergent_quantum_geometries/aq_jwst_dlinoss_lrd_spectro_linephase_1/data/external/x1d/goods_s_00058711_x1d.fits,other,25920,1781798603
??,emergent_quantum_geometries/aq_jwst_dlinoss_lrd_spectro_linephase_1/data/external/x1d/goods_s_00058815_x1d.fits,other,25920,1781798603
??,emergent_quantum_geometries/aq_jwst_dlinoss_lrd_spectro_linephase_1/data/external/x1d/goods_s_00058850_x1d.fits,other,25920,1781798603
??,emergent_quantum_geometries/aq_jwst_dlinoss_lrd_spectro_linephase_1/data/external/x1d/goods_s_00058911_x1d.fits,other,25920,1781798603
??,emergent_quantum_geometries/aq_jwst_dlinoss_lrd_spectro_linephase_1/data/external/x1d/goods_s_00059943_x1d.fits,other,25920,1781798604
??,emergent_quantum_geometries/aq_jwst_dlinoss_lrd_spectro_linephase_1/data/external/x1d/goods_s_00060280_x1d.fits,other,25920,1781798604
??,emergent_quantum_geometries/aq_jwst_dlinoss_lrd_spectro_linephase_1/data/external/x1d/goods_s_00060729_x1d.fits,other,25920,1781798604
??,emergent_quantum_geometries/aq_jwst_dlinoss_lrd_spectro_linephase_1/data/external/x1d/goods_s_00060735_x1d.fits,other,25920,1781798604
??,emergent_quantum_geometries/aq_jwst_dlinoss_lrd_spectro_linephase_1/data/external/x1d/goods_s_00061029_x1d.fits,other,25920,1781798604
??,emergent_quantum_geometries/aq_jwst_dlinoss_lrd_spectro_linephase_1/data/external/x1d/goods_s_00061321_x1d.fits,other,25920,1781798604
??,emergent_quantum_geometries/aq_jwst_dlinoss_lrd_spectro_linephase_1/data/external/x1d/goods_s_00061360_x1d.fits,other,25920,1781798604
??,emergent_quantum_geometries/aq_jwst_dlinoss_lrd_spectro_linephase_1/data/external/x1d/goods_s_00061570_x1d.fits,other,25920,1781798604
??,emergent_quantum_geometries/aq_jwst_dlinoss_lrd_spectro_linephase_1/data/external/x1d/goods_s_00062328_x1d.fits,other,25920,1781798604
??,emergent_quantum_geometries/aq_jwst_dlinoss_lrd_spectro_linephase_1/data/external/x1d/goods_s_00062846_x1d.fits,other,25920,1781798604
??,emergent_quantum_geometries/aq_jwst_dlinoss_lrd_spectro_linephase_1/data/external/x1d/goods_s_00089091_x1d.fits,other,25920,1781798604
??,emergent_quantum_geometries/aq_jwst_dlinoss_lrd_spectro_linephase_1/data/external/x1d/goods_s_00089658_x1d.fits,other,25920,1781798604
??,emergent_quantum_geometries/aq_jwst_dlinoss_lrd_spectro_linephase_1/data/external/x1d/goods_s_00090864_x1d.fits,other,25920,1781798604
??,emergent_quantum_geometries/aq_jwst_dlinoss_lrd_spectro_linephase_1/data/external/x1d/goods_s_00093067_x1d.fits,other,25920,1781798604
??,emergent_quantum_geometries/aq_jwst_dlinoss_lrd_spectro_linephase_1/data/external/x1d/goods_s_00095031_x1d.fits,other,25920,1781798604
??,emergent_quantum_geometries/aq_jwst_dlinoss_lrd_spectro_linephase_1/data/external/x1d/goods_s_00095256_x1d.fits,other,25920,1781798604
??,emergent_quantum_geometries/aq_jwst_dlinoss_lrd_spectro_linephase_1/data/external/x1d/goods_s_00095278_x1d.fits,other,25920,1781798604
??,emergent_quantum_geometries/aq_jwst_dlinoss_lrd_spectro_linephase_1/data/external/x1d/goods_s_00096468_x1d.fits,other,25920,1781798604
??,emergent_quantum_geometries/aq_jwst_dlinoss_lrd_spectro_linephase_1/data/external/x1d/goods_s_00096616_x1d.fits,other,25920,1781798604
??,emergent_quantum_geometries/aq_jwst_dlinoss_lrd_spectro_linephase_1/data/external/x1d/goods_s_00098421_x1d.fits,other,25920,1781798604
??,emergent_quantum_geometries/aq_jwst_dlinoss_lrd_spectro_linephase_1/data/external/x1d/goods_s_00098554_x1d.fits,other,25920,1781798604
??,emergent_quantum_geometries/aq_jwst_dlinoss_lrd_spectro_linephase_1/data/external/x1d/goods_s_00098587_x1d.fits,other,25920,1781798604
??,emergent_quantum_geometries/aq_jwst_dlinoss_lrd_spectro_linephase_1/data/external/x1d/goods_s_00099302_x1d.fits,other,25920,1781798604
??,emergent_quantum_geometries/aq_jwst_dlinoss_lrd_spectro_linephase_1/data/external/x1d/goods_s_00099671_x1d.fits,other,25920,1781798604
??,emergent_quantum_geometries/aq_jwst_dlinoss_lrd_spectro_linephase_1/data/external/x1d/goods_s_00099843_x1d.fits,other,25920,1781798604
??,emergent_quantum_geometries/aq_jwst_dlinoss_lrd_spectro_linephase_1/data/external/x1d/goods_s_00100227_x1d.fits,other,25920,1781798604
??,emergent_quantum_geometries/aq_jwst_dlinoss_lrd_spectro_linephase_1/data/external/x1d/goods_s_00100431_x1d.fits,other,25920,1781798604
??,emergent_quantum_geometries/aq_jwst_dlinoss_lrd_spectro_linephase_1/data/external/x1d/goods_s_00101062_x1d.fits,other,25920,1781798604
??,emergent_quantum_geometries/aq_jwst_dlinoss_lrd_spectro_linephase_1/data/external/x1d/goods_s_00101167_x1d.fits,other,25920,1781798604
??,emergent_quantum_geometries/aq_jwst_dlinoss_lrd_spectro_linephase_1/data/external/x1d/goods_s_00102491_x1d.fits,other,25920,1781798604
??,emergent_quantum_geometries/aq_jwst_dlinoss_lrd_spectro_linephase_1/data/external/x1d/goods_s_00103483_x1d.fits,other,25920,1781798605
??,emergent_quantum_geometries/aq_jwst_dlinoss_lrd_spectro_linephase_1/data/external/x1d/goods_s_00103897_x1d.fits,other,25920,1781798605
??,emergent_quantum_geometries/aq_jwst_dlinoss_lrd_spectro_linephase_1/data/external/x1d/goods_s_00104075_x1d.fits,other,25920,1781798605
??,emergent_quantum_geometries/aq_jwst_dlinoss_lrd_spectro_linephase_1/data/external/x1d/goods_s_00104813_x1d.fits,other,25920,1781798605
??,emergent_quantum_geometries/aq_jwst_dlinoss_lrd_spectro_linephase_1/data/external/x1d/goods_s_00105373_x1d.fits,other,25920,1781798605
??,emergent_quantum_geometries/aq_jwst_dlinoss_lrd_spectro_linephase_1/data/external/x1d/goods_s_00105581_x1d.fits,other,25920,1781798605
??,emergent_quantum_geometries/aq_jwst_dlinoss_lrd_spectro_linephase_1/data/external/x1d/goods_s_00106197_x1d.fits,other,25920,1781798605
??,emergent_quantum_geometries/aq_jwst_dlinoss_lrd_spectro_linephase_1/data/external/x1d/goods_s_00107028_x1d.fits,other,25920,1781798605
??,emergent_quantum_geometries/aq_jwst_dlinoss_lrd_spectro_linephase_1/data/external/x1d/goods_s_00108190_x1d.fits,other,25920,1781798605
??,emergent_quantum_geometries/aq_jwst_dlinoss_lrd_spectro_linephase_1/data/external/x1d/goods_s_00108487_x1d.fits,other,25920,1781798605
??,emergent_quantum_geometries/aq_jwst_dlinoss_lrd_spectro_linephase_1/data/external/x1d/goods_s_00108494_x1d.fits,other,25920,1781798605
??,emergent_quantum_geometries/aq_jwst_dlinoss_lrd_spectro_linephase_1/data/external/x1d/goods_s_00108838_x1d.fits,other,25920,1781798605
??,emergent_quantum_geometries/aq_jwst_dlinoss_lrd_spectro_linephase_1/data/external/x1d/goods_s_00109026_x1d.fits,other,25920,1781798605
??,emergent_quantum_geometries/aq_jwst_dlinoss_lrd_spectro_linephase_1/data/external/x1d/goods_s_00109389_x1d.fits,other,25920,1781798605
??,emergent_quantum_geometries/aq_jwst_dlinoss_lrd_spectro_linephase_1/data/external/x1d/goods_s_00109613_x1d.fits,other,25920,1781798605
??,emergent_quantum_geometries/aq_jwst_dlinoss_lrd_spectro_linephase_1/data/external/x1d/goods_s_00109798_x1d.fits,other,25920,1781798605
??,emergent_quantum_geometries/aq_jwst_dlinoss_lrd_spectro_linephase_1/data/external/x1d/goods_s_00110058_x1d.fits,other,25920,1781798605
??,emergent_quantum_geometries/aq_jwst_dlinoss_lrd_spectro_linephase_1/data/external/x1d/goods_s_00111015_x1d.fits,other,25920,1781798605
??,emergent_quantum_geometries/aq_jwst_dlinoss_lrd_spectro_linephase_1/data/external/x1d/goods_s_00111091_x1d.fits,other,25920,1781798605
??,emergent_quantum_geometries/aq_jwst_dlinoss_lrd_spectro_linephase_1/data/external/x1d/goods_s_00111306_x1d.fits,other,25920,1781798605
??,emergent_quantum_geometries/aq_jwst_dlinoss_lrd_spectro_linephase_1/data/external/x1d/goods_s_00111511_x1d.fits,other,25920,1781798605
??,emergent_quantum_geometries/aq_jwst_dlinoss_lrd_spectro_linephase_1/data/external/x1d/goods_s_00111547_x1d.fits,other,25920,1781798605
??,emergent_quantum_geometries/aq_jwst_dlinoss_lrd_spectro_linephase_1/data/external/x1d/goods_s_00111773_x1d.fits,other,25920,1781798605
??,emergent_quantum_geometries/aq_jwst_dlinoss_lrd_spectro_linephase_1/data/external/x1d/goods_s_00113056_x1d.fits,other,25920,1781798605
??,emergent_quantum_geometries/aq_jwst_dlinoss_lrd_spectro_linephase_1/data/external/x1d/goods_s_00113101_x1d.fits,other,25920,1781798605
??,emergent_quantum_geometries/aq_jwst_dlinoss_lrd_spectro_linephase_1/data/external/x1d/goods_s_00113719_x1d.fits,other,25920,1781798605
??,emergent_quantum_geometries/aq_jwst_dlinoss_lrd_spectro_linephase_1/data/external/x1d/goods_s_00114498_x1d.fits,other,25920,1781798605
??,emergent_quantum_geometries/aq_jwst_dlinoss_lrd_spectro_linephase_1/data/external/x1d/goods_s_00114573_x1d.fits,other,25920,1781798605
??,emergent_quantum_geometries/aq_jwst_dlinoss_lrd_spectro_linephase_1/data/external/x1d/goods_s_00120414_x1d.fits,other,25920,1781798605
??,emergent_quantum_geometries/aq_jwst_dlinoss_lrd_spectro_linephase_1/data/external/x1d/goods_s_00120830_x1d.fits,other,25920,1781798605
??,emergent_quantum_geometries/aq_jwst_dlinoss_lrd_spectro_linephase_1/data/external/x1d/goods_s_00121092_x1d.fits,other,25920,1781798606
??,emergent_quantum_geometries/aq_jwst_dlinoss_lrd_spectro_linephase_1/data/external/x1d/goods_s_00126180_x1d.fits,other,25920,1781798606
??,emergent_quantum_geometries/aq_jwst_dlinoss_lrd_spectro_linephase_1/data/external/x1d/goods_s_00127079_x1d.fits,other,25920,1781798606
??,emergent_quantum_geometries/aq_jwst_dlinoss_lrd_spectro_linephase_1/data/external/x1d/goods_s_00127547_x1d.fits,other,25920,1781798606
??,emergent_quantum_geometries/aq_jwst_dlinoss_lrd_spectro_linephase_1/data/external/x1d/goods_s_00127557_x1d.fits,other,25920,1781798606
??,emergent_quantum_geometries/aq_jwst_dlinoss_lrd_spectro_linephase_1/data/external/x1d/goods_s_00128072_x1d.fits,other,25920,1781798606
??,emergent_quantum_geometries/aq_jwst_dlinoss_lrd_spectro_linephase_1/data/external/x1d/goods_s_00128261_x1d.fits,other,25920,1781798606
??,emergent_quantum_geometries/aq_jwst_dlinoss_lrd_spectro_linephase_1/data/external/x1d/goods_s_00128929_x1d.fits,other,25920,1781798606
??,emergent_quantum_geometries/aq_jwst_dlinoss_lrd_spectro_linephase_1/data/external/x1d/goods_s_00129261_x1d.fits,other,25920,1781798606
??,emergent_quantum_geometries/aq_jwst_dlinoss_lrd_spectro_linephase_1/data/external/x1d/goods_s_00129777_x1d.fits,other,25920,1781798606
??,emergent_quantum_geometries/aq_jwst_dlinoss_lrd_spectro_linephase_1/data/external/x1d/goods_s_00129992_x1d.fits,other,25920,1781798606
??,emergent_quantum_geometries/aq_jwst_dlinoss_lrd_spectro_linephase_1/data/external/x1d/goods_s_00130712_x1d.fits,other,25920,1781798606
??,emergent_quantum_geometries/aq_jwst_dlinoss_lrd_spectro_linephase_1/data/external/x1d/goods_s_00131390_x1d.fits,other,25920,1781798606
??,emergent_quantum_geometries/aq_jwst_dlinoss_lrd_spectro_linephase_1/data/external/x1d/goods_s_00131642_x1d.fits,other,25920,1781798606
??,emergent_quantum_geometries/aq_jwst_dlinoss_lrd_spectro_linephase_1/data/external/x1d/goods_s_00131737_x1d.fits,other,25920,1781798606
??,emergent_quantum_geometries/aq_jwst_dlinoss_lrd_spectro_linephase_1/data/external/x1d/goods_s_00131798_x1d.fits,other,25920,1781798606
??,emergent_quantum_geometries/aq_jwst_dlinoss_lrd_spectro_linephase_1/data/external/x1d/goods_s_00132213_x1d.fits,other,25920,1781798606
??,emergent_quantum_geometries/aq_jwst_dlinoss_lrd_spectro_linephase_1/data/external/x1d/goods_s_00132379_x1d.fits,other,25920,1781798606
??,emergent_quantum_geometries/aq_jwst_dlinoss_lrd_spectro_linephase_1/data/external/x1d/goods_s_00132458_x1d.fits,other,25920,1781798606
??,emergent_quantum_geometries/aq_jwst_dlinoss_lrd_spectro_linephase_1/data/external/x1d/goods_s_00132574_x1d.fits,other,25920,1781798606
??,emergent_quantum_geometries/aq_jwst_dlinoss_lrd_spectro_linephase_1/data/external/x1d/goods_s_00132595_x1d.fits,other,25920,1781798606
??,emergent_quantum_geometries/aq_jwst_dlinoss_lrd_spectro_linephase_1/data/external/x1d/goods_s_00132723_x1d.fits,other,25920,1781798606
??,emergent_quantum_geometries/aq_jwst_dlinoss_lrd_spectro_linephase_1/data/external/x1d/goods_s_00133298_x1d.fits,other,25920,1781798606
??,emergent_quantum_geometries/aq_jwst_dlinoss_lrd_spectro_linephase_1/data/external/x1d/goods_s_00133789_x1d.fits,other,25920,1781798606
??,emergent_quantum_geometries/aq_jwst_dlinoss_lrd_spectro_linephase_1/data/external/x1d/goods_s_00134419_x1d.fits,other,25920,1781798606
??,emergent_quantum_geometries/aq_jwst_dlinoss_lrd_spectro_linephase_1/data/external/x1d/goods_s_00134811_x1d.fits,other,25920,1781798606
??,emergent_quantum_geometries/aq_jwst_dlinoss_lrd_spectro_linephase_1/data/external/x1d/goods_s_00134898_x1d.fits,other,25920,1781798606
??,emergent_quantum_geometries/aq_jwst_dlinoss_lrd_spectro_linephase_1/data/external/x1d/goods_s_00135134_x1d.fits,other,25920,1781798607
??,emergent_quantum_geometries/aq_jwst_dlinoss_lrd_spectro_linephase_1/data/external/x1d/goods_s_00135207_x1d.fits,other,25920,1781798607
??,emergent_quantum_geometries/aq_jwst_dlinoss_lrd_spectro_linephase_1/data/external/x1d/goods_s_00135853_x1d.fits,other,25920,1781798607
??,emergent_quantum_geometries/aq_jwst_dlinoss_lrd_spectro_linephase_1/data/external/x1d/goods_s_00136337_x1d.fits,other,25920,1781798607
??,emergent_quantum_geometries/aq_jwst_dlinoss_lrd_spectro_linephase_1/data/external/x1d/goods_s_00137573_x1d.fits,other,25920,1781798607
??,emergent_quantum_geometries/aq_jwst_dlinoss_lrd_spectro_linephase_1/data/external/x1d/goods_s_00138765_x1d.fits,other,25920,1781798607
??,emergent_quantum_geometries/aq_jwst_dlinoss_lrd_spectro_linephase_1/data/external/x1d/goods_s_00140521_x1d.fits,other,25920,1781798607
??,emergent_quantum_geometries/aq_jwst_dlinoss_lrd_spectro_linephase_1/data/external/x1d/goods_s_00140853_x1d.fits,other,25920,1781798607
??,emergent_quantum_geometries/aq_jwst_dlinoss_lrd_spectro_linephase_1/data/external/x1d/goods_s_00142345_x1d.fits,other,25920,1781798607
??,emergent_quantum_geometries/aq_jwst_dlinoss_lrd_spectro_linephase_1/data/external/x1d/goods_s_00143264_x1d.fits,other,25920,1781798607
??,emergent_quantum_geometries/aq_jwst_dlinoss_lrd_spectro_linephase_1/data/external/x1d/goods_s_00143403_x1d.fits,other,25920,1781798607
??,emergent_quantum_geometries/aq_jwst_dlinoss_lrd_spectro_linephase_1/data/external/x1d/goods_s_00193544_x1d.fits,other,25920,1781798607
??,emergent_quantum_geometries/aq_jwst_dlinoss_lrd_spectro_linephase_1/data/external/x1d/goods_s_00194580_x1d.fits,other,25920,1781798607
??,emergent_quantum_geometries/aq_jwst_dlinoss_lrd_spectro_linephase_1/data/external/x1d/goods_s_00194906_x1d.fits,other,25920,1781798607
??,emergent_quantum_geometries/aq_jwst_dlinoss_lrd_spectro_linephase_1/data/external/x1d/goods_s_00195035_x1d.fits,other,25920,1781798607
??,emergent_quantum_geometries/aq_jwst_dlinoss_lrd_spectro_linephase_1/data/external/x1d/goods_s_00196039_x1d.fits,other,25920,1781798607
??,emergent_quantum_geometries/aq_jwst_dlinoss_lrd_spectro_linephase_1/data/external/x1d/goods_s_00196439_x1d.fits,other,25920,1781798607
??,emergent_quantum_geometries/aq_jwst_dlinoss_lrd_spectro_linephase_1/data/external/x1d/goods_s_00196557_x1d.fits,other,25920,1781798607
??,emergent_quantum_geometries/aq_jwst_dlinoss_lrd_spectro_linephase_1/data/external/x1d/goods_s_00196916_x1d.fits,other,25920,1781798607
??,emergent_quantum_geometries/aq_jwst_dlinoss_lrd_spectro_linephase_1/data/external/x1d/goods_s_00197429_x1d.fits,other,25920,1781798607
??,emergent_quantum_geometries/aq_jwst_dlinoss_lrd_spectro_linephase_1/data/external/x1d/goods_s_00197649_x1d.fits,other,25920,1781798607
??,emergent_quantum_geometries/aq_jwst_dlinoss_lrd_spectro_linephase_1/data/external/x1d/goods_s_00197911_x1d.fits,other,25920,1781798607
??,emergent_quantum_geometries/aq_jwst_dlinoss_lrd_spectro_linephase_1/data/external/x1d/goods_s_00198654_x1d.fits,other,25920,1781798607
??,emergent_quantum_geometries/aq_jwst_dlinoss_lrd_spectro_linephase_1/data/external/x1d/goods_s_00199216_x1d.fits,other,25920,1781798607
??,emergent_quantum_geometries/aq_jwst_dlinoss_lrd_spectro_linephase_1/data/external/x1d/goods_s_00199524_x1d.fits,other,25920,1781798607
??,emergent_quantum_geometries/aq_jwst_dlinoss_lrd_spectro_linephase_1/data/external/x1d/goods_s_00199773_x1d.fits,other,25920,1781798607
??,emergent_quantum_geometries/aq_jwst_dlinoss_lrd_spectro_linephase_1/data/external/x1d/goods_s_00199856_x1d.fits,other,25920,1781798607
??,emergent_quantum_geometries/aq_jwst_dlinoss_lrd_spectro_linephase_1/data/external/x1d/goods_s_00199943_x1d.fits,other,25920,1781798607
??,emergent_quantum_geometries/aq_jwst_dlinoss_lrd_spectro_linephase_1/data/external/x1d/goods_s_00200026_x1d.fits,other,25920,1781798608
??,emergent_quantum_geometries/aq_jwst_dlinoss_lrd_spectro_linephase_1/data/external/x1d/goods_s_00200277_x1d.fits,other,25920,1781798608
??,emergent_quantum_geometries/aq_jwst_dlinoss_lrd_spectro_linephase_1/data/external/x1d/goods_s_00200679_x1d.fits,other,25920,1781798608
??,emergent_quantum_geometries/aq_jwst_dlinoss_lrd_spectro_linephase_1/data/external/x1d/goods_s_00201127_x1d.fits,other,25920,1781798608
??,emergent_quantum_geometries/aq_jwst_dlinoss_lrd_spectro_linephase_1/data/external/x1d/goods_s_00201249_x1d.fits,other,25920,1781798608
??,emergent_quantum_geometries/aq_jwst_dlinoss_lrd_spectro_linephase_1/data/external/x1d/goods_s_00201295_x1d.fits,other,25920,1781798608
??,emergent_quantum_geometries/aq_jwst_dlinoss_lrd_spectro_linephase_1/data/external/x1d/goods_s_00201562_x1d.fits,other,25920,1781798608
??,emergent_quantum_geometries/aq_jwst_dlinoss_lrd_spectro_linephase_1/data/external/x1d/goods_s_00201769_x1d.fits,other,25920,1781798608
??,emergent_quantum_geometries/aq_jwst_dlinoss_lrd_spectro_linephase_1/data/external/x1d/goods_s_00201867_x1d.fits,other,25920,1781798608
??,emergent_quantum_geometries/aq_jwst_dlinoss_lrd_spectro_linephase_1/data/external/x1d/goods_s_00201906_x1d.fits,other,25920,1781798608
??,emergent_quantum_geometries/aq_jwst_dlinoss_lrd_spectro_linephase_1/data/external/x1d/goods_s_00201941_x1d.fits,other,25920,1781798608
??,emergent_quantum_geometries/aq_jwst_dlinoss_lrd_spectro_linephase_1/data/external/x1d/goods_s_00202185_x1d.fits,other,25920,1781798608
??,emergent_quantum_geometries/aq_jwst_dlinoss_lrd_spectro_linephase_1/data/external/x1d/goods_s_00202208_x1d.fits,other,25920,1781798608
??,emergent_quantum_geometries/aq_jwst_dlinoss_lrd_spectro_linephase_1/data/external/x1d/goods_s_00202753_x1d.fits,other,25920,1781798608
??,emergent_quantum_geometries/aq_jwst_dlinoss_lrd_spectro_linephase_1/data/external/x1d/goods_s_00203369_x1d.fits,other,25920,1781798608
??,emergent_quantum_geometries/aq_jwst_dlinoss_lrd_spectro_linephase_1/data/external/x1d/goods_s_00205913_x1d.fits,other,25920,1781798608
??,emergent_quantum_geometries/aq_jwst_dlinoss_lrd_spectro_linephase_1/data/external/x1d/goods_s_00206035_x1d.fits,other,25920,1781798608
??,emergent_quantum_geometries/aq_jwst_dlinoss_lrd_spectro_linephase_1/data/external/x1d/goods_s_00206146_x1d.fits,other,25920,1781798608
??,emergent_quantum_geometries/aq_jwst_dlinoss_lrd_spectro_linephase_1/data/external/x1d/goods_s_00206661_x1d.fits,other,25920,1781798608
??,emergent_quantum_geometries/aq_jwst_dlinoss_lrd_spectro_linephase_1/data/external/x1d/goods_s_00207067_x1d.fits,other,25920,1781798608
??,emergent_quantum_geometries/aq_jwst_dlinoss_lrd_spectro_linephase_1/data/external/x1d/goods_s_00207234_x1d.fits,other,25920,1781798608
??,emergent_quantum_geometries/aq_jwst_dlinoss_lrd_spectro_linephase_1/data/external/x1d/goods_s_00207421_x1d.fits,other,25920,1781798608
??,emergent_quantum_geometries/aq_jwst_dlinoss_lrd_spectro_linephase_1/data/external/x1d/goods_s_00207709_x1d.fits,other,25920,1781798608
??,emergent_quantum_geometries/aq_jwst_dlinoss_lrd_spectro_linephase_1/data/external/x1d/goods_s_00208134_x1d.fits,other,25920,1781798608
??,emergent_quantum_geometries/aq_jwst_dlinoss_lrd_spectro_linephase_1/data/external/x1d/goods_s_00208267_x1d.fits,other,25920,1781798608
??,emergent_quantum_geometries/aq_jwst_dlinoss_lrd_spectro_linephase_1/data/external/x1d/goods_s_00208300_x1d.fits,other,25920,1781798608
??,emergent_quantum_geometries/aq_jwst_dlinoss_lrd_spectro_linephase_1/data/external/x1d/goods_s_00208643_x1d.fits,other,25920,1781798608
??,emergent_quantum_geometries/aq_jwst_dlinoss_lrd_spectro_linephase_1/data/external/x1d/goods_s_00208909_x1d.fits,other,25920,1781798608
??,emergent_quantum_geometries/aq_jwst_dlinoss_lrd_spectro_linephase_1/data/external/x1d/goods_s_00208918_x1d.fits,other,25920,1781798608
??,emergent_quantum_geometries/aq_jwst_dlinoss_lrd_spectro_linephase_1/data/external/x1d/goods_s_00208966_x1d.fits,other,25920,1781798609
??,emergent_quantum_geometries/aq_jwst_dlinoss_lrd_spectro_linephase_1/data/external/x1d/goods_s_00209030_x1d.fits,other,25920,1781798609
??,emergent_quantum_geometries/aq_jwst_dlinoss_lrd_spectro_linephase_1/data/external/x1d/goods_s_00209051_x1d.fits,other,25920,1781798609
??,emergent_quantum_geometries/aq_jwst_dlinoss_lrd_spectro_linephase_1/data/external/x1d/goods_s_00209108_x1d.fits,other,25920,1781798609
??,emergent_quantum_geometries/aq_jwst_dlinoss_lrd_spectro_linephase_1/data/external/x1d/goods_s_00209277_x1d.fits,other,25920,1781798609
??,emergent_quantum_geometries/aq_jwst_dlinoss_lrd_spectro_linephase_1/data/external/x1d/goods_s_00209777_x1d.fits,other,25920,1781798609
??,emergent_quantum_geometries/aq_jwst_dlinoss_lrd_spectro_linephase_1/data/external/x1d/goods_s_00209979_x1d.fits,other,25920,1781798609
??,emergent_quantum_geometries/aq_jwst_dlinoss_lrd_spectro_linephase_1/data/external/x1d/goods_s_00210003_x1d.fits,other,25920,1781798609
??,emergent_quantum_geometries/aq_jwst_dlinoss_lrd_spectro_linephase_1/data/external/x1d/goods_s_00210195_x1d.fits,other,25920,1781798609
??,emergent_quantum_geometries/aq_jwst_dlinoss_lrd_spectro_linephase_1/data/external/x1d/goods_s_00210232_x1d.fits,other,25920,1781798609
??,emergent_quantum_geometries/aq_jwst_dlinoss_lrd_spectro_linephase_1/data/external/x1d/goods_s_00210262_x1d.fits,other,25920,1781798609
??,emergent_quantum_geometries/aq_jwst_dlinoss_lrd_spectro_linephase_1/data/external/x1d/goods_s_00210343_x1d.fits,other,25920,1781798609
??,emergent_quantum_geometries/aq_jwst_dlinoss_lrd_spectro_linephase_1/data/external/x1d/goods_s_00211014_x1d.fits,other,25920,1781798609
??,emergent_quantum_geometries/aq_jwst_dlinoss_lrd_spectro_linephase_1/data/external/x1d/goods_s_00211031_x1d.fits,other,25920,1781798609
??,emergent_quantum_geometries/aq_jwst_dlinoss_lrd_spectro_linephase_1/data/external/x1d/goods_s_00211233_x1d.fits,other,25920,1781798609
??,emergent_quantum_geometries/aq_jwst_dlinoss_lrd_spectro_linephase_1/data/external/x1d/goods_s_00211579_x1d.fits,other,25920,1781798609
??,emergent_quantum_geometries/aq_jwst_dlinoss_lrd_spectro_linephase_1/data/external/x1d/goods_s_00212506_x1d.fits,other,25920,1781798609
??,emergent_quantum_geometries/aq_jwst_dlinoss_lrd_spectro_linephase_1/data/external/x1d/goods_s_00227162_x1d.fits,other,25920,1781798609
??,emergent_quantum_geometries/aq_jwst_dlinoss_lrd_spectro_linephase_1/data/external/x1d/goods_s_00227211_x1d.fits,other,25920,1781798609
??,emergent_quantum_geometries/aq_jwst_dlinoss_lrd_spectro_linephase_1/data/external/x1d/goods_s_00227330_x1d.fits,other,25920,1781798609
??,emergent_quantum_geometries/aq_jwst_dlinoss_lrd_spectro_linephase_1/data/external/x1d/goods_s_00254854_x1d.fits,other,25920,1781798609
??,emergent_quantum_geometries/aq_jwst_dlinoss_lrd_spectro_linephase_1/data/external/x1d/goods_s_00265801_x1d.fits,other,25920,1781798609
??,emergent_quantum_geometries/aq_jwst_dlinoss_lrd_spectro_linephase_1/data/external/x1d/goods_s_00280664_x1d.fits,other,25920,1781798609
??,emergent_quantum_geometries/aq_jwst_dlinoss_lrd_spectro_linephase_1/data/external/x1d/goods_s_00285393_x1d.fits,other,25920,1781798609
??,emergent_quantum_geometries/aq_jwst_dlinoss_lrd_spectro_linephase_1/data/external/x1d/goods_s_00285456_x1d.fits,other,25920,1781798609
??,emergent_quantum_geometries/aq_jwst_dlinoss_lrd_spectro_linephase_1/data/external/x1d/goods_s_00287473_x1d.fits,other,25920,1781798609
??,emergent_quantum_geometries/aq_jwst_dlinoss_lrd_spectro_linephase_1/data/external/x1d/goods_s_00289178_x1d.fits,other,25920,1781798609
??,emergent_quantum_geometries/aq_jwst_dlinoss_lrd_spectro_linephase_1/data/external/x1d/goods_s_10000480_x1d.fits,other,25920,1781798609
??,emergent_quantum_geometries/aq_jwst_dlinoss_lrd_spectro_linephase_1/data/external/x1d/goods_s_10000811_x1d.fits,other,25920,1781798610
??,emergent_quantum_geometries/aq_jwst_dlinoss_lrd_spectro_linephase_1/data/external/x1d/goods_s_10000929_x1d.fits,other,25920,1781798610
??,emergent_quantum_geometries/aq_jwst_dlinoss_lrd_spectro_linephase_1/data/external/x1d/goods_s_10001102_x1d.fits,other,25920,1781798610
??,emergent_quantum_geometries/aq_jwst_dlinoss_lrd_spectro_linephase_1/data/external/x1d/goods_s_10002600_x1d.fits,other,25920,1781798610
??,emergent_quantum_geometries/aq_jwst_dlinoss_lrd_spectro_linephase_1/data/external/x1d/goods_s_10002635_x1d.fits,other,25920,1781798610
??,emergent_quantum_geometries/aq_jwst_dlinoss_lrd_spectro_linephase_1/data/external/x1d/goods_s_10003044_x1d.fits,other,25920,1781798610
??,emergent_quantum_geometries/aq_jwst_dlinoss_lrd_spectro_linephase_1/data/external/x1d/goods_s_10004736_x1d.fits,other,25920,1781798610
??,emergent_quantum_geometries/aq_jwst_dlinoss_lrd_spectro_linephase_1/data/external/x1d/goods_s_10004748_x1d.fits,other,25920,1781798610
??,emergent_quantum_geometries/aq_jwst_dlinoss_lrd_spectro_linephase_1/data/external/x1d/goods_s_10004765_x1d.fits,other,25920,1781798610
??,emergent_quantum_geometries/aq_jwst_dlinoss_lrd_spectro_linephase_1/data/external/x1d/goods_s_10004862_x1d.fits,other,25920,1781798610
??,emergent_quantum_geometries/aq_jwst_dlinoss_lrd_spectro_linephase_1/data/external/x1d/goods_s_10005059_x1d.fits,other,25920,1781798610
??,emergent_quantum_geometries/aq_jwst_dlinoss_lrd_spectro_linephase_1/data/external/x1d/goods_s_10005609_x1d.fits,other,25920,1781798610
??,emergent_quantum_geometries/aq_jwst_dlinoss_lrd_spectro_linephase_1/data/external/x1d/goods_s_10005766_x1d.fits,other,25920,1781798610
??,emergent_quantum_geometries/aq_jwst_dlinoss_lrd_spectro_linephase_1/data/external/x1d/goods_s_10005874_x1d.fits,other,25920,1781798610
??,emergent_quantum_geometries/aq_jwst_dlinoss_lrd_spectro_linephase_1/data/external/x1d/goods_s_10006044_x1d.fits,other,25920,1781798610
??,emergent_quantum_geometries/aq_jwst_dlinoss_lrd_spectro_linephase_1/data/external/x1d/goods_s_10006535_x1d.fits,other,25920,1781798610
??,emergent_quantum_geometries/aq_jwst_dlinoss_lrd_spectro_linephase_1/data/external/x1d/goods_s_10006739_x1d.fits,other,25920,1781798610
??,emergent_quantum_geometries/aq_jwst_dlinoss_lrd_spectro_linephase_1/data/external/x1d/goods_s_10006993_x1d.fits,other,25920,1781798610
??,emergent_quantum_geometries/aq_jwst_dlinoss_lrd_spectro_linephase_1/data/external/x1d/goods_s_10007235_x1d.fits,other,25920,1781798610
??,emergent_quantum_geometries/aq_jwst_dlinoss_lrd_spectro_linephase_1/data/external/x1d/goods_s_10007444_x1d.fits,other,25920,1781798611
??,emergent_quantum_geometries/aq_jwst_dlinoss_lrd_spectro_linephase_1/data/external/x1d/goods_s_10007486_x1d.fits,other,25920,1781798611
??,emergent_quantum_geometries/aq_jwst_dlinoss_lrd_spectro_linephase_1/data/external/x1d/goods_s_10008350_x1d.fits,other,25920,1781798611
??,emergent_quantum_geometries/aq_jwst_dlinoss_lrd_spectro_linephase_1/data/external/x1d/goods_s_10008989_x1d.fits,other,25920,1781798611
??,emergent_quantum_geometries/aq_jwst_dlinoss_lrd_spectro_linephase_1/data/external/x1d/goods_s_10009336_x1d.fits,other,25920,1781798611
??,emergent_quantum_geometries/aq_jwst_dlinoss_lrd_spectro_linephase_1/data/external/x1d/goods_s_10009349_x1d.fits,other,25920,1781798611
??,emergent_quantum_geometries/aq_jwst_dlinoss_lrd_spectro_linephase_1/data/external/x1d/goods_s_10009434_x1d.fits,other,25920,1781798611
??,emergent_quantum_geometries/aq_jwst_dlinoss_lrd_spectro_linephase_1/data/external/x1d/goods_s_10009453_x1d.fits,other,25920,1781798611
??,emergent_quantum_geometries/aq_jwst_dlinoss_lrd_spectro_linephase_1/data/external/x1d/goods_s_10009501_x1d.fits,other,25920,1781798611
??,emergent_quantum_geometries/aq_jwst_dlinoss_lrd_spectro_linephase_1/data/external/x1d/goods_s_10009593_x1d.fits,other,25920,1781798611
??,emergent_quantum_geometries/aq_jwst_dlinoss_lrd_spectro_linephase_1/data/external/x1d/goods_s_10009602_x1d.fits,other,25920,1781798611
??,emergent_quantum_geometries/aq_jwst_dlinoss_lrd_spectro_linephase_1/data/external/x1d/goods_s_10009642_x1d.fits,other,25920,1781798611
??,emergent_quantum_geometries/aq_jwst_dlinoss_lrd_spectro_linephase_1/data/external/x1d/goods_s_10009687_x1d.fits,other,25920,1781798611
??,emergent_quantum_geometries/aq_jwst_dlinoss_lrd_spectro_linephase_1/data/external/x1d/goods_s_10010604_x1d.fits,other,25920,1781798611
??,emergent_quantum_geometries/aq_jwst_dlinoss_lrd_spectro_linephase_1/data/external/x1d/goods_s_10010660_x1d.fits,other,25920,1781798611
??,emergent_quantum_geometries/aq_jwst_dlinoss_lrd_spectro_linephase_1/data/external/x1d/goods_s_10010937_x1d.fits,other,25920,1781798611
??,emergent_quantum_geometries/aq_jwst_dlinoss_lrd_spectro_linephase_1/data/external/x1d/goods_s_10010985_x1d.fits,other,25920,1781798611
??,emergent_quantum_geometries/aq_jwst_dlinoss_lrd_spectro_linephase_1/data/external/x1d/goods_s_10011015_x1d.fits,other,25920,1781798611
??,emergent_quantum_geometries/aq_jwst_dlinoss_lrd_spectro_linephase_1/data/external/x1d/goods_s_10011032_x1d.fits,other,25920,1781798611
??,emergent_quantum_geometries/aq_jwst_dlinoss_lrd_spectro_linephase_1/data/external/x1d/goods_s_10011037_x1d.fits,other,25920,1781798611
??,emergent_quantum_geometries/aq_jwst_dlinoss_lrd_spectro_linephase_1/data/external/x1d/goods_s_10011141_x1d.fits,other,25920,1781798611
??,emergent_quantum_geometries/aq_jwst_dlinoss_lrd_spectro_linephase_1/data/external/x1d/goods_s_10011355_x1d.fits,other,25920,1781798611
??,emergent_quantum_geometries/aq_jwst_dlinoss_lrd_spectro_linephase_1/data/external/x1d/goods_s_10011809_x1d.fits,other,25920,1781798612
??,emergent_quantum_geometries/aq_jwst_dlinoss_lrd_spectro_linephase_1/data/external/x1d/goods_s_10011877_x1d.fits,other,25920,1781798612
??,emergent_quantum_geometries/aq_jwst_dlinoss_lrd_spectro_linephase_1/data/external/x1d/goods_s_10011890_x1d.fits,other,25920,1781798612
??,emergent_quantum_geometries/aq_jwst_dlinoss_lrd_spectro_linephase_1/data/external/x1d/goods_s_10011990_x1d.fits,other,25920,1781798612
??,emergent_quantum_geometries/aq_jwst_dlinoss_lrd_spectro_linephase_1/data/external/x1d/goods_s_10011997_x1d.fits,other,25920,1781798612
??,emergent_quantum_geometries/aq_jwst_dlinoss_lrd_spectro_linephase_1/data/external/x1d/goods_s_10012070_x1d.fits,other,25920,1781798612
??,emergent_quantum_geometries/aq_jwst_dlinoss_lrd_spectro_linephase_1/data/external/x1d/goods_s_10012102_x1d.fits,other,25920,1781798612
??,emergent_quantum_geometries/aq_jwst_dlinoss_lrd_spectro_linephase_1/data/external/x1d/goods_s_10012107_x1d.fits,other,25920,1781798612
??,emergent_quantum_geometries/aq_jwst_dlinoss_lrd_spectro_linephase_1/data/external/x1d/goods_s_10012336_x1d.fits,other,25920,1781798612
??,emergent_quantum_geometries/aq_jwst_dlinoss_lrd_spectro_linephase_1/data/external/x1d/goods_s_10012996_x1d.fits,other,25920,1781798612
??,emergent_quantum_geometries/aq_jwst_dlinoss_lrd_spectro_linephase_1/data/external/x1d/goods_s_10013164_x1d.fits,other,25920,1781798612
??,emergent_quantum_geometries/aq_jwst_dlinoss_lrd_spectro_linephase_1/data/external/x1d/goods_s_10013169_x1d.fits,other,25920,1781798612
??,emergent_quantum_geometries/aq_jwst_dlinoss_lrd_spectro_linephase_1/data/external/x1d/goods_s_10013204_x1d.fits,other,25920,1781798612
??,emergent_quantum_geometries/aq_jwst_dlinoss_lrd_spectro_linephase_1/data/external/x1d/goods_s_10013268_x1d.fits,other,25920,1781798612
??,emergent_quantum_geometries/aq_jwst_dlinoss_lrd_spectro_linephase_1/data/external/x1d/goods_s_10013314_x1d.fits,other,25920,1781798612
??,emergent_quantum_geometries/aq_jwst_dlinoss_lrd_spectro_linephase_1/data/external/x1d/goods_s_10013316_x1d.fits,other,25920,1781798612
??,emergent_quantum_geometries/aq_jwst_dlinoss_lrd_spectro_linephase_1/data/external/x1d/goods_s_10013468_x1d.fits,other,25920,1781798612
??,emergent_quantum_geometries/aq_jwst_dlinoss_lrd_spectro_linephase_1/data/external/x1d/goods_s_10013482_x1d.fits,other,25920,1781798612
??,emergent_quantum_geometries/aq_jwst_dlinoss_lrd_spectro_linephase_1/data/external/x1d/goods_s_10013534_x1d.fits,other,25920,1781798613
??,emergent_quantum_geometries/aq_jwst_dlinoss_lrd_spectro_linephase_1/data/external/x1d/goods_s_10013560_x1d.fits,other,25920,1781798613
??,emergent_quantum_geometries/aq_jwst_dlinoss_lrd_spectro_linephase_1/data/external/x1d/goods_s_10015101_x1d.fits,other,25920,1781798613
??,emergent_quantum_geometries/aq_jwst_dlinoss_lrd_spectro_linephase_1/data/external/x1d/goods_s_10033232_x1d.fits,other,25920,1781798613
??,emergent_quantum_geometries/aq_jwst_dlinoss_lrd_spectro_linephase_1/data/external/x1d/goods_s_10034850_x1d.fits,other,25920,1781798613
??,emergent_quantum_geometries/aq_jwst_dlinoss_lrd_spectro_linephase_1/data/external/x1d/goods_s_10042096_x1d.fits,other,25920,1781798613
??,emergent_quantum_geometries/aq_jwst_dlinoss_lrd_spectro_linephase_1/data/external/x1d/goods_s_10057072_x1d.fits,other,25920,1781798613
??,emergent_quantum_geometries/aq_jwst_dlinoss_lrd_spectro_linephase_1/data/external/x1d/goods_s_10110205_x1d.fits,other,25920,1781798613
??,emergent_quantum_geometries/aq_jwst_dlinoss_lrd_spectro_linephase_1/data/external/x1d/goods_s_10110793_x1d.fits,other,25920,1781798613
??,emergent_quantum_geometries/aq_jwst_dlinoss_lrd_spectro_linephase_1/data/external/x1d/goods_s_20046019_x1d.fits,other,25920,1781798613
??,emergent_quantum_geometries/aq_jwst_dlinoss_lrd_spectro_linephase_1/data/external/x1d/goods_s_20046866_x1d.fits,other,25920,1781798613
??,emergent_quantum_geometries/aq_jwst_dlinoss_lrd_spectro_linephase_1/data/external/x1d/goods_s_20047266_x1d.fits,other,25920,1781798613
??,emergent_quantum_geometries/aq_jwst_dlinoss_lrd_spectro_linephase_1/data/external/x1d/goods_s_20049790_x1d.fits,other,25920,1781798614
??,emergent_quantum_geometries/aq_jwst_dlinoss_lrd_spectro_linephase_1/data/external/x1d/goods_s_20053246_x1d.fits,other,25920,1781798614
??,emergent_quantum_geometries/aq_jwst_dlinoss_lrd_spectro_linephase_1/data/external/x1d/goods_s_20079187_x1d.fits,other,25920,1781798614
??,emergent_quantum_geometries/aq_jwst_dlinoss_lrd_spectro_linephase_1/data/external/x1d/goods_s_20085619_x1d.fits,other,25920,1781798614
??,emergent_quantum_geometries/aq_jwst_dlinoss_lrd_spectro_linephase_1/data/external/x1d/goods_s_20086025_x1d.fits,other,25920,1781798614
??,emergent_quantum_geometries/aq_jwst_dlinoss_lrd_spectro_linephase_1/data/external/x1d/goods_s_20087739_x1d.fits,other,25920,1781798614
??,emergent_quantum_geometries/aq_jwst_dlinoss_lrd_spectro_linephase_1/data/external/x1d/goods_s_20100293_x1d.fits,other,25920,1781798614
??,emergent_quantum_geometries/aq_jwst_dlinoss_lrd_spectro_linephase_1/data/external/x1d/goods_s_20110306_x1d.fits,other,25920,1781798614
??,emergent_quantum_geometries/aq_jwst_dlinoss_lrd_spectro_linephase_1/data/external/x1d/goods_s_20111790_x1d.fits,other,25920,1781798614
??,emergent_quantum_geometries/aq_jwst_dlinoss_lrd_spectro_linephase_1/data/external/x1d/goods_s_20198852_x1d.fits,other,25920,1781798614
??,emergent_quantum_geometries/aq_jwst_dlinoss_lrd_spectro_linephase_1/data/external/x1d/goods_s_20211388_x1d.fits,other,25920,1781798614
??,emergent_quantum_geometries/aq_jwst_dlinoss_lrd_spectro_linephase_1/data/external/x1d/goods_s_20213084_x1d.fits,other,25920,1781798614
??,emergent_quantum_geometries/aq_jwst_dlinoss_lrd_spectro_linephase_1/data/external/x1d/goods_s_30056758_x1d.fits,other,25920,1781798614
??,emergent_quantum_geometries/aq_jwst_dlinoss_lrd_spectro_linephase_1/data/external/x1d/goods_s_30074749_x1d.fits,other,25920,1781798614
??,emergent_quantum_geometries/aq_jwst_dlinoss_lrd_spectro_linephase_1/data/external/x1d/goods_s_30080593_x1d.fits,other,25920,1781798614
??,emergent_quantum_geometries/aq_jwst_dlinoss_lrd_spectro_linephase_1/data/external/x1d/goods_s_30080873_x1d.fits,other,25920,1781798614
??,emergent_quantum_geometries/aq_jwst_dlinoss_lrd_spectro_linephase_1/data/external/x1d/goods_s_30083556_x1d.fits,other,25920,1781798614
??,emergent_quantum_geometries/aq_jwst_dlinoss_lrd_spectro_linephase_1/data/external/x1d/goods_s_30099449_x1d.fits,other,25920,1781798614
??,emergent_quantum_geometries/aq_jwst_dlinoss_lrd_spectro_linephase_1/data/external/x1d/goods_s_30139499_x1d.fits,other,25920,1781798614
??,emergent_quantum_geometries/aq_jwst_dlinoss_lrd_spectro_linephase_1/data/external/x1d/goods_s_30141478_x1d.fits,other,25920,1781798614
??,emergent_quantum_geometries/aq_jwst_dlinoss_lrd_spectro_linephase_1/data/external/x1d/goods_s_30141745_x1d.fits,other,25920,1781798614
??,emergent_quantum_geometries/aq_jwst_dlinoss_lrd_spectro_linephase_1/data/external/x1d/goods_s_30141885_x1d.fits,other,25920,1781798614
??,emergent_quantum_geometries/aq_jwst_dlinoss_lrd_spectro_linephase_1/data/external/x1d/goods_s_30142600_x1d.fits,other,25920,1781798614
??,emergent_quantum_geometries/aq_jwst_dlinoss_lrd_spectro_linephase_1/data/external/x1d/goods_s_30143240_x1d.fits,other,25920,1781798614
??,emergent_quantum_geometries/aq_jwst_dlinoss_lrd_spectro_linephase_1/data/external/x1d/goods_s_30147912_x1d.fits,other,25920,1781798614
??,emergent_quantum_geometries/aq_jwst_dlinoss_lrd_spectro_linephase_1/data/external/x1d/goods_s_40000170_x1d.fits,other,25920,1781798614
??,emergent_quantum_geometries/aq_jwst_dlinoss_lrd_spectro_linephase_1/data/external/x1d/goods_s_40000190_x1d.fits,other,25920,1781798614
??,emergent_quantum_geometries/aq_jwst_dlinoss_lrd_spectro_linephase_1/data/external/x1d/goods_s_50039680_x1d.fits,other,25920,1781798614
??,emergent_quantum_geometries/aq_jwst_dlinoss_lrd_spectro_linephase_1/data/fetch_jades_x1d.py,code_or_launcher,2028,1781798122
??,emergent_quantum_geometries/aq_jwst_dlinoss_lrd_spectro_linephase_1/eval_line_ratio_baseline.py,code_or_launcher,1801,1781798736
??,emergent_quantum_geometries/aq_jwst_dlinoss_lrd_spectro_linephase_1/results/baseline_field.json,result_or_data,156,1781798746
??,emergent_quantum_geometries/aq_jwst_dlinoss_lrd_spectro_linephase_1/results/baseline_high_snr.json,result_or_data,157,1781798745
??,emergent_quantum_geometries/aq_jwst_dlinoss_lrd_spectro_linephase_1/results/baseline_main.json,result_or_data,158,1781798743
??,emergent_quantum_geometries/aq_jwst_dlinoss_lrd_spectro_linephase_1/results/line_ratio_baseline.json,result_or_data,87,1781798665
??,emergent_quantum_geometries/aq_jwst_dlinoss_lrd_spectro_linephase_1/results/smoke_continuum.json,result_or_data,693,1781798662
??,emergent_quantum_geometries/aq_jwst_dlinoss_lrd_spectro_linephase_1/results/smoke_continuum2.json,result_or_data,733,1781798707
??,emergent_quantum_geometries/aq_jwst_dlinoss_lrd_spectro_linephase_1/results/smoke_line.json,result_or_data,748,1781798659
??,emergent_quantum_geometries/aq_jwst_dlinoss_lrd_spectro_linephase_1/results/x1d_download_failures.txt,result_or_data,7936,1781798614
??,emergent_quantum_geometries/aq_jwst_dlinoss_lrd_spectro_linephase_1/scripts/launch_on_ready_tpu.ps1,code_or_launcher,1620,1781798782
??,emergent_quantum_geometries/aq_jwst_dlinoss_lrd_spectro_linephase_1/scripts/run_tpu_linephase_1.sh,code_or_launcher,3440,1781798781
??,emergent_quantum_geometries/aq_jwst_dlinoss_lrd_spectro_linephase_1/train_linephase.py,code_or_launcher,6728,1781798648
??,emergent_quantum_geometries/aq_jwst_dlinoss_lrd_timeresidual_0/results/timeresidual_0_local.json,result_or_data,7642,1781813150
??,emergent_quantum_geometries/aq_jwst_dlinoss_lrd_timeresidual_0/scripts/run_tpu_timeresidual_0.sh,code_or_launcher,272,1781813163
??,emergent_quantum_geometries/aq_jwst_dlinoss_lrd_timeresidual_0/train_timeresidual.py,code_or_launcher,10173,1781813139
??,emergent_quantum_geometries/aq_lrd_glimpse17775_mps_linearssm_radiative_history_0/README.md,documentation,3749,1782023447
??,emergent_quantum_geometries/aq_lrd_glimpse17775_mps_linearssm_radiative_history_0/controls/build_control_library.py,code_or_launcher,4947,1781997058
??,emergent_quantum_geometries/aq_lrd_glimpse17775_mps_linearssm_radiative_history_0/controls/raw/.gitignore,other,14,1781997057
??,emergent_quantum_geometries/aq_lrd_glimpse17775_mps_linearssm_radiative_history_0/data/build_glimpse17775_abi.py,code_or_launcher,12879,1781996214
??,emergent_quantum_geometries/aq_lrd_glimpse17775_mps_linearssm_radiative_history_0/eval/run_model_smoke.py,code_or_launcher,13078,1781996929
??,emergent_quantum_geometries/aq_lrd_glimpse17775_mps_linearssm_radiative_history_0/models/mps_linear_ssm.py,code_or_launcher,4559,1781996810
??,emergent_quantum_geometries/aq_lrd_glimpse17775_mps_linearssm_radiative_history_0/results/glimpse17775_control_library_0.json,result_or_data,4150,1781997065
??,emergent_quantum_geometries/aq_lrd_glimpse17775_mps_linearssm_radiative_history_0/results/glimpse17775_data_abi_0.json,result_or_data,2704,1781996223
??,emergent_quantum_geometries/aq_lrd_glimpse17775_mps_linearssm_radiative_history_0/results/glimpse17775_model_smoke_0.json,result_or_data,2504,1781996943
??,emergent_quantum_geometries/aq_lrd_glimpse17775_mps_linearssm_radiative_history_0/tests/test_data_abi.py,code_or_launcher,966,1781996158
??,emergent_quantum_geometries/aq_trappist1e_dlinoss_stellar_state_residual_0/AQ_DLINOSS_EQUAL_SUPERVISION_CAPACITY_TEST_0.md,documentation,4091,1781977823
??,emergent_quantum_geometries/aq_trappist1e_dlinoss_stellar_state_residual_0/DLINOSS_KALMAN_HYBRID_OBSERVER_1.md,documentation,314,1781844019
??,emergent_quantum_geometries/aq_trappist1e_dlinoss_stellar_state_residual_0/DLINOSS_MASKED_ASSIMILATION_OBSERVER_2.md,documentation,375,1781845155
??,emergent_quantum_geometries/aq_trappist1e_dlinoss_stellar_state_residual_0/DLINOSS_PHYSICS_LOCKED_RESIDUAL_SMOKE_0.md,documentation,462,1781885496
??,emergent_quantum_geometries/aq_trappist1e_dlinoss_stellar_state_residual_0/DLINOSS_PHYSICS_LOCKED_SYNTHETIC_1.md,documentation,324,1781885619
??,emergent_quantum_geometries/aq_trappist1e_dlinoss_stellar_state_residual_0/DLINOSS_SSM_ARCHITECTURE_UNITTEST_0.md,documentation,534,1781843103
??,emergent_quantum_geometries/aq_trappist1e_dlinoss_stellar_state_residual_0/PAIR9256_DATA_COMPLETION_2.md,documentation,1604,1781828830
??,emergent_quantum_geometries/aq_trappist1e_dlinoss_stellar_state_residual_0/PAIR9256_EPHEMERIS_REPAIR_1.md,documentation,1274,1781827829
??,emergent_quantum_geometries/aq_trappist1e_dlinoss_stellar_state_residual_0/PAIR9256_LABEL_AUDIT_0.md,documentation,2317,1781826658
??,emergent_quantum_geometries/aq_trappist1e_dlinoss_stellar_state_residual_0/PAIR9256_SAFEPAIR_SMOKE_0.md,documentation,1163,1781828487
??,emergent_quantum_geometries/aq_trappist1e_dlinoss_stellar_state_residual_0/PROGRAM1331_INJECTION_ORACLE_AUDIT_0.md,documentation,1904,1781832481
??,emergent_quantum_geometries/aq_trappist1e_dlinoss_stellar_state_residual_0/PROGRAM1331_INJECTION_SENSITIVITY_0.md,documentation,2018,1781831850
??,emergent_quantum_geometries/aq_trappist1e_dlinoss_stellar_state_residual_0/PROGRAM1331_RESIDUAL_FIRST_ORACLE_1.md,documentation,1854,1781832750
??,emergent_quantum_geometries/aq_trappist1e_dlinoss_stellar_state_residual_0/PROGRAM1331_RESIDUAL_INJECTION_1.md,documentation,1964,1781833389
??,emergent_quantum_geometries/aq_trappist1e_dlinoss_stellar_state_residual_0/PROGRAM1331_SELF_SUPERVISED_INTRAVISIT_0.md,documentation,2490,1781830185
??,emergent_quantum_geometries/aq_trappist1e_dlinoss_stellar_state_residual_0/PROGRAM1331_VISITTRANSPORT_1.md,documentation,1718,1781830808
 M,emergent_quantum_geometries/aq_trappist1e_dlinoss_stellar_state_residual_0/README_TRAPPIST1E_DLINOSS.md,documentation,16895,1782025455
??,emergent_quantum_geometries/aq_trappist1e_dlinoss_stellar_state_residual_0/TRAPPIST1E_LINEARSSM_1331_RESIDUAL_SENSITIVITY_0.md,documentation,393,1781845888
??,emergent_quantum_geometries/aq_trappist1e_dlinoss_stellar_state_residual_0/WASP39B_DATA_ABI_0.md,documentation,919,1781835543
??,emergent_quantum_geometries/aq_trappist1e_dlinoss_stellar_state_residual_0/WASP39B_DLINOSS_RESIDUAL_POSITIVE_CONTROL_0.md,documentation,859,1781840529
??,emergent_quantum_geometries/aq_trappist1e_dlinoss_stellar_state_residual_0/WASP39B_EPHEMERIS_0.md,documentation,1059,1781840582
??,emergent_quantum_geometries/aq_trappist1e_dlinoss_stellar_state_residual_0/WASP39B_EPHEMERIS_STRICT_ORACLE_1.md,documentation,611,1781841733
??,emergent_quantum_geometries/aq_trappist1e_dlinoss_stellar_state_residual_0/WASP39B_LINEARSSM_RESIDUAL_POSITIVE_CONTROL_0.md,documentation,387,1781845578
??,emergent_quantum_geometries/aq_trappist1e_dlinoss_stellar_state_residual_0/WASP39B_RESIDUAL_ORACLE_0.md,documentation,1401,1781840589
??,emergent_quantum_geometries/aq_trappist1e_dlinoss_stellar_state_residual_0/configs/trappist1e_pair9256_data_completion_2.yaml,configuration,743,1781828752
??,emergent_quantum_geometries/aq_trappist1e_dlinoss_stellar_state_residual_0/configs/trappist1e_pair9256_ephemeris_repair_1.yaml,configuration,1051,1781827829
??,emergent_quantum_geometries/aq_trappist1e_dlinoss_stellar_state_residual_0/configs/trappist1e_pair9256_label_audit_0.yaml,configuration,905,1781825306
??,emergent_quantum_geometries/aq_trappist1e_dlinoss_stellar_state_residual_0/configs/trappist1e_pair9256_safepair_smoke_0.yaml,configuration,625,1781828160
??,emergent_quantum_geometries/aq_trappist1e_dlinoss_stellar_state_residual_0/configs/trappist1e_program1331_injection_sensitivity_0.yaml,configuration,815,1781831649
??,emergent_quantum_geometries/aq_trappist1e_dlinoss_stellar_state_residual_0/configs/trappist1e_program1331_oracle_audit_0.yaml,configuration,670,1781832443
??,emergent_quantum_geometries/aq_trappist1e_dlinoss_stellar_state_residual_0/configs/trappist1e_program1331_residual_first_oracle_1.yaml,configuration,593,1781832704
??,emergent_quantum_geometries/aq_trappist1e_dlinoss_stellar_state_residual_0/configs/trappist1e_program1331_residual_injection_1.yaml,configuration,751,1781833035
??,emergent_quantum_geometries/aq_trappist1e_dlinoss_stellar_state_residual_0/configs/trappist1e_program1331_self_supervised_intravisit_0.yaml,configuration,1102,1781829643
??,emergent_quantum_geometries/aq_trappist1e_dlinoss_stellar_state_residual_0/configs/trappist1e_program1331_visittransport_1.yaml,configuration,813,1781830686
??,emergent_quantum_geometries/aq_trappist1e_dlinoss_stellar_state_residual_0/configs/trappist1e_real_reference_injection_0.yaml,configuration,865,1781824400
??,emergent_quantum_geometries/aq_trappist1e_dlinoss_stellar_state_residual_0/configs/trappist1e_stellar_state_residual_0.yaml,configuration,839,1781820982
??,emergent_quantum_geometries/aq_trappist1e_dlinoss_stellar_state_residual_0/configs/wasp39b_data_abi_0.yaml,configuration,457,1781835230
??,emergent_quantum_geometries/aq_trappist1e_dlinoss_stellar_state_residual_0/configs/wasp39b_dlinoss_residual_positive_control_0.yaml,configuration,1029,1781840527
??,emergent_quantum_geometries/aq_trappist1e_dlinoss_stellar_state_residual_0/configs/wasp39b_ephemeris_0.yaml,configuration,599,1781840348
??,emergent_quantum_geometries/aq_trappist1e_dlinoss_stellar_state_residual_0/configs/wasp39b_residual_oracle_0.yaml,configuration,732,1781840351
??,emergent_quantum_geometries/aq_trappist1e_dlinoss_stellar_state_residual_0/data/__init__.py,code_or_launcher,48,1781821076
??,emergent_quantum_geometries/aq_trappist1e_dlinoss_stellar_state_residual_0/data/audit_pair9256_labels.py,code_or_launcher,13458,1781826658
??,emergent_quantum_geometries/aq_trappist1e_dlinoss_stellar_state_residual_0/data/build_be_pair_abi.py,code_or_launcher,6848,1781901307
??,emergent_quantum_geometries/aq_trappist1e_dlinoss_stellar_state_residual_0/data/build_dreams_source_ledger.py,code_or_launcher,6697,1781899811
??,emergent_quantum_geometries/aq_trappist1e_dlinoss_stellar_state_residual_0/data/build_dreams_timebase_1331.py,code_or_launcher,7256,1781899946
??,emergent_quantum_geometries/aq_trappist1e_dlinoss_stellar_state_residual_0/data/build_dreams_whitelight_1331.py,code_or_launcher,9356,1781900058
??,emergent_quantum_geometries/aq_trappist1e_dlinoss_stellar_state_residual_0/data/build_lewis_real_tensor.py,code_or_launcher,7517,1781824400
??,emergent_quantum_geometries/aq_trappist1e_dlinoss_stellar_state_residual_0/data/build_pair_program_manifest.py,code_or_launcher,6104,1781900953
??,emergent_quantum_geometries/aq_trappist1e_dlinoss_stellar_state_residual_0/data/build_pair_unlock_9256_6456.py,code_or_launcher,5348,1781901205
??,emergent_quantum_geometries/aq_trappist1e_dlinoss_stellar_state_residual_0/data/build_program1331_integration_tensor.py,code_or_launcher,10535,1781829751
??,emergent_quantum_geometries/aq_trappist1e_dlinoss_stellar_state_residual_0/data/build_trappist_tensor.py,code_or_launcher,6688,1781821176
??,emergent_quantum_geometries/aq_trappist1e_dlinoss_stellar_state_residual_0/data/build_wasp39b_abi.py,code_or_launcher,10467,1781835563
??,emergent_quantum_geometries/aq_trappist1e_dlinoss_stellar_state_residual_0/data/compact_pair9256_product.py,code_or_launcher,5687,1781825507
??,emergent_quantum_geometries/aq_trappist1e_dlinoss_stellar_state_residual_0/data/complete_pair9256_data.py,code_or_launcher,8081,1781828805
??,emergent_quantum_geometries/aq_trappist1e_dlinoss_stellar_state_residual_0/data/fetch_mast_trappist_async.py,code_or_launcher,5819,1781824255
??,emergent_quantum_geometries/aq_trappist1e_dlinoss_stellar_state_residual_0/data/fetch_trappist_zenodo.py,code_or_launcher,3164,1781821176
??,emergent_quantum_geometries/aq_trappist1e_dlinoss_stellar_state_residual_0/data/fit_wasp39b_ephemeris.py,code_or_launcher,7802,1781840347
??,emergent_quantum_geometries/aq_trappist1e_dlinoss_stellar_state_residual_0/data/generate_dlinoss_masked_assimilation.py,code_or_launcher,3571,1781845152
??,emergent_quantum_geometries/aq_trappist1e_dlinoss_stellar_state_residual_0/data/generate_dlinoss_ssm_unittest.py,code_or_launcher,4276,1781844016
??,emergent_quantum_geometries/aq_trappist1e_dlinoss_stellar_state_residual_0/data/generate_equal_supervision_capacity.py,code_or_launcher,8246,1781887692
??,emergent_quantum_geometries/aq_trappist1e_dlinoss_stellar_state_residual_0/data/io_utils.py,code_or_launcher,1399,1781821076
??,emergent_quantum_geometries/aq_trappist1e_dlinoss_stellar_state_residual_0/data/precompute_damper_bank.py,code_or_launcher,925,1781821177
??,emergent_quantum_geometries/aq_trappist1e_dlinoss_stellar_state_residual_0/data/repair_pair9256_ephemeris.py,code_or_launcher,19773,1781827812
??,emergent_quantum_geometries/aq_trappist1e_dlinoss_stellar_state_residual_0/data/trappist1/final_training_manifest_9256.json,result_or_data,1329,1781828812
??,emergent_quantum_geometries/aq_trappist1e_dlinoss_stellar_state_residual_0/data/trappist1/visit_manifest_9256.json,result_or_data,21893,1781827839
??,emergent_quantum_geometries/aq_trappist1e_dlinoss_stellar_state_residual_0/data/validate_program1331_tensor.py,code_or_launcher,3214,1781829520
??,emergent_quantum_geometries/aq_trappist1e_dlinoss_stellar_state_residual_0/eval/__init__.py,code_or_launcher,53,1781830666
??,emergent_quantum_geometries/aq_trappist1e_dlinoss_stellar_state_residual_0/eval/audit_physics_locked_residual_smoke.py,code_or_launcher,5202,1781885492
??,emergent_quantum_geometries/aq_trappist1e_dlinoss_stellar_state_residual_0/eval/be_proxy_correction.py,code_or_launcher,5157,1781901378
??,emergent_quantum_geometries/aq_trappist1e_dlinoss_stellar_state_residual_0/eval/dlinoss_v2_realdata_nonpromotion_audit.py,code_or_launcher,20724,1782025281
??,emergent_quantum_geometries/aq_trappist1e_dlinoss_stellar_state_residual_0/eval/dreams_finalize_branch.py,code_or_launcher,2943,1781932789
??,emergent_quantum_geometries/aq_trappist1e_dlinoss_stellar_state_residual_0/eval/dreams_gp_be_hybrid.py,code_or_launcher,14311,1781931723
??,emergent_quantum_geometries/aq_trappist1e_dlinoss_stellar_state_residual_0/eval/dreams_gp_reproduction.py,code_or_launcher,8005,1781901474
??,emergent_quantum_geometries/aq_trappist1e_dlinoss_stellar_state_residual_0/eval/dreams_pair_count_power_audit.py,code_or_launcher,7508,1781932788
??,emergent_quantum_geometries/aq_trappist1e_dlinoss_stellar_state_residual_0/eval/dreams_pair_count_power_tpu.py,code_or_launcher,14231,1781933058
??,emergent_quantum_geometries/aq_trappist1e_dlinoss_stellar_state_residual_0/eval/dreams_strong_prior_identifiability_tpu.py,code_or_launcher,13314,1781967560
??,emergent_quantum_geometries/aq_trappist1e_dlinoss_stellar_state_residual_0/eval/eval_visittransport_nulls.py,code_or_launcher,971,1781830667
??,emergent_quantum_geometries/aq_trappist1e_dlinoss_stellar_state_residual_0/eval/export_gp_be_alpha.py,code_or_launcher,2070,1782024089
??,emergent_quantum_geometries/aq_trappist1e_dlinoss_stellar_state_residual_0/eval/oracle_injection_audit_1331.py,code_or_launcher,7860,1781832441
??,emergent_quantum_geometries/aq_trappist1e_dlinoss_stellar_state_residual_0/eval/residual_first_oracle_1331.py,code_or_launcher,9666,1781833064
??,emergent_quantum_geometries/aq_trappist1e_dlinoss_stellar_state_residual_0/eval/wasp39b_residual_oracle.py,code_or_launcher,12968,1781840239
??,emergent_quantum_geometries/aq_trappist1e_dlinoss_stellar_state_residual_0/eval/wasp39b_strict_oracle.py,code_or_launcher,7980,1781841729
??,emergent_quantum_geometries/aq_trappist1e_dlinoss_stellar_state_residual_0/logs/equal_supervision_capacity_deploy.pid,other,7,1781888380
??,emergent_quantum_geometries/aq_trappist1e_dlinoss_stellar_state_residual_0/logs/equal_supervision_capacity_queue.pid,other,7,1781888031
??,emergent_quantum_geometries/aq_trappist1e_dlinoss_stellar_state_residual_0/logs/wasp39b_us_deploy.pid,other,7,1781841395
??,emergent_quantum_geometries/aq_trappist1e_dlinoss_stellar_state_residual_0/models/__init__.py,code_or_launcher,63,1781820982
??,emergent_quantum_geometries/aq_trappist1e_dlinoss_stellar_state_residual_0/models/equal_supervision_dlinoss.py,code_or_launcher,4421,1781887791
??,emergent_quantum_geometries/aq_trappist1e_dlinoss_stellar_state_residual_0/models/pair_transport_residual.py,code_or_launcher,1249,1781820982
??,emergent_quantum_geometries/aq_trappist1e_dlinoss_stellar_state_residual_0/models/physical_dampers.py,code_or_launcher,1244,1781820982
??,emergent_quantum_geometries/aq_trappist1e_dlinoss_stellar_state_residual_0/models/physics_locked_residual_dlinoss.py,code_or_launcher,4489,1781885616
??,emergent_quantum_geometries/aq_trappist1e_dlinoss_stellar_state_residual_0/models/stellar_state_scan.py,code_or_launcher,4503,1781822603
??,emergent_quantum_geometries/aq_trappist1e_dlinoss_stellar_state_residual_0/models/visit_transport_dlinoss.py,code_or_launcher,4108,1781830708
??,emergent_quantum_geometries/aq_trappist1e_dlinoss_stellar_state_residual_0/physics/__init__.py,code_or_launcher,57,1781829543
??,emergent_quantum_geometries/aq_trappist1e_dlinoss_stellar_state_residual_0/physics/damping_bank.py,code_or_launcher,3091,1781829544
??,emergent_quantum_geometries/aq_trappist1e_dlinoss_stellar_state_residual_0/physics/temporal_eigenfrequencies.py,code_or_launcher,1155,1781885488
??,emergent_quantum_geometries/aq_trappist1e_dlinoss_stellar_state_residual_0/results/.jax_cache/injection_sensitivity_0/jit__diag-0a18b233314c1f7c5d1493e96f0febd83f54ecd2a742270ab4f5356f61099039-cache,result_or_data,1680,1781831668
??,emergent_quantum_geometries/aq_trappist1e_dlinoss_stellar_state_residual_0/results/.jax_cache/injection_sensitivity_0/jit__diag-f1013fb0ed24fe666a66d02ab7e4763b6ca3c9c9555078067ba312be4943f507-cache,result_or_data,1851,1781831668
??,emergent_quantum_geometries/aq_trappist1e_dlinoss_stellar_state_residual_0/results/.jax_cache/injection_sensitivity_0/jit__normal-381c16df71a242a7cd4e6d662d02f45dec4266cd93c8f69dfc4871bdafc8c644-cache,result_or_data,18428,1781831667
??,emergent_quantum_geometries/aq_trappist1e_dlinoss_stellar_state_residual_0/results/.jax_cache/injection_sensitivity_0/jit__normal-3bf1a0c4df157ba3450ff7496c608e351ca6ad19e9bc027081f755306359e2ab-cache,result_or_data,45935,1781831667
??,emergent_quantum_geometries/aq_trappist1e_dlinoss_stellar_state_residual_0/results/.jax_cache/injection_sensitivity_0/jit__normal-5915ad2f49d21a968c61767f6db0f4b85a599be83e1a65d1f6afdb9248ffc045-cache,result_or_data,34831,1781831668
??,emergent_quantum_geometries/aq_trappist1e_dlinoss_stellar_state_residual_0/results/.jax_cache/injection_sensitivity_0/jit__normal-781d34b4facc132e2fe020ca730602a73890c5e8252c66db41b66d5c4b793920-cache,result_or_data,17289,1781831668
??,emergent_quantum_geometries/aq_trappist1e_dlinoss_stellar_state_residual_0/results/.jax_cache/injection_sensitivity_0/jit__threefry_seed-490e70a8cc2c3cf87ed55bc56f2138ad9a031850915d1d54a12c0e88fa5fe519-cache,result_or_data,1582,1781831666
??,emergent_quantum_geometries/aq_trappist1e_dlinoss_stellar_state_residual_0/results/.jax_cache/injection_sensitivity_0/jit__threefry_split-23d304f0cdbc5d6014cabdfe19c2884fa890351c14f18a938c0fceefd73f3b17-cache,result_or_data,8748,1781831666
??,emergent_quantum_geometries/aq_trappist1e_dlinoss_stellar_state_residual_0/results/.jax_cache/injection_sensitivity_0/jit_broadcast_in_dim-d6acd417935aa99a4e9c7e592ccd01207aea0661b8fa68f4fb71390fe87dde5d-cache,result_or_data,1592,1781831668
??,emergent_quantum_geometries/aq_trappist1e_dlinoss_stellar_state_residual_0/results/.jax_cache/injection_sensitivity_0/jit_broadcast_in_dim-fe43149c1817cf2bba716e010c04abf2593ac9dedc91b095171765328ccf446f-cache,result_or_data,1415,1781831667
??,emergent_quantum_geometries/aq_trappist1e_dlinoss_stellar_state_residual_0/results/.jax_cache/injection_sensitivity_0/jit_convert_element_type-83ca3f1ccbf41c9bc79efc00d08843ae4fccb8139eb5933ebb6dfab973b00e7d-cache,result_or_data,844,1781831667
??,emergent_quantum_geometries/aq_trappist1e_dlinoss_stellar_state_residual_0/results/.jax_cache/injection_sensitivity_0/jit_convert_element_type-ed8b99509f86b2b13e27b7b7318be105bc8f042edeee3ce6fb5a1048b3cfc0cc-cache,result_or_data,835,1781831666
??,emergent_quantum_geometries/aq_trappist1e_dlinoss_stellar_state_residual_0/results/.jax_cache/injection_sensitivity_0/jit_dynamic_slice-11e4f933d52466cf3cb0c65427f085cac0020f6788067d4661b605fb3b3dadcf-cache,result_or_data,1572,1781831666
??,emergent_quantum_geometries/aq_trappist1e_dlinoss_stellar_state_residual_0/results/.jax_cache/injection_sensitivity_0/jit_dynamic_slice-4a7c11899310c46f3fea6ac723aec74a6d0ebe1408f278256109f521f3612409-cache,result_or_data,2103,1781831668
??,emergent_quantum_geometries/aq_trappist1e_dlinoss_stellar_state_residual_0/results/.jax_cache/injection_sensitivity_0/jit_dynamic_slice-f651e0e7b2123f6a81362b72200e71a0deb24d8e8df92b2e1520cf2da49e4213-cache,result_or_data,1849,1781831668
??,emergent_quantum_geometries/aq_trappist1e_dlinoss_stellar_state_residual_0/results/.jax_cache/injection_sensitivity_0/jit_iota-a54f595294830f9f3d6e62b104a276a535695af9748a302c4a681c9483808cf0-cache,result_or_data,1340,1781831668
??,emergent_quantum_geometries/aq_trappist1e_dlinoss_stellar_state_residual_0/results/.jax_cache/injection_sensitivity_0/jit_multiply-31ee2b7d9d85a06e5dda881006e478f33063e4154616361f6f4477bacbb9f3ca-cache,result_or_data,1604,1781831668
??,emergent_quantum_geometries/aq_trappist1e_dlinoss_stellar_state_residual_0/results/.jax_cache/injection_sensitivity_0/jit_multiply-f7599c5ac567ed9ac1253aa105bbb19bbf7e636872da8bdc68920ac06af1fc8f-cache,result_or_data,1647,1781831667
??,emergent_quantum_geometries/aq_trappist1e_dlinoss_stellar_state_residual_0/results/.jax_cache/injection_sensitivity_0/jit_sqrt-9156868996f12e0e0db64067579860d702ec5692882b48016781f5c8e3ce43d6-cache,result_or_data,1466,1781831667
??,emergent_quantum_geometries/aq_trappist1e_dlinoss_stellar_state_residual_0/results/.jax_cache/injection_sensitivity_0/jit_squeeze-3712a510c13c2316842906fc5a178db7e80366042ffd5869070ed6fff810d7d3-cache,result_or_data,1052,1781831668
??,emergent_quantum_geometries/aq_trappist1e_dlinoss_stellar_state_residual_0/results/.jax_cache/injection_sensitivity_0/jit_squeeze-c52cd92254a59c50ffd0b9a3ff6b9a0011f8ab010e0717653877527308b433be-cache,result_or_data,1081,1781831666
??,emergent_quantum_geometries/aq_trappist1e_dlinoss_stellar_state_residual_0/results/.jax_cache/injection_sensitivity_0/jit_squeeze-d2abd75f19a8f2ea6268a22c3e7545a5b69175496b8ef9d8b11b8371d45ddea7-cache,result_or_data,1032,1781831668
??,emergent_quantum_geometries/aq_trappist1e_dlinoss_stellar_state_residual_0/results/.jax_cache/injection_sensitivity_0/jit_subtract-a86e4ea1118f21a4fa24f42a9ba8a0666d93b5840a7a4efc5a4731f231ef4910-cache,result_or_data,1484,1781831668
??,emergent_quantum_geometries/aq_trappist1e_dlinoss_stellar_state_residual_0/results/.jax_cache/injection_sensitivity_0/jit_train_one-477ebe188d73c3ec9a912d1448904643eb483a0173c22c1a9c3d2d8e4c8ccd7b-cache,result_or_data,102858,1781831669
??,emergent_quantum_geometries/aq_trappist1e_dlinoss_stellar_state_residual_0/results/.jax_cache/injection_sensitivity_0/jit_true_divide-4de06f62cc4c36ff1dd447826b5027fda327836c73db1ea9c966df5efb1b5471-cache,result_or_data,1694,1781831667
??,emergent_quantum_geometries/aq_trappist1e_dlinoss_stellar_state_residual_0/results/.jax_cache/injection_sensitivity_0/jit_true_divide-e3d5fa72046e6b4e2a02500932005f29f0e6ac702c02427f819ab0cd6337f6ba-cache,result_or_data,1738,1781831668
??,emergent_quantum_geometries/aq_trappist1e_dlinoss_stellar_state_residual_0/results/.jax_cache/pair9256_safepair_smoke_0/jit__lambda_-fe08c7e3b71ecf475f1a05e90e8545fe90f6b4b06246c1c960f3fdeb2b7c47d5-cache,result_or_data,10792,1781828203
??,emergent_quantum_geometries/aq_trappist1e_dlinoss_stellar_state_residual_0/results/.jax_cache/residual_injection_1/jit__diag-373e3fe4e997784da77a89673321e6aafaca711a6d474fceaa1fbf59a96fb2bf-cache,result_or_data,1824,1781833079
??,emergent_quantum_geometries/aq_trappist1e_dlinoss_stellar_state_residual_0/results/.jax_cache/residual_injection_1/jit__diag-da5e0e6ccdd7deb8ea7a152cc15a2d164a0c5c02ea82868839cab79d287f56f3-cache,result_or_data,1659,1781833079
??,emergent_quantum_geometries/aq_trappist1e_dlinoss_stellar_state_residual_0/results/.jax_cache/residual_injection_1/jit__normal-7439ce90ee792e7c6d64626d6242b1d8eaf69059ee313e68431b93704624216b-cache,result_or_data,17350,1781833079
??,emergent_quantum_geometries/aq_trappist1e_dlinoss_stellar_state_residual_0/results/.jax_cache/residual_injection_1/jit__normal-a1a9a16db0ff5c8e23a56bc32ba3062ef313dc3b50526ebe7eb0e74cfe3f7f0d-cache,result_or_data,18144,1781833078
??,emergent_quantum_geometries/aq_trappist1e_dlinoss_stellar_state_residual_0/results/.jax_cache/residual_injection_1/jit__normal-dacb38f4873cc95c8de13e29e679c97ed440c09a3902db214c7dceeb0cf91b1d-cache,result_or_data,34928,1781833079
??,emergent_quantum_geometries/aq_trappist1e_dlinoss_stellar_state_residual_0/results/.jax_cache/residual_injection_1/jit__normal-e331b304c3fb3c229572ee1723e4c04463c4840bf9482f84e07c06d4410f42c1-cache,result_or_data,45917,1781833078
??,emergent_quantum_geometries/aq_trappist1e_dlinoss_stellar_state_residual_0/results/.jax_cache/residual_injection_1/jit__threefry_seed-ad42060917a3d1ede8f629a6d75c3f05d2df7f4347097f7a7aa8d6562888225d-cache,result_or_data,1558,1781833077
??,emergent_quantum_geometries/aq_trappist1e_dlinoss_stellar_state_residual_0/results/.jax_cache/residual_injection_1/jit__threefry_split-ea98ee061fab3451fa863be303e7060c8e112f08ab040b204b7c1e00d2191eb4-cache,result_or_data,8769,1781833077
??,emergent_quantum_geometries/aq_trappist1e_dlinoss_stellar_state_residual_0/results/.jax_cache/residual_injection_1/jit_broadcast_in_dim-5c7f902ff43962205ce148ca0c31ebc7adef3d5b759c6bf6c31210699b224fa2-cache,result_or_data,1564,1781833079
??,emergent_quantum_geometries/aq_trappist1e_dlinoss_stellar_state_residual_0/results/.jax_cache/residual_injection_1/jit_broadcast_in_dim-7660d15fd09381cb7d8ae8b5c7ce3a725956bda7d2e6bd945bb6c76a3661ad05-cache,result_or_data,1391,1781833078
??,emergent_quantum_geometries/aq_trappist1e_dlinoss_stellar_state_residual_0/results/.jax_cache/residual_injection_1/jit_convert_element_type-94b92c7574cd26a5fe82fcd1a5cfd145d8d9fc9fd7f63c5cf10498b3c5264aa0-cache,result_or_data,838,1781833078
??,emergent_quantum_geometries/aq_trappist1e_dlinoss_stellar_state_residual_0/results/.jax_cache/residual_injection_1/jit_convert_element_type-a20b2f9924eecfe5e78acbfa17468f7f112d94dbf5d259162be10631bdd8ded0-cache,result_or_data,836,1781833077
??,emergent_quantum_geometries/aq_trappist1e_dlinoss_stellar_state_residual_0/results/.jax_cache/residual_injection_1/jit_dynamic_slice-7882a18b3088a99c8bc2faec93fd9faa0abd4655b9266eebf6c4d96fd0134e1b-cache,result_or_data,2084,1781833079
??,emergent_quantum_geometries/aq_trappist1e_dlinoss_stellar_state_residual_0/results/.jax_cache/residual_injection_1/jit_dynamic_slice-aad79b06ad4163719cdc9237b881eb81c3ebbb409ceb94191d3119aa5ad5059f-cache,result_or_data,1834,1781833079
??,emergent_quantum_geometries/aq_trappist1e_dlinoss_stellar_state_residual_0/results/.jax_cache/residual_injection_1/jit_dynamic_slice-d52db2ddc593ddbc83e23b1ffbdcac000a64b2364257f0e12e46f19bbd010db4-cache,result_or_data,1555,1781833077
??,emergent_quantum_geometries/aq_trappist1e_dlinoss_stellar_state_residual_0/results/.jax_cache/residual_injection_1/jit_iota-528c0e7ff6d333e5598fffccbbbbaeb18e3192c0ec421f85647e14a685b151ef-cache,result_or_data,1316,1781833079
??,emergent_quantum_geometries/aq_trappist1e_dlinoss_stellar_state_residual_0/results/.jax_cache/residual_injection_1/jit_multiply-7242cad72d14aad5284e9d5c1f8be3516ac582b491810c23242416476826a223-cache,result_or_data,1626,1781833078
??,emergent_quantum_geometries/aq_trappist1e_dlinoss_stellar_state_residual_0/results/.jax_cache/residual_injection_1/jit_multiply-c7f2169e940fb48a0d7c9d85c7e8d3a11f34cc219a3263c80522fe556f1d5b6e-cache,result_or_data,1581,1781833079
??,emergent_quantum_geometries/aq_trappist1e_dlinoss_stellar_state_residual_0/results/.jax_cache/residual_injection_1/jit_sqrt-e69b2075afd37debc0bfd3a77827b4e80b28585aa199eff56021526d533ac8b0-cache,result_or_data,1442,1781833078
??,emergent_quantum_geometries/aq_trappist1e_dlinoss_stellar_state_residual_0/results/.jax_cache/residual_injection_1/jit_squeeze-3c2dfb3e3501c4a042322b5d4a92b4be255310d12cbfad87c5b51d56f43d58b8-cache,result_or_data,1043,1781833079
??,emergent_quantum_geometries/aq_trappist1e_dlinoss_stellar_state_residual_0/results/.jax_cache/residual_injection_1/jit_squeeze-55acd7b6ce5812e5ad26fe2a2fd93a48c3f2b20cd93f2af81569d11cf2976dfb-cache,result_or_data,1059,1781833077
??,emergent_quantum_geometries/aq_trappist1e_dlinoss_stellar_state_residual_0/results/.jax_cache/residual_injection_1/jit_squeeze-64852a9e3c8c4d7483028bf7af8e7b5d4e587fd883fbb8acd0bced71f34dd21e-cache,result_or_data,1041,1781833079
??,emergent_quantum_geometries/aq_trappist1e_dlinoss_stellar_state_residual_0/results/.jax_cache/residual_injection_1/jit_subtract-b8cc841d50937162f0d0445291ea6909390701510d64a5c503815665b7eca75f-cache,result_or_data,1454,1781833079
??,emergent_quantum_geometries/aq_trappist1e_dlinoss_stellar_state_residual_0/results/.jax_cache/residual_injection_1/jit_train_one-f9d60777afbf587c7eefc213154ace1d8e3d1ca9b63f6f983fceb99f7250a6ba-cache,result_or_data,142375,1781833080
??,emergent_quantum_geometries/aq_trappist1e_dlinoss_stellar_state_residual_0/results/.jax_cache/residual_injection_1/jit_true_divide-ac973fc0e75d8e9d9925a30eb23f9733a2cda37b6acfe11939de1170355fb61b-cache,result_or_data,1709,1781833079
??,emergent_quantum_geometries/aq_trappist1e_dlinoss_stellar_state_residual_0/results/.jax_cache/residual_injection_1/jit_true_divide-add0ba43035875b5e9cec9d529e4cb60701890824e1f06f8ed6b78b04e6489b1-cache,result_or_data,1671,1781833078
??,emergent_quantum_geometries/aq_trappist1e_dlinoss_stellar_state_residual_0/results/.jax_cache/self_supervised_intravisit_0/jit__normal-634ed14fb8db504e988d3789f3a51075e430089b02d425cb079b21e07d3a374f-cache,result_or_data,13597,1781829788
??,emergent_quantum_geometries/aq_trappist1e_dlinoss_stellar_state_residual_0/results/.jax_cache/self_supervised_intravisit_0/jit__normal-6f3690c2c9bf50fe3d0f0ebac5d346889657f89e1f69778fa38c49e8f9af28a4-cache,result_or_data,16487,1781829788
??,emergent_quantum_geometries/aq_trappist1e_dlinoss_stellar_state_residual_0/results/.jax_cache/self_supervised_intravisit_0/jit__normal-9599375e236f00136e89b4774c50bd46d4014cebc1a16c07dff0acbd3beeaa4e-cache,result_or_data,16677,1781829787
??,emergent_quantum_geometries/aq_trappist1e_dlinoss_stellar_state_residual_0/results/.jax_cache/self_supervised_intravisit_0/jit__normal-ddd441eecff4cf2f5ef1d89146b85d7e1744ca91ed9f49ffb91ff32f48b44fea-cache,result_or_data,13452,1781829788
??,emergent_quantum_geometries/aq_trappist1e_dlinoss_stellar_state_residual_0/results/.jax_cache/self_supervised_intravisit_0/jit__threefry_seed-770081a09f98110b7338722eeff529c5ddf5f10a8455d46f3d2bf47c7a0b6562-cache,result_or_data,1517,1781829787
??,emergent_quantum_geometries/aq_trappist1e_dlinoss_stellar_state_residual_0/results/.jax_cache/self_supervised_intravisit_0/jit__threefry_split-869920694035045fb987210ca514caf61eb61802bd66e9db7011b1e524179afb-cache,result_or_data,8687,1781829787
??,emergent_quantum_geometries/aq_trappist1e_dlinoss_stellar_state_residual_0/results/.jax_cache/self_supervised_intravisit_0/jit_add-1e6c1e1529020bafdcd46a72166acacca42a54a3eef15cc34e7090c7d1c2108a-cache,result_or_data,1573,1781829787
??,emergent_quantum_geometries/aq_trappist1e_dlinoss_stellar_state_residual_0/results/.jax_cache/self_supervised_intravisit_0/jit_add-5db8602cf1cb8f55692bf228204ed975a6468ba662ee4a7af078c39dfc858647-cache,result_or_data,1513,1781829788
??,emergent_quantum_geometries/aq_trappist1e_dlinoss_stellar_state_residual_0/results/.jax_cache/self_supervised_intravisit_0/jit_broadcast_in_dim-326ea5ad9abe62f512da76e6690f9f7747d91d07df59a79b3d207bd7c3ea6798-cache,result_or_data,990,1781829788
??,emergent_quantum_geometries/aq_trappist1e_dlinoss_stellar_state_residual_0/results/.jax_cache/self_supervised_intravisit_0/jit_broadcast_in_dim-3ce520001c74c3b51b2312f370c0b5815ba37f27f56a1a96ea199e95ecacd5dd-cache,result_or_data,1512,1781829788
??,emergent_quantum_geometries/aq_trappist1e_dlinoss_stellar_state_residual_0/results/.jax_cache/self_supervised_intravisit_0/jit_broadcast_in_dim-66c8648e08e35e95c387efc4f76ddc20350ed462852c07519ed018970291173f-cache,result_or_data,1365,1781829788
??,emergent_quantum_geometries/aq_trappist1e_dlinoss_stellar_state_residual_0/results/.jax_cache/self_supervised_intravisit_0/jit_broadcast_in_dim-9c6e2f8c295b9d1147ef7e9e21eec9f5bd8ddb64e5c28477dae804ee75c0485b-cache,result_or_data,1360,1781829788
??,emergent_quantum_geometries/aq_trappist1e_dlinoss_stellar_state_residual_0/results/.jax_cache/self_supervised_intravisit_0/jit_convert_element_type-01f21a499348e1984d56dd6a693c17645574d52740b717d75fffc0941bce5720-cache,result_or_data,1442,1781829787
??,emergent_quantum_geometries/aq_trappist1e_dlinoss_stellar_state_residual_0/results/.jax_cache/self_supervised_intravisit_0/jit_convert_element_type-310475c24096e2e614578df994bf4802be31f0aed547868531f677dbb78b1e3a-cache,result_or_data,847,1781829787
??,emergent_quantum_geometries/aq_trappist1e_dlinoss_stellar_state_residual_0/results/.jax_cache/self_supervised_intravisit_0/jit_convert_element_type-c0276577943608c56b3d2ad918515ba0fad4817635af221baba41907ef835c68-cache,result_or_data,847,1781829787
??,emergent_quantum_geometries/aq_trappist1e_dlinoss_stellar_state_residual_0/results/.jax_cache/self_supervised_intravisit_0/jit_convert_element_type-f335b0068ddf5068bd5550e0f2fb5a724f1c5a9916f1b40a83752130819af96a-cache,result_or_data,849,1781829788
??,emergent_quantum_geometries/aq_trappist1e_dlinoss_stellar_state_residual_0/results/.jax_cache/self_supervised_intravisit_0/jit_dynamic_slice-1cff4d14f8d8c30dc0b631a4db711fa4d59696df2367fd330fb7203c1488d111-cache,result_or_data,2074,1781829788
??,emergent_quantum_geometries/aq_trappist1e_dlinoss_stellar_state_residual_0/results/.jax_cache/self_supervised_intravisit_0/jit_dynamic_slice-395c47013b4ea5ff9d5ac154a91e7296af58cfcfad6bf23c32cf007d2f07ee16-cache,result_or_data,2017,1781829788
??,emergent_quantum_geometries/aq_trappist1e_dlinoss_stellar_state_residual_0/results/.jax_cache/self_supervised_intravisit_0/jit_dynamic_slice-b131670082254925b918e88c7a883b711580f15bed0002d0d84a01da54f5307e-cache,result_or_data,1506,1781829787
??,emergent_quantum_geometries/aq_trappist1e_dlinoss_stellar_state_residual_0/results/.jax_cache/self_supervised_intravisit_0/jit_dynamic_slice-c3705872c7a6d2f7aa97cd13b5f11a943e008147a9c4742bea7f33f2358cac76-cache,result_or_data,1806,1781829788
??,emergent_quantum_geometries/aq_trappist1e_dlinoss_stellar_state_residual_0/results/.jax_cache/self_supervised_intravisit_0/jit_equal-5680c90ef01b9536ae2920e4a1b08595e43bd704eab37f49c050601e5a5218b0-cache,result_or_data,1515,1781829787
??,emergent_quantum_geometries/aq_trappist1e_dlinoss_stellar_state_residual_0/results/.jax_cache/self_supervised_intravisit_0/jit_iota-7a47242218eeef0152250176069ac1c0e4b88f8a0621a59ef46a00a1b490f1b0-cache,result_or_data,1282,1781829787
??,emergent_quantum_geometries/aq_trappist1e_dlinoss_stellar_state_residual_0/results/.jax_cache/self_supervised_intravisit_0/jit_iota-80b6a3896a49fc12682b6cc7abaccc04154bc4352d479e08e65c27d3d5af947b-cache,result_or_data,1413,1781829787
??,emergent_quantum_geometries/aq_trappist1e_dlinoss_stellar_state_residual_0/results/.jax_cache/self_supervised_intravisit_0/jit_iota-8964fe5443c37dd467c462424bd5ee2c84fc8bc3d0de062fc41f803bf7f8dcb3-cache,result_or_data,1280,1781829788
??,emergent_quantum_geometries/aq_trappist1e_dlinoss_stellar_state_residual_0/results/.jax_cache/self_supervised_intravisit_0/jit_multiply-39e9ec7d5444ec9cd68494259bdd903453690af6a3bd9f07fd668fff728faaa2-cache,result_or_data,1776,1781829788
??,emergent_quantum_geometries/aq_trappist1e_dlinoss_stellar_state_residual_0/results/.jax_cache/self_supervised_intravisit_0/jit_multiply-9e1ad650d4b0f33a053cfdca63abb5141787140e8e8f3861465ac7e2227003ac-cache,result_or_data,1588,1781829788
??,emergent_quantum_geometries/aq_trappist1e_dlinoss_stellar_state_residual_0/results/.jax_cache/self_supervised_intravisit_0/jit_multiply-db2475760648202242c59937e24ec5157aed8a954a69062430ee771d1d824cf8-cache,result_or_data,1557,1781829788
??,emergent_quantum_geometries/aq_trappist1e_dlinoss_stellar_state_residual_0/results/.jax_cache/self_supervised_intravisit_0/jit_sqrt-c4935ccea54b2d79a2de5793e17b75a6b3208fcf1e0e09e1e095dc111f2e2d25-cache,result_or_data,1402,1781829788
??,emergent_quantum_geometries/aq_trappist1e_dlinoss_stellar_state_residual_0/results/.jax_cache/self_supervised_intravisit_0/jit_squeeze-1f34c1252806db782e476c700eea8911262e465607b0dcfe1f17c29b8b0a1c20-cache,result_or_data,1736,1781829788
??,emergent_quantum_geometries/aq_trappist1e_dlinoss_stellar_state_residual_0/results/.jax_cache/self_supervised_intravisit_0/jit_squeeze-4d0ee1a9e79fe2d60c34dea523d6a329cca68e66d9bb540d83436b5a8fc5ed7a-cache,result_or_data,999,1781829788
??,emergent_quantum_geometries/aq_trappist1e_dlinoss_stellar_state_residual_0/results/.jax_cache/self_supervised_intravisit_0/jit_squeeze-7833b2764b36394dd4b43d56a89a6ea72bdcffef6b1305d2b9d291894386c94c-cache,result_or_data,990,1781829787
??,emergent_quantum_geometries/aq_trappist1e_dlinoss_stellar_state_residual_0/results/.jax_cache/self_supervised_intravisit_0/jit_squeeze-94880473f960bd73bdf1cf6d24f3e4aca0df80ddbf2d14d9a74610605898aa2d-cache,result_or_data,995,1781829788
??,emergent_quantum_geometries/aq_trappist1e_dlinoss_stellar_state_residual_0/results/.jax_cache/self_supervised_intravisit_0/jit_train_one-259be19bad9692baa9fea21b5551839c667b2ca912d87efb896ab145ffa62b76-cache,result_or_data,135851,1781829810
??,emergent_quantum_geometries/aq_trappist1e_dlinoss_stellar_state_residual_0/results/.jax_cache/self_supervised_intravisit_0/jit_true_divide-789810db8e8eb417f41fedb0c01beed4c8506f4b6f4ed11f35bde422431d7c35-cache,result_or_data,1834,1781829788
??,emergent_quantum_geometries/aq_trappist1e_dlinoss_stellar_state_residual_0/results/.jax_cache/self_supervised_intravisit_0/jit_true_divide-8bd0e96a7d3806652f4dac7553db84e175778e72c164d099241749a41c786103-cache,result_or_data,1573,1781829788
??,emergent_quantum_geometries/aq_trappist1e_dlinoss_stellar_state_residual_0/results/.jax_cache/visittransport_1/jit__diag-0ef51afbfebfdb2cfa6bbc34fbd261cbb1527cf4e936b0eeeaf6b6211281c682-cache,result_or_data,2493,1781830697
??,emergent_quantum_geometries/aq_trappist1e_dlinoss_stellar_state_residual_0/results/.jax_cache/visittransport_1/jit__diag-30fe6f6fc87f6bf378267b5b6a0bba9c8d5c9f29ecd727ca2bbcf9ebbc284477-cache,result_or_data,1641,1781830697
??,emergent_quantum_geometries/aq_trappist1e_dlinoss_stellar_state_residual_0/results/.jax_cache/visittransport_1/jit__normal-089039186127a71d4e0209d4b43672676ee83e7b7f39e213c7d1385bb159d153-cache,result_or_data,16199,1781830697
??,emergent_quantum_geometries/aq_trappist1e_dlinoss_stellar_state_residual_0/results/.jax_cache/visittransport_1/jit__normal-5ea027ad5fd4acfceeff55f15d5cc9e6170e406df4b657e0f3dd5bd2fd79259c-cache,result_or_data,17482,1781830697
??,emergent_quantum_geometries/aq_trappist1e_dlinoss_stellar_state_residual_0/results/.jax_cache/visittransport_1/jit__normal-6a5044b8f9c917d9d0b49f079d4a21c20311f3f1d5555d0f6df2ced9414c65e8-cache,result_or_data,18295,1781830697
??,emergent_quantum_geometries/aq_trappist1e_dlinoss_stellar_state_residual_0/results/.jax_cache/visittransport_1/jit__normal-7e91f24e7f9272c155a8fbfb7ddc603135c0e66a745cfa49a5c8729d7d6f5291-cache,result_or_data,16616,1781830697
??,emergent_quantum_geometries/aq_trappist1e_dlinoss_stellar_state_residual_0/results/.jax_cache/visittransport_1/jit__threefry_seed-847c80138dc0b54cc6d27f14abe135b0c2694ecb21530caa8ea7de01beb1d74b-cache,result_or_data,1503,1781830696
??,emergent_quantum_geometries/aq_trappist1e_dlinoss_stellar_state_residual_0/results/.jax_cache/visittransport_1/jit__threefry_split-4879824b077c5cbaa8d1794b6595f7ffd08f182a0966006c47fc2807a2e215ee-cache,result_or_data,8745,1781830696
??,emergent_quantum_geometries/aq_trappist1e_dlinoss_stellar_state_residual_0/results/.jax_cache/visittransport_1/jit_broadcast_in_dim-56a83a8fe88d3a27709628a58f0b8ddc7ac03b9548a2097b2f0b9b646bc77ae5-cache,result_or_data,1357,1781830697
??,emergent_quantum_geometries/aq_trappist1e_dlinoss_stellar_state_residual_0/results/.jax_cache/visittransport_1/jit_broadcast_in_dim-84e5f14a3840fb02cc2e76d00d12915b4f18eaa63f4ea6049f69944d31179f91-cache,result_or_data,1513,1781830697
??,emergent_quantum_geometries/aq_trappist1e_dlinoss_stellar_state_residual_0/results/.jax_cache/visittransport_1/jit_convert_element_type-6746d720d905b0dd3df7c3fd37a101f83f3c203213c03cca7b547f611857be01-cache,result_or_data,836,1781830697
??,emergent_quantum_geometries/aq_trappist1e_dlinoss_stellar_state_residual_0/results/.jax_cache/visittransport_1/jit_convert_element_type-bf4993a5f5efc138ce31256c9b58c966851cffa6ee47c8b9256a15a47a3c5078-cache,result_or_data,828,1781830696
??,emergent_quantum_geometries/aq_trappist1e_dlinoss_stellar_state_residual_0/results/.jax_cache/visittransport_1/jit_dynamic_slice-c938755dba5b550330d690cb34467f555ea69c6ea5560bc110f3f88e9f295a0e-cache,result_or_data,2048,1781830697
??,emergent_quantum_geometries/aq_trappist1e_dlinoss_stellar_state_residual_0/results/.jax_cache/visittransport_1/jit_dynamic_slice-d4c8b6f16ef9042cf844758c93c934d83954c868583bf18231468ccae4198517-cache,result_or_data,1498,1781830696
??,emergent_quantum_geometries/aq_trappist1e_dlinoss_stellar_state_residual_0/results/.jax_cache/visittransport_1/jit_dynamic_slice-dd76403fdcc3e8084be1ee1acf0615a5041283a2ed708b9ba9499ecd74454577-cache,result_or_data,1789,1781830697
??,emergent_quantum_geometries/aq_trappist1e_dlinoss_stellar_state_residual_0/results/.jax_cache/visittransport_1/jit_iota-bfaafdada14a7828d8bc0ce8fcd6341ac3bca00e3b71ace77759ee3e5c399f43-cache,result_or_data,1268,1781830697
??,emergent_quantum_geometries/aq_trappist1e_dlinoss_stellar_state_residual_0/results/.jax_cache/visittransport_1/jit_multiply-2696f2a40f7246e1d45bc58f2dd71c33fda6b943394eae87cf09a55a93fbc6ee-cache,result_or_data,1616,1781830697
??,emergent_quantum_geometries/aq_trappist1e_dlinoss_stellar_state_residual_0/results/.jax_cache/visittransport_1/jit_multiply-315f61a60afaebf02f7d0c0b47b8ef0defe8de2b5793b426d456a71a8114fdd3-cache,result_or_data,1748,1781830697
??,emergent_quantum_geometries/aq_trappist1e_dlinoss_stellar_state_residual_0/results/.jax_cache/visittransport_1/jit_sqrt-a32fa59b20939d0073e422e6de594ef5f25bef85766e93fe71a34ea719e94e63-cache,result_or_data,1390,1781830697
??,emergent_quantum_geometries/aq_trappist1e_dlinoss_stellar_state_residual_0/results/.jax_cache/visittransport_1/jit_squeeze-70a845a1c8558a93e4cc00946ada6f1a3ed739fce2261db10c891020f368c17f-cache,result_or_data,972,1781830697
??,emergent_quantum_geometries/aq_trappist1e_dlinoss_stellar_state_residual_0/results/.jax_cache/visittransport_1/jit_squeeze-e0d4e0a025e7bb42fafa7855064846afb290642be4071379ae4c669f5fd0d11a-cache,result_or_data,975,1781830697
??,emergent_quantum_geometries/aq_trappist1e_dlinoss_stellar_state_residual_0/results/.jax_cache/visittransport_1/jit_squeeze-f7679ffed15c107f3045304bab9b034033ba9695d252d306487a8e3139cf0b09-cache,result_or_data,985,1781830696
??,emergent_quantum_geometries/aq_trappist1e_dlinoss_stellar_state_residual_0/results/.jax_cache/visittransport_1/jit_subtract-3a93d63f767a31729c29864cde365d14b206b7e92c0adbded6874bde625c3d13-cache,result_or_data,1699,1781830697
??,emergent_quantum_geometries/aq_trappist1e_dlinoss_stellar_state_residual_0/results/.jax_cache/visittransport_1/jit_train_one-adb33e5f074392ec7ddff584f8d873c17a69699460a8c4df0db65640034a384b-cache,result_or_data,108388,1781830719
??,emergent_quantum_geometries/aq_trappist1e_dlinoss_stellar_state_residual_0/results/.jax_cache/visittransport_1/jit_true_divide-c64ef5c5da25b275a530bffb87c7d06072aed9a865e5b6de5e523c8f4a26dd37-cache,result_or_data,1657,1781830697
??,emergent_quantum_geometries/aq_trappist1e_dlinoss_stellar_state_residual_0/results/.jax_cache/visittransport_1/jit_true_divide-de57a4ad7c6c75bffb3b709d25325df0f5e79d47fd7eba023b6916d20d577cb6-cache,result_or_data,1865,1781830697
??,emergent_quantum_geometries/aq_trappist1e_dlinoss_stellar_state_residual_0/results/.jax_cache/wasp39b_positive_control_0/jit__diag-04f0d56eaab0d677f6316d3abde1e349b62bbbed5a3a89af45b577e8d18661e6-cache,result_or_data,2019,1781835780
??,emergent_quantum_geometries/aq_trappist1e_dlinoss_stellar_state_residual_0/results/.jax_cache/wasp39b_positive_control_0/jit__diag-7b2677c80b50ed0e25a5b570c8d3072278c762f7e809178e73d9fc4e943d4264-cache,result_or_data,1908,1781835780
??,emergent_quantum_geometries/aq_trappist1e_dlinoss_stellar_state_residual_0/results/.jax_cache/wasp39b_positive_control_0/jit__normal-166c7a437ec19ad0d14d665d5fbed428bd437268120f3e681cd3aa3a18fea37d-cache,result_or_data,23534,1781835780
??,emergent_quantum_geometries/aq_trappist1e_dlinoss_stellar_state_residual_0/results/.jax_cache/wasp39b_positive_control_0/jit__normal-2dce4a4360a9dfdc5762c863c2864f77775dc04409e8c39f2c3febd5759d4efa-cache,result_or_data,21722,1781835780
??,emergent_quantum_geometries/aq_trappist1e_dlinoss_stellar_state_residual_0/results/.jax_cache/wasp39b_positive_control_0/jit__normal-b393df5a29a173f25d6307942f3a1c4b4568026b6434b632d44219e980b34f61-cache,result_or_data,23978,1781835780
??,emergent_quantum_geometries/aq_trappist1e_dlinoss_stellar_state_residual_0/results/.jax_cache/wasp39b_positive_control_0/jit__normal-b5426728a84068a75dcc063dbf6441e51261c8a7ee63db909a9966bef63465e6-cache,result_or_data,18213,1781835781
??,emergent_quantum_geometries/aq_trappist1e_dlinoss_stellar_state_residual_0/results/.jax_cache/wasp39b_positive_control_0/jit__threefry_seed-6d89e2fa27250232d614ce664545dd23042bc95abe482e9fcdb01883de693a2e-cache,result_or_data,1563,1781835780
??,emergent_quantum_geometries/aq_trappist1e_dlinoss_stellar_state_residual_0/results/.jax_cache/wasp39b_positive_control_0/jit__threefry_split-da27f1aa4b7dcd0130e8d7c1631a8d81d76d10528f942eda52f77421116c68bf-cache,result_or_data,8733,1781835780
??,emergent_quantum_geometries/aq_trappist1e_dlinoss_stellar_state_residual_0/results/.jax_cache/wasp39b_positive_control_0/jit_broadcast_in_dim-48d8fd18aaca2e693d38dad9e4da77fcc664ae9c553cb2fd396986b291da9ec7-cache,result_or_data,1493,1781835780
??,emergent_quantum_geometries/aq_trappist1e_dlinoss_stellar_state_residual_0/results/.jax_cache/wasp39b_positive_control_0/jit_broadcast_in_dim-f786abbd86ffde1580c0473b311add83a651b6e0cc2ca6db187115022f3e71d2-cache,result_or_data,1433,1781835781
??,emergent_quantum_geometries/aq_trappist1e_dlinoss_stellar_state_residual_0/results/.jax_cache/wasp39b_positive_control_0/jit_convert_element_type-ef5e216bc3043da52a2ff98f02face4a2a72900fbc0822e61caea3241d2bf35b-cache,result_or_data,841,1781835779
??,emergent_quantum_geometries/aq_trappist1e_dlinoss_stellar_state_residual_0/results/.jax_cache/wasp39b_positive_control_0/jit_convert_element_type-fadbefaa5d5ccd90aef447a9d664199ca41bbd55f572201ff0899be0087b57f8-cache,result_or_data,837,1781835780
??,emergent_quantum_geometries/aq_trappist1e_dlinoss_stellar_state_residual_0/results/.jax_cache/wasp39b_positive_control_0/jit_dynamic_slice-21f276c50d8808e44b2b155e2ea2b8fabe4276efa7fd5b0c90218c10d7f0c2e2-cache,result_or_data,1555,1781835780
??,emergent_quantum_geometries/aq_trappist1e_dlinoss_stellar_state_residual_0/results/.jax_cache/wasp39b_positive_control_0/jit_dynamic_slice-4c459d0bad7f085bac76cb0e30779626d9e9608c806de7fc8c6343677dda1cb5-cache,result_or_data,1822,1781835781
??,emergent_quantum_geometries/aq_trappist1e_dlinoss_stellar_state_residual_0/results/.jax_cache/wasp39b_positive_control_0/jit_dynamic_slice-5e35741b6137178dc4fb38979cebc46635bf87c339ab2a179ae6dd4d4ef9f82f-cache,result_or_data,1773,1781835781
??,emergent_quantum_geometries/aq_trappist1e_dlinoss_stellar_state_residual_0/results/.jax_cache/wasp39b_positive_control_0/jit_dynamic_slice-f59611f0501b6251edb6e0b77f688034a537caa0ca26b34d16dc9b0df40d8541-cache,result_or_data,1859,1781835781
??,emergent_quantum_geometries/aq_trappist1e_dlinoss_stellar_state_residual_0/results/.jax_cache/wasp39b_positive_control_0/jit_iota-6c26c5d9f5beb9b3baf7f73c3cd5592f1cc9e3d2fb4fb000b740e69054caab1f-cache,result_or_data,1327,1781835781
??,emergent_quantum_geometries/aq_trappist1e_dlinoss_stellar_state_residual_0/results/.jax_cache/wasp39b_positive_control_0/jit_multiply-35803790a773104b05d30488c41f65d5c6606abffef04a39ad38a8b9f1a36e19-cache,result_or_data,1638,1781835780
??,emergent_quantum_geometries/aq_trappist1e_dlinoss_stellar_state_residual_0/results/.jax_cache/wasp39b_positive_control_0/jit_multiply-71d30da7edd0ecca697c30f5f8d329f112f86d4788510ca0ae6e4c7d3195af9d-cache,result_or_data,1642,1781835780
??,emergent_quantum_geometries/aq_trappist1e_dlinoss_stellar_state_residual_0/results/.jax_cache/wasp39b_positive_control_0/jit_sqrt-e802785d309dbfe09c1a544daf843edac7faeee13fbd7d6f30300e5b4e63c77c-cache,result_or_data,1450,1781835780
??,emergent_quantum_geometries/aq_trappist1e_dlinoss_stellar_state_residual_0/results/.jax_cache/wasp39b_positive_control_0/jit_squeeze-0d0609462d05f062aff3a9eebd76022ff229caf2cbdeffe91347457b186370dc-cache,result_or_data,1062,1781835780
??,emergent_quantum_geometries/aq_trappist1e_dlinoss_stellar_state_residual_0/results/.jax_cache/wasp39b_positive_control_0/jit_squeeze-6b0e57061a3f35778dc0be434615b7aedbac3586cf46f9014f5c327db37f8fcd-cache,result_or_data,1051,1781835781
??,emergent_quantum_geometries/aq_trappist1e_dlinoss_stellar_state_residual_0/results/.jax_cache/wasp39b_positive_control_0/jit_squeeze-8ddae167a4d2730267f1adf6342a6d6c418066e566779fb19b0cc2e3ac2adc0b-cache,result_or_data,1049,1781835781
??,emergent_quantum_geometries/aq_trappist1e_dlinoss_stellar_state_residual_0/results/.jax_cache/wasp39b_positive_control_0/jit_squeeze-eee628285edaf4edc5c26f734492c4ae5eb5d8f22b39cba5d2582ab1906be126-cache,result_or_data,1026,1781835781
??,emergent_quantum_geometries/aq_trappist1e_dlinoss_stellar_state_residual_0/results/.jax_cache/wasp39b_positive_control_0/jit_subtract-7bc3054c8b212f2121854cc0cdf0fc05d61a11d13db4f1c153349659a08f5ee3-cache,result_or_data,1537,1781835780
??,emergent_quantum_geometries/aq_trappist1e_dlinoss_stellar_state_residual_0/results/.jax_cache/wasp39b_positive_control_0/jit_train_one-0dce4e6a0d9577b509413816c5e6b1c84bde6401511eefcbc7e6608f487969ec-cache,result_or_data,151632,1781835782
??,emergent_quantum_geometries/aq_trappist1e_dlinoss_stellar_state_residual_0/results/.jax_cache/wasp39b_positive_control_0/jit_true_divide-3c6d303f7957f0f193bc2374040d41b1bab43ead3add02608e55fcda216cd5a9-cache,result_or_data,1646,1781835780
??,emergent_quantum_geometries/aq_trappist1e_dlinoss_stellar_state_residual_0/results/.jax_cache/wasp39b_positive_control_0/jit_true_divide-891c81d031ed374a2550d2efd4411af68fe87a65380c34a5fc932a57746fbe1b-cache,result_or_data,1728,1781835781
??,emergent_quantum_geometries/aq_trappist1e_dlinoss_stellar_state_residual_0/results/dlinoss_equal_supervision_capacity_test_0_local_smoke.json,result_or_data,507,1781887807
??,emergent_quantum_geometries/aq_trappist1e_dlinoss_stellar_state_residual_0/results/dlinoss_kalman_hybrid_observer_1_local.json,result_or_data,1589,1781844087
??,emergent_quantum_geometries/aq_trappist1e_dlinoss_stellar_state_residual_0/results/dlinoss_kalman_hybrid_observer_1_smoke.json,result_or_data,1589,1781844038
??,emergent_quantum_geometries/aq_trappist1e_dlinoss_stellar_state_residual_0/results/dlinoss_masked_assimilation_observer_2_local.json,result_or_data,1686,1781845267
??,emergent_quantum_geometries/aq_trappist1e_dlinoss_stellar_state_residual_0/results/dlinoss_masked_assimilation_observer_2_smoke.json,result_or_data,1648,1781845215
??,emergent_quantum_geometries/aq_trappist1e_dlinoss_stellar_state_residual_0/results/dlinoss_physics_locked_residual_smoke_0.json,result_or_data,2299,1781885514
??,emergent_quantum_geometries/aq_trappist1e_dlinoss_stellar_state_residual_0/results/dlinoss_physics_locked_synthetic_1_local.json,result_or_data,1840,1781885699
??,emergent_quantum_geometries/aq_trappist1e_dlinoss_stellar_state_residual_0/results/dlinoss_physics_locked_synthetic_1_smoke.json,result_or_data,1804,1781885636
??,emergent_quantum_geometries/aq_trappist1e_dlinoss_stellar_state_residual_0/results/dlinoss_ssm_architecture_unittest_0_local.json,result_or_data,1800,1781843258
??,emergent_quantum_geometries/aq_trappist1e_dlinoss_stellar_state_residual_0/results/dlinoss_ssm_architecture_unittest_0_local_h64.json,result_or_data,1741,1781843216
??,emergent_quantum_geometries/aq_trappist1e_dlinoss_stellar_state_residual_0/results/dlinoss_ssm_architecture_unittest_0_smoke.json,result_or_data,1769,1781843126
??,emergent_quantum_geometries/aq_trappist1e_dlinoss_stellar_state_residual_0/results/dlinoss_v2_realdata_nonpromotion_audit_0.json,result_or_data,5090,1782025408
??,emergent_quantum_geometries/aq_trappist1e_dlinoss_stellar_state_residual_0/results/dreams_repro/allen_2025_first_observations.pdf,result_or_data,33091933,1781901077
??,emergent_quantum_geometries/aq_trappist1e_dlinoss_stellar_state_residual_0/results/dreams_repro/event_labels_6456_o002_partial.json,result_or_data,1988,1781900853
??,emergent_quantum_geometries/aq_trappist1e_dlinoss_stellar_state_residual_0/results/dreams_repro/flare_mask_1331.json,result_or_data,957,1781900078
??,emergent_quantum_geometries/aq_trappist1e_dlinoss_stellar_state_residual_0/results/dreams_repro/gp_be_hybrid_corrected_spectra.csv,result_or_data,20548,1781928863
??,emergent_quantum_geometries/aq_trappist1e_dlinoss_stellar_state_residual_0/results/dreams_repro/gp_be_hybrid_evidence_table.json,result_or_data,3341,1781928863
??,emergent_quantum_geometries/aq_trappist1e_dlinoss_stellar_state_residual_0/results/dreams_repro/gp_be_hybrid_model_grid.json,result_or_data,1878,1781928863
??,emergent_quantum_geometries/aq_trappist1e_dlinoss_stellar_state_residual_0/results/dreams_repro/gp_be_hybrid_null_report.json,result_or_data,7047,1781928863
??,emergent_quantum_geometries/aq_trappist1e_dlinoss_stellar_state_residual_0/results/dreams_repro/gp_corrected_spectra.csv,result_or_data,15775,1781901484
??,emergent_quantum_geometries/aq_trappist1e_dlinoss_stellar_state_residual_0/results/dreams_repro/gp_evidence_table.json,result_or_data,845,1781901484
??,emergent_quantum_geometries/aq_trappist1e_dlinoss_stellar_state_residual_0/results/dreams_repro/gp_model_grid.json,result_or_data,3354,1781901484
??,emergent_quantum_geometries/aq_trappist1e_dlinoss_stellar_state_residual_0/results/dreams_repro/mast_products_1331.csv,result_or_data,1879,1781899983
??,emergent_quantum_geometries/aq_trappist1e_dlinoss_stellar_state_residual_0/results/dreams_repro/mast_products_6456.csv,result_or_data,1784,1781899983
??,emergent_quantum_geometries/aq_trappist1e_dlinoss_stellar_state_residual_0/results/dreams_repro/mast_products_9256.csv,result_or_data,2312,1781899983
??,emergent_quantum_geometries/aq_trappist1e_dlinoss_stellar_state_residual_0/results/dreams_repro/mast_query_v1/1331/1331_manifest.json,result_or_data,2485,1781899971
??,emergent_quantum_geometries/aq_trappist1e_dlinoss_stellar_state_residual_0/results/dreams_repro/mast_query_v1/6456/6456_manifest.json,result_or_data,3974,1781899975
??,emergent_quantum_geometries/aq_trappist1e_dlinoss_stellar_state_residual_0/results/dreams_repro/mast_query_v1/9256/9256_manifest.json,result_or_data,5238,1781899973
??,emergent_quantum_geometries/aq_trappist1e_dlinoss_stellar_state_residual_0/results/dreams_repro/pair_candidates.csv,result_or_data,588,1781901254
??,emergent_quantum_geometries/aq_trappist1e_dlinoss_stellar_state_residual_0/results/dreams_repro/pair_count_power_audit_0.json,result_or_data,8590,1781932808
??,emergent_quantum_geometries/aq_trappist1e_dlinoss_stellar_state_residual_0/results/dreams_repro/pair_program_manifest_9256_6456.json,result_or_data,13509,1781900961
??,emergent_quantum_geometries/aq_trappist1e_dlinoss_stellar_state_residual_0/results/dreams_repro/program_6456.aptx,result_or_data,24114,1781900899
??,emergent_quantum_geometries/aq_trappist1e_dlinoss_stellar_state_residual_0/results/dreams_repro/program_6456.pdf,result_or_data,45006,1781900184
??,emergent_quantum_geometries/aq_trappist1e_dlinoss_stellar_state_residual_0/results/dreams_repro/program_9256.aptx,result_or_data,63759,1781900899
??,emergent_quantum_geometries/aq_trappist1e_dlinoss_stellar_state_residual_0/results/dreams_repro/remote_fetch/strong_prior_identifiability_0_tpu.json,result_or_data,1243998,1781969107
??,emergent_quantum_geometries/aq_trappist1e_dlinoss_stellar_state_residual_0/results/dreams_repro/source_ledger.json,result_or_data,1743,1781899983
??,emergent_quantum_geometries/aq_trappist1e_dlinoss_stellar_state_residual_0/results/dreams_repro/timebase_validation.json,result_or_data,2632,1781899955
??,emergent_quantum_geometries/aq_trappist1e_dlinoss_stellar_state_residual_0/results/dreams_repro/visit_status_6456.xml,result_or_data,2146,1781900901
??,emergent_quantum_geometries/aq_trappist1e_dlinoss_stellar_state_residual_0/results/dreams_repro/visit_status_9256.xml,result_or_data,3024,1781900903
??,emergent_quantum_geometries/aq_trappist1e_dlinoss_stellar_state_residual_0/results/dreams_repro/white_light_repro_report.json,result_or_data,1925,1781900078
??,emergent_quantum_geometries/aq_trappist1e_dlinoss_stellar_state_residual_0/results/dreams_repro_followup/gp_be_hybrid_alpha_lambda.csv,result_or_data,2440,1782024100
??,emergent_quantum_geometries/aq_trappist1e_dlinoss_stellar_state_residual_0/results/dreams_repro_followup/gp_be_hybrid_corrected_spectra.csv,result_or_data,20563,1781931741
??,emergent_quantum_geometries/aq_trappist1e_dlinoss_stellar_state_residual_0/results/dreams_repro_followup/gp_be_hybrid_evidence_table.json,result_or_data,3784,1781931741
??,emergent_quantum_geometries/aq_trappist1e_dlinoss_stellar_state_residual_0/results/dreams_repro_followup/gp_be_hybrid_model_grid.json,result_or_data,2328,1781931741
??,emergent_quantum_geometries/aq_trappist1e_dlinoss_stellar_state_residual_0/results/dreams_repro_followup/gp_be_hybrid_null_report.json,result_or_data,8915,1781931741
??,emergent_quantum_geometries/aq_trappist1e_dlinoss_stellar_state_residual_0/results/dreams_repro_local_smoke/gp_be_hybrid_corrected_spectra.csv,result_or_data,20548,1781928735
??,emergent_quantum_geometries/aq_trappist1e_dlinoss_stellar_state_residual_0/results/dreams_repro_local_smoke/gp_be_hybrid_evidence_table.json,result_or_data,3341,1781928735
??,emergent_quantum_geometries/aq_trappist1e_dlinoss_stellar_state_residual_0/results/dreams_repro_local_smoke/gp_be_hybrid_model_grid.json,result_or_data,1878,1781928735
??,emergent_quantum_geometries/aq_trappist1e_dlinoss_stellar_state_residual_0/results/dreams_repro_local_smoke/gp_be_hybrid_null_report.json,result_or_data,7047,1781928735
??,emergent_quantum_geometries/aq_trappist1e_dlinoss_stellar_state_residual_0/results/dreams_repro_local_smoke/gp_corrected_spectra.csv,result_or_data,15775,1781928733
??,emergent_quantum_geometries/aq_trappist1e_dlinoss_stellar_state_residual_0/results/dreams_repro_local_smoke/gp_evidence_table.json,result_or_data,845,1781928733
??,emergent_quantum_geometries/aq_trappist1e_dlinoss_stellar_state_residual_0/results/dreams_repro_local_smoke/gp_model_grid.json,result_or_data,3354,1781928733
??,emergent_quantum_geometries/aq_trappist1e_dlinoss_stellar_state_residual_0/results/local_fake/null_suite_fake.json,result_or_data,2033,1781821493
??,emergent_quantum_geometries/aq_trappist1e_dlinoss_stellar_state_residual_0/results/local_fake/objective_refine_tiny.json,result_or_data,2368,1781822622
??,emergent_quantum_geometries/aq_trappist1e_dlinoss_stellar_state_residual_0/results/pair9256_data_completion_2.json,result_or_data,9761,1781828812
??,emergent_quantum_geometries/aq_trappist1e_dlinoss_stellar_state_residual_0/results/pair9256_ephemeris_repair_1.json,result_or_data,1050,1781827839
??,emergent_quantum_geometries/aq_trappist1e_dlinoss_stellar_state_residual_0/results/pair9256_label_audit_0.json,result_or_data,19974,1781826666
??,emergent_quantum_geometries/aq_trappist1e_dlinoss_stellar_state_residual_0/results/pair9256_label_audit_partial.json,result_or_data,4908,1781825432
??,emergent_quantum_geometries/aq_trappist1e_dlinoss_stellar_state_residual_0/results/pair9256_safepair_smoke_0_local.json,result_or_data,1484,1781828203
??,emergent_quantum_geometries/aq_trappist1e_dlinoss_stellar_state_residual_0/results/physics/program1331_damping_bank_report.json,result_or_data,2002,1781829776
??,emergent_quantum_geometries/aq_trappist1e_dlinoss_stellar_state_residual_0/results/program1331_cpu_gp_baseline.json,result_or_data,466,1781829786
??,emergent_quantum_geometries/aq_trappist1e_dlinoss_stellar_state_residual_0/results/program1331_injection_oracle_audit_0.json,result_or_data,32878,1781832456
??,emergent_quantum_geometries/aq_trappist1e_dlinoss_stellar_state_residual_0/results/program1331_injection_sensitivity_0_local_tiny.json,result_or_data,3775,1781831669
??,emergent_quantum_geometries/aq_trappist1e_dlinoss_stellar_state_residual_0/results/program1331_integration_time_tensor_report.json,result_or_data,3096,1781829766
??,emergent_quantum_geometries/aq_trappist1e_dlinoss_stellar_state_residual_0/results/program1331_residual_first_oracle_1.json,result_or_data,218085,1781832727
??,emergent_quantum_geometries/aq_trappist1e_dlinoss_stellar_state_residual_0/results/program1331_residual_injection_1_local_tiny.json,result_or_data,4076,1781833081
??,emergent_quantum_geometries/aq_trappist1e_dlinoss_stellar_state_residual_0/results/program1331_self_supervised_intravisit_0_local.json,result_or_data,1997,1781829811
??,emergent_quantum_geometries/aq_trappist1e_dlinoss_stellar_state_residual_0/results/program1331_tensor_validation.json,result_or_data,1035,1781829776
??,emergent_quantum_geometries/aq_trappist1e_dlinoss_stellar_state_residual_0/results/program1331_visittransport_1_eval_local.json,result_or_data,513,1781830817
??,emergent_quantum_geometries/aq_trappist1e_dlinoss_stellar_state_residual_0/results/program1331_visittransport_1_local.json,result_or_data,1696,1781830719
??,emergent_quantum_geometries/aq_trappist1e_dlinoss_stellar_state_residual_0/results/raw/mast_9256_audit/9256/9256_manifest.json,result_or_data,910,1781826586
??,emergent_quantum_geometries/aq_trappist1e_dlinoss_stellar_state_residual_0/results/raw/mast_9256_audit/9256_query_manifest_all.json,result_or_data,5181,1781825052
??,emergent_quantum_geometries/aq_trappist1e_dlinoss_stellar_state_residual_0/results/raw/mast_9256_audit/program_9256.pdf,result_or_data,60592,1781825058
??,emergent_quantum_geometries/aq_trappist1e_dlinoss_stellar_state_residual_0/results/raw/mast_9256_completion_2/9256/9256_manifest.json,result_or_data,171,1781828764
??,emergent_quantum_geometries/aq_trappist1e_dlinoss_stellar_state_residual_0/results/raw/mast_9256_completion_2_related/1331/1331_manifest.json,result_or_data,2485,1781828779
??,emergent_quantum_geometries/aq_trappist1e_dlinoss_stellar_state_residual_0/results/raw/mast_9256_completion_2_related/6456/6456_manifest.json,result_or_data,3974,1781828777
??,emergent_quantum_geometries/aq_trappist1e_dlinoss_stellar_state_residual_0/results/raw/mast_dreams_pair_o003/6456/6456_manifest.json,result_or_data,916,1781901139
??,emergent_quantum_geometries/aq_trappist1e_dlinoss_stellar_state_residual_0/results/raw/mast_lewis/1331/1331_manifest.json,result_or_data,3041,1781829727
??,emergent_quantum_geometries/aq_trappist1e_dlinoss_stellar_state_residual_0/results/raw/mast_lewis/1331/jw01331-o001_t001_nirspec_clear-prism-s1600a1-sub512_x1dints.fits,result_or_data,634711680,1781829678
??,emergent_quantum_geometries/aq_trappist1e_dlinoss_stellar_state_residual_0/results/raw/mast_lewis/1331/jw01331-o002_t001_nirspec_clear-prism-s1600a1-sub512_x1dints.fits,result_or_data,634711680,1781829694
??,emergent_quantum_geometries/aq_trappist1e_dlinoss_stellar_state_residual_0/results/raw/mast_lewis/1331/jw01331-o003_t001_nirspec_clear-prism-s1600a1-sub512_x1dints.fits,result_or_data,634711680,1781829709
??,emergent_quantum_geometries/aq_trappist1e_dlinoss_stellar_state_residual_0/results/raw/mast_lewis/1331/jw01331-o104_t001_nirspec_clear-prism-s1600a1-sub512_x1dints.fits,result_or_data,634711680,1781829727
??,emergent_quantum_geometries/aq_trappist1e_dlinoss_stellar_state_residual_0/results/raw/mast_query/1331/1331_manifest.json,result_or_data,6681,1781824083
??,emergent_quantum_geometries/aq_trappist1e_dlinoss_stellar_state_residual_0/results/raw/mast_query/9256/9256_manifest.json,result_or_data,21129,1781824096
??,emergent_quantum_geometries/aq_trappist1e_dlinoss_stellar_state_residual_0/results/raw/mast_wasp39b_1366/1366/1366_manifest.json,result_or_data,890,1781835247
??,emergent_quantum_geometries/aq_trappist1e_dlinoss_stellar_state_residual_0/results/raw/mast_wasp39b_1366/1366/jw01366-o003_t001_nirspec_f290lp-g395h-s1600a1-sub2048_x1dints.fits,result_or_data,216573120,1781835247
??,emergent_quantum_geometries/aq_trappist1e_dlinoss_stellar_state_residual_0/results/raw/zenodo/dreams_2509_05414/manifest.json,result_or_data,622,1781824129
??,emergent_quantum_geometries/aq_trappist1e_dlinoss_stellar_state_residual_0/results/raw/zenodo/dreams_bundle/TRAPPIST-1e-GTO-2025-main (2).zip,result_or_data,51857108,1781899893
??,emergent_quantum_geometries/aq_trappist1e_dlinoss_stellar_state_residual_0/results/raw/zenodo/dreams_bundle/extracted/TRAPPIST-1e-GTO-2025-main/espinoza+2025/appendix-figure1/plot_spectra.py,result_or_data,4848,1752876356
??,emergent_quantum_geometries/aq_trappist1e_dlinoss_stellar_state_residual_0/results/raw/zenodo/dreams_bundle/extracted/TRAPPIST-1e-GTO-2025-main/espinoza+2025/appendix-figure1/rcParams.txt,result_or_data,513,1752876356
??,emergent_quantum_geometries/aq_trappist1e_dlinoss_stellar_state_residual_0/results/raw/zenodo/dreams_bundle/extracted/TRAPPIST-1e-GTO-2025-main/espinoza+2025/appendix-figure1/spectra/HST_WFC3IR_visit1.txt,result_or_data,659,1752876356
??,emergent_quantum_geometries/aq_trappist1e_dlinoss_stellar_state_residual_0/results/raw/zenodo/dreams_bundle/extracted/TRAPPIST-1e-GTO-2025-main/espinoza+2025/appendix-figure1/spectra/HST_WFC3IR_visit2.txt,result_or_data,659,1752876356
??,emergent_quantum_geometries/aq_trappist1e_dlinoss_stellar_state_residual_0/results/raw/zenodo/dreams_bundle/extracted/TRAPPIST-1e-GTO-2025-main/espinoza+2025/appendix-figure1/spectra/JWST_PRISM_Canas001.txt,result_or_data,3231,1752876356
??,emergent_quantum_geometries/aq_trappist1e_dlinoss_stellar_state_residual_0/results/raw/zenodo/dreams_bundle/extracted/TRAPPIST-1e-GTO-2025-main/espinoza+2025/appendix-figure1/spectra/JWST_PRISM_Canas002.txt,result_or_data,3239,1752876356
??,emergent_quantum_geometries/aq_trappist1e_dlinoss_stellar_state_residual_0/results/raw/zenodo/dreams_bundle/extracted/TRAPPIST-1e-GTO-2025-main/espinoza+2025/appendix-figure1/spectra/JWST_PRISM_Canas003.txt,result_or_data,3237,1752876356
??,emergent_quantum_geometries/aq_trappist1e_dlinoss_stellar_state_residual_0/results/raw/zenodo/dreams_bundle/extracted/TRAPPIST-1e-GTO-2025-main/espinoza+2025/appendix-figure1/spectra/JWST_PRISM_Canas104.txt,result_or_data,3236,1752876356
??,emergent_quantum_geometries/aq_trappist1e_dlinoss_stellar_state_residual_0/results/raw/zenodo/dreams_bundle/extracted/TRAPPIST-1e-GTO-2025-main/espinoza+2025/appendix-figure1/spectra/JWST_PRISM_Espinoza001.txt,result_or_data,3272,1752876356
??,emergent_quantum_geometries/aq_trappist1e_dlinoss_stellar_state_residual_0/results/raw/zenodo/dreams_bundle/extracted/TRAPPIST-1e-GTO-2025-main/espinoza+2025/appendix-figure1/spectra/JWST_PRISM_Espinoza002.txt,result_or_data,3256,1752876356
??,emergent_quantum_geometries/aq_trappist1e_dlinoss_stellar_state_residual_0/results/raw/zenodo/dreams_bundle/extracted/TRAPPIST-1e-GTO-2025-main/espinoza+2025/appendix-figure1/spectra/JWST_PRISM_Espinoza003.txt,result_or_data,3258,1752876356
??,emergent_quantum_geometries/aq_trappist1e_dlinoss_stellar_state_residual_0/results/raw/zenodo/dreams_bundle/extracted/TRAPPIST-1e-GTO-2025-main/espinoza+2025/appendix-figure1/spectra/JWST_PRISM_Espinoza104.txt,result_or_data,3254,1752876356
??,emergent_quantum_geometries/aq_trappist1e_dlinoss_stellar_state_residual_0/results/raw/zenodo/dreams_bundle/extracted/TRAPPIST-1e-GTO-2025-main/espinoza+2025/appendix-figure1/spectra/JWST_PRISM_Grant001.txt,result_or_data,3251,1752876356
??,emergent_quantum_geometries/aq_trappist1e_dlinoss_stellar_state_residual_0/results/raw/zenodo/dreams_bundle/extracted/TRAPPIST-1e-GTO-2025-main/espinoza+2025/appendix-figure1/spectra/JWST_PRISM_Grant002.txt,result_or_data,3248,1752876356
??,emergent_quantum_geometries/aq_trappist1e_dlinoss_stellar_state_residual_0/results/raw/zenodo/dreams_bundle/extracted/TRAPPIST-1e-GTO-2025-main/espinoza+2025/appendix-figure1/spectra/JWST_PRISM_Grant003.txt,result_or_data,3250,1752876356
??,emergent_quantum_geometries/aq_trappist1e_dlinoss_stellar_state_residual_0/results/raw/zenodo/dreams_bundle/extracted/TRAPPIST-1e-GTO-2025-main/espinoza+2025/appendix-figure1/spectra/JWST_PRISM_Grant104.txt,result_or_data,3250,1752876356
??,emergent_quantum_geometries/aq_trappist1e_dlinoss_stellar_state_residual_0/results/raw/zenodo/dreams_bundle/extracted/TRAPPIST-1e-GTO-2025-main/espinoza+2025/appendix-figure1/spectra/JWST_PRISM_Gressier001.txt,result_or_data,3262,1752876356
??,emergent_quantum_geometries/aq_trappist1e_dlinoss_stellar_state_residual_0/results/raw/zenodo/dreams_bundle/extracted/TRAPPIST-1e-GTO-2025-main/espinoza+2025/appendix-figure1/spectra/JWST_PRISM_Gressier002.txt,result_or_data,3237,1752876356
??,emergent_quantum_geometries/aq_trappist1e_dlinoss_stellar_state_residual_0/results/raw/zenodo/dreams_bundle/extracted/TRAPPIST-1e-GTO-2025-main/espinoza+2025/appendix-figure1/spectra/JWST_PRISM_Gressier003.txt,result_or_data,3234,1752876356
??,emergent_quantum_geometries/aq_trappist1e_dlinoss_stellar_state_residual_0/results/raw/zenodo/dreams_bundle/extracted/TRAPPIST-1e-GTO-2025-main/espinoza+2025/appendix-figure1/spectra/JWST_PRISM_Gressier104.txt,result_or_data,3251,1752876356
??,emergent_quantum_geometries/aq_trappist1e_dlinoss_stellar_state_residual_0/results/raw/zenodo/dreams_bundle/extracted/TRAPPIST-1e-GTO-2025-main/espinoza+2025/appendix-figure1/spectra/JWST_PRISM_Long001.txt,result_or_data,3242,1752876356
??,emergent_quantum_geometries/aq_trappist1e_dlinoss_stellar_state_residual_0/results/raw/zenodo/dreams_bundle/extracted/TRAPPIST-1e-GTO-2025-main/espinoza+2025/appendix-figure1/spectra/JWST_PRISM_Long002.txt,result_or_data,3223,1752876356
??,emergent_quantum_geometries/aq_trappist1e_dlinoss_stellar_state_residual_0/results/raw/zenodo/dreams_bundle/extracted/TRAPPIST-1e-GTO-2025-main/espinoza+2025/appendix-figure1/spectra/JWST_PRISM_Long003.txt,result_or_data,3235,1752876356
??,emergent_quantum_geometries/aq_trappist1e_dlinoss_stellar_state_residual_0/results/raw/zenodo/dreams_bundle/extracted/TRAPPIST-1e-GTO-2025-main/espinoza+2025/appendix-figure1/spectra/JWST_PRISM_Long104.txt,result_or_data,3237,1752876356
??,emergent_quantum_geometries/aq_trappist1e_dlinoss_stellar_state_residual_0/results/raw/zenodo/dreams_bundle/extracted/TRAPPIST-1e-GTO-2025-main/espinoza+2025/appendix-figure1/spectra/JWST_PRISM_Stevenson001.txt,result_or_data,3236,1752876356
??,emergent_quantum_geometries/aq_trappist1e_dlinoss_stellar_state_residual_0/results/raw/zenodo/dreams_bundle/extracted/TRAPPIST-1e-GTO-2025-main/espinoza+2025/appendix-figure1/spectra/JWST_PRISM_Stevenson002.txt,result_or_data,3246,1752876356
??,emergent_quantum_geometries/aq_trappist1e_dlinoss_stellar_state_residual_0/results/raw/zenodo/dreams_bundle/extracted/TRAPPIST-1e-GTO-2025-main/espinoza+2025/appendix-figure1/spectra/JWST_PRISM_Stevenson003.txt,result_or_data,3240,1752876356
??,emergent_quantum_geometries/aq_trappist1e_dlinoss_stellar_state_residual_0/results/raw/zenodo/dreams_bundle/extracted/TRAPPIST-1e-GTO-2025-main/espinoza+2025/appendix-figure1/spectra/JWST_PRISM_Stevenson104.txt,result_or_data,3246,1752876356
??,emergent_quantum_geometries/aq_trappist1e_dlinoss_stellar_state_residual_0/results/raw/zenodo/dreams_bundle/extracted/TRAPPIST-1e-GTO-2025-main/espinoza+2025/appendix-figure1/tspectra_all.pdf,result_or_data,71190,1752876356
??,emergent_quantum_geometries/aq_trappist1e_dlinoss_stellar_state_residual_0/results/raw/zenodo/dreams_bundle/extracted/TRAPPIST-1e-GTO-2025-main/espinoza+2025/corner-plots/cplot.pdf,result_or_data,2601823,1752876356
??,emergent_quantum_geometries/aq_trappist1e_dlinoss_stellar_state_residual_0/results/raw/zenodo/dreams_bundle/extracted/TRAPPIST-1e-GTO-2025-main/espinoza+2025/corner-plots/cplot2.pdf,result_or_data,2554126,1752876356
??,emergent_quantum_geometries/aq_trappist1e_dlinoss_stellar_state_residual_0/results/raw/zenodo/dreams_bundle/extracted/TRAPPIST-1e-GTO-2025-main/espinoza+2025/corner-plots/cplot_raw.pdf,result_or_data,4713379,1752876356
??,emergent_quantum_geometries/aq_trappist1e_dlinoss_stellar_state_residual_0/results/raw/zenodo/dreams_bundle/extracted/TRAPPIST-1e-GTO-2025-main/espinoza+2025/corner-plots/plot_corner.py,result_or_data,2529,1752876356
??,emergent_quantum_geometries/aq_trappist1e_dlinoss_stellar_state_residual_0/results/raw/zenodo/dreams_bundle/extracted/TRAPPIST-1e-GTO-2025-main/espinoza+2025/figure1/halpha-lcs/july-23_halpha.txt,result_or_data,41603,1752876356
??,emergent_quantum_geometries/aq_trappist1e_dlinoss_stellar_state_residual_0/results/raw/zenodo/dreams_bundle/extracted/TRAPPIST-1e-GTO-2025-main/espinoza+2025/figure1/halpha-lcs/june-22_halpha.txt,result_or_data,41587,1752876356
??,emergent_quantum_geometries/aq_trappist1e_dlinoss_stellar_state_residual_0/results/raw/zenodo/dreams_bundle/extracted/TRAPPIST-1e-GTO-2025-main/espinoza+2025/figure1/halpha-lcs/june-28_halpha.txt,result_or_data,41554,1752876356
??,emergent_quantum_geometries/aq_trappist1e_dlinoss_stellar_state_residual_0/results/raw/zenodo/dreams_bundle/extracted/TRAPPIST-1e-GTO-2025-main/espinoza+2025/figure1/halpha-lcs/october-28_halpha.txt,result_or_data,41528,1752876356
??,emergent_quantum_geometries/aq_trappist1e_dlinoss_stellar_state_residual_0/results/raw/zenodo/dreams_bundle/extracted/TRAPPIST-1e-GTO-2025-main/espinoza+2025/figure1/lcs.pdf,result_or_data,251116,1752876356
??,emergent_quantum_geometries/aq_trappist1e_dlinoss_stellar_state_residual_0/results/raw/zenodo/dreams_bundle/extracted/TRAPPIST-1e-GTO-2025-main/espinoza+2025/figure1/lightcurves/GPcelerite-white-light-Matern-quadratic-001/GP_lc_regressors.dat,result_or_data,8891,1752876356
??,emergent_quantum_geometries/aq_trappist1e_dlinoss_stellar_state_residual_0/results/raw/zenodo/dreams_bundle/extracted/TRAPPIST-1e-GTO-2025-main/espinoza+2025/figure1/lightcurves/GPcelerite-white-light-Matern-quadratic-001/lc.dat,result_or_data,25627,1752876356
??,emergent_quantum_geometries/aq_trappist1e_dlinoss_stellar_state_residual_0/results/raw/zenodo/dreams_bundle/extracted/TRAPPIST-1e-GTO-2025-main/espinoza+2025/figure1/lightcurves/GPcelerite-white-light-Matern-quadratic-001/posteriors.dat,result_or_data,852,1752876356
??,emergent_quantum_geometries/aq_trappist1e_dlinoss_stellar_state_residual_0/results/raw/zenodo/dreams_bundle/extracted/TRAPPIST-1e-GTO-2025-main/espinoza+2025/figure1/lightcurves/GPcelerite-white-light-Matern-quadratic-001/priors.dat,result_or_data,882,1752876356
??,emergent_quantum_geometries/aq_trappist1e_dlinoss_stellar_state_residual_0/results/raw/zenodo/dreams_bundle/extracted/TRAPPIST-1e-GTO-2025-main/espinoza+2025/figure1/lightcurves/GPcelerite-white-light-Matern-quadratic-002/GP_lc_regressors.dat,result_or_data,8874,1752876356
??,emergent_quantum_geometries/aq_trappist1e_dlinoss_stellar_state_residual_0/results/raw/zenodo/dreams_bundle/extracted/TRAPPIST-1e-GTO-2025-main/espinoza+2025/figure1/lightcurves/GPcelerite-white-light-Matern-quadratic-002/lc.dat,result_or_data,25578,1752876356
??,emergent_quantum_geometries/aq_trappist1e_dlinoss_stellar_state_residual_0/results/raw/zenodo/dreams_bundle/extracted/TRAPPIST-1e-GTO-2025-main/espinoza+2025/figure1/lightcurves/GPcelerite-white-light-Matern-quadratic-002/posteriors.dat,result_or_data,852,1752876356
??,emergent_quantum_geometries/aq_trappist1e_dlinoss_stellar_state_residual_0/results/raw/zenodo/dreams_bundle/extracted/TRAPPIST-1e-GTO-2025-main/espinoza+2025/figure1/lightcurves/GPcelerite-white-light-Matern-quadratic-002/priors.dat,result_or_data,882,1752876356
??,emergent_quantum_geometries/aq_trappist1e_dlinoss_stellar_state_residual_0/results/raw/zenodo/dreams_bundle/extracted/TRAPPIST-1e-GTO-2025-main/espinoza+2025/figure1/lightcurves/GPcelerite-white-light-Matern-quadratic-003/GP_lc_regressors.dat,result_or_data,8891,1752876356
??,emergent_quantum_geometries/aq_trappist1e_dlinoss_stellar_state_residual_0/results/raw/zenodo/dreams_bundle/extracted/TRAPPIST-1e-GTO-2025-main/espinoza+2025/figure1/lightcurves/GPcelerite-white-light-Matern-quadratic-003/lc.dat,result_or_data,25627,1752876356
??,emergent_quantum_geometries/aq_trappist1e_dlinoss_stellar_state_residual_0/results/raw/zenodo/dreams_bundle/extracted/TRAPPIST-1e-GTO-2025-main/espinoza+2025/figure1/lightcurves/GPcelerite-white-light-Matern-quadratic-003/posteriors.dat,result_or_data,852,1752876356
??,emergent_quantum_geometries/aq_trappist1e_dlinoss_stellar_state_residual_0/results/raw/zenodo/dreams_bundle/extracted/TRAPPIST-1e-GTO-2025-main/espinoza+2025/figure1/lightcurves/GPcelerite-white-light-Matern-quadratic-003/priors.dat,result_or_data,882,1752876356
??,emergent_quantum_geometries/aq_trappist1e_dlinoss_stellar_state_residual_0/results/raw/zenodo/dreams_bundle/extracted/TRAPPIST-1e-GTO-2025-main/espinoza+2025/figure1/lightcurves/GPcelerite-white-light-Matern-quadratic-104/GP_lc_regressors.dat,result_or_data,8874,1752876356
??,emergent_quantum_geometries/aq_trappist1e_dlinoss_stellar_state_residual_0/results/raw/zenodo/dreams_bundle/extracted/TRAPPIST-1e-GTO-2025-main/espinoza+2025/figure1/lightcurves/GPcelerite-white-light-Matern-quadratic-104/lc.dat,result_or_data,25578,1752876356
??,emergent_quantum_geometries/aq_trappist1e_dlinoss_stellar_state_residual_0/results/raw/zenodo/dreams_bundle/extracted/TRAPPIST-1e-GTO-2025-main/espinoza+2025/figure1/lightcurves/GPcelerite-white-light-Matern-quadratic-104/posteriors.dat,result_or_data,852,1752876356
??,emergent_quantum_geometries/aq_trappist1e_dlinoss_stellar_state_residual_0/results/raw/zenodo/dreams_bundle/extracted/TRAPPIST-1e-GTO-2025-main/espinoza+2025/figure1/lightcurves/GPcelerite-white-light-Matern-quadratic-104/priors.dat,result_or_data,882,1752876356
??,emergent_quantum_geometries/aq_trappist1e_dlinoss_stellar_state_residual_0/results/raw/zenodo/dreams_bundle/extracted/TRAPPIST-1e-GTO-2025-main/espinoza+2025/figure1/lightcurves/check_parameter.py,result_or_data,1763,1752876356
??,emergent_quantum_geometries/aq_trappist1e_dlinoss_stellar_state_residual_0/results/raw/zenodo/dreams_bundle/extracted/TRAPPIST-1e-GTO-2025-main/espinoza+2025/figure1/lightcurves/depth_difference.py,result_or_data,687,1752876356
??,emergent_quantum_geometries/aq_trappist1e_dlinoss_stellar_state_residual_0/results/raw/zenodo/dreams_bundle/extracted/TRAPPIST-1e-GTO-2025-main/espinoza+2025/figure1/plot_lightcurves.py,result_or_data,4805,1752876356
??,emergent_quantum_geometries/aq_trappist1e_dlinoss_stellar_state_residual_0/results/raw/zenodo/dreams_bundle/extracted/TRAPPIST-1e-GTO-2025-main/espinoza+2025/figure1/rcParams.txt,result_or_data,513,1752876356
??,emergent_quantum_geometries/aq_trappist1e_dlinoss_stellar_state_residual_0/results/raw/zenodo/dreams_bundle/extracted/TRAPPIST-1e-GTO-2025-main/espinoza+2025/figure2/plot_spectra.py,result_or_data,4718,1752876356
??,emergent_quantum_geometries/aq_trappist1e_dlinoss_stellar_state_residual_0/results/raw/zenodo/dreams_bundle/extracted/TRAPPIST-1e-GTO-2025-main/espinoza+2025/figure2/rcParams.txt,result_or_data,513,1752876356
??,emergent_quantum_geometries/aq_trappist1e_dlinoss_stellar_state_residual_0/results/raw/zenodo/dreams_bundle/extracted/TRAPPIST-1e-GTO-2025-main/espinoza+2025/figure2/spectra/HST_WFC3IR_visit1.txt,result_or_data,659,1752876356
??,emergent_quantum_geometries/aq_trappist1e_dlinoss_stellar_state_residual_0/results/raw/zenodo/dreams_bundle/extracted/TRAPPIST-1e-GTO-2025-main/espinoza+2025/figure2/spectra/HST_WFC3IR_visit2.txt,result_or_data,659,1752876356
??,emergent_quantum_geometries/aq_trappist1e_dlinoss_stellar_state_residual_0/results/raw/zenodo/dreams_bundle/extracted/TRAPPIST-1e-GTO-2025-main/espinoza+2025/figure2/spectra/JWST_PRISM_Canas001.txt,result_or_data,3231,1752876356
??,emergent_quantum_geometries/aq_trappist1e_dlinoss_stellar_state_residual_0/results/raw/zenodo/dreams_bundle/extracted/TRAPPIST-1e-GTO-2025-main/espinoza+2025/figure2/spectra/JWST_PRISM_Canas002.txt,result_or_data,3239,1752876356
??,emergent_quantum_geometries/aq_trappist1e_dlinoss_stellar_state_residual_0/results/raw/zenodo/dreams_bundle/extracted/TRAPPIST-1e-GTO-2025-main/espinoza+2025/figure2/spectra/JWST_PRISM_Canas003.txt,result_or_data,3237,1752876356
??,emergent_quantum_geometries/aq_trappist1e_dlinoss_stellar_state_residual_0/results/raw/zenodo/dreams_bundle/extracted/TRAPPIST-1e-GTO-2025-main/espinoza+2025/figure2/spectra/JWST_PRISM_Canas104.txt,result_or_data,3236,1752876356
??,emergent_quantum_geometries/aq_trappist1e_dlinoss_stellar_state_residual_0/results/raw/zenodo/dreams_bundle/extracted/TRAPPIST-1e-GTO-2025-main/espinoza+2025/figure2/spectra/JWST_PRISM_Espinoza001.txt,result_or_data,3272,1752876356
??,emergent_quantum_geometries/aq_trappist1e_dlinoss_stellar_state_residual_0/results/raw/zenodo/dreams_bundle/extracted/TRAPPIST-1e-GTO-2025-main/espinoza+2025/figure2/spectra/JWST_PRISM_Espinoza002.txt,result_or_data,3256,1752876356
??,emergent_quantum_geometries/aq_trappist1e_dlinoss_stellar_state_residual_0/results/raw/zenodo/dreams_bundle/extracted/TRAPPIST-1e-GTO-2025-main/espinoza+2025/figure2/spectra/JWST_PRISM_Espinoza003.txt,result_or_data,3258,1752876356
??,emergent_quantum_geometries/aq_trappist1e_dlinoss_stellar_state_residual_0/results/raw/zenodo/dreams_bundle/extracted/TRAPPIST-1e-GTO-2025-main/espinoza+2025/figure2/spectra/JWST_PRISM_Espinoza104.txt,result_or_data,3254,1752876356
??,emergent_quantum_geometries/aq_trappist1e_dlinoss_stellar_state_residual_0/results/raw/zenodo/dreams_bundle/extracted/TRAPPIST-1e-GTO-2025-main/espinoza+2025/figure2/spectra/JWST_PRISM_Grant001.txt,result_or_data,3251,1752876356
??,emergent_quantum_geometries/aq_trappist1e_dlinoss_stellar_state_residual_0/results/raw/zenodo/dreams_bundle/extracted/TRAPPIST-1e-GTO-2025-main/espinoza+2025/figure2/spectra/JWST_PRISM_Grant002.txt,result_or_data,3248,1752876356
??,emergent_quantum_geometries/aq_trappist1e_dlinoss_stellar_state_residual_0/results/raw/zenodo/dreams_bundle/extracted/TRAPPIST-1e-GTO-2025-main/espinoza+2025/figure2/spectra/JWST_PRISM_Grant003.txt,result_or_data,3250,1752876356
??,emergent_quantum_geometries/aq_trappist1e_dlinoss_stellar_state_residual_0/results/raw/zenodo/dreams_bundle/extracted/TRAPPIST-1e-GTO-2025-main/espinoza+2025/figure2/spectra/JWST_PRISM_Grant104.txt,result_or_data,3250,1752876356
??,emergent_quantum_geometries/aq_trappist1e_dlinoss_stellar_state_residual_0/results/raw/zenodo/dreams_bundle/extracted/TRAPPIST-1e-GTO-2025-main/espinoza+2025/figure2/spectra/JWST_PRISM_Gressier001.txt,result_or_data,3262,1752876356
??,emergent_quantum_geometries/aq_trappist1e_dlinoss_stellar_state_residual_0/results/raw/zenodo/dreams_bundle/extracted/TRAPPIST-1e-GTO-2025-main/espinoza+2025/figure2/spectra/JWST_PRISM_Gressier002.txt,result_or_data,3237,1752876356
??,emergent_quantum_geometries/aq_trappist1e_dlinoss_stellar_state_residual_0/results/raw/zenodo/dreams_bundle/extracted/TRAPPIST-1e-GTO-2025-main/espinoza+2025/figure2/spectra/JWST_PRISM_Gressier003.txt,result_or_data,3234,1752876356
??,emergent_quantum_geometries/aq_trappist1e_dlinoss_stellar_state_residual_0/results/raw/zenodo/dreams_bundle/extracted/TRAPPIST-1e-GTO-2025-main/espinoza+2025/figure2/spectra/JWST_PRISM_Gressier104.txt,result_or_data,3251,1752876356
??,emergent_quantum_geometries/aq_trappist1e_dlinoss_stellar_state_residual_0/results/raw/zenodo/dreams_bundle/extracted/TRAPPIST-1e-GTO-2025-main/espinoza+2025/figure2/spectra/JWST_PRISM_Long001.txt,result_or_data,3242,1752876356
??,emergent_quantum_geometries/aq_trappist1e_dlinoss_stellar_state_residual_0/results/raw/zenodo/dreams_bundle/extracted/TRAPPIST-1e-GTO-2025-main/espinoza+2025/figure2/spectra/JWST_PRISM_Long002.txt,result_or_data,3223,1752876356
??,emergent_quantum_geometries/aq_trappist1e_dlinoss_stellar_state_residual_0/results/raw/zenodo/dreams_bundle/extracted/TRAPPIST-1e-GTO-2025-main/espinoza+2025/figure2/spectra/JWST_PRISM_Long003.txt,result_or_data,3235,1752876356
??,emergent_quantum_geometries/aq_trappist1e_dlinoss_stellar_state_residual_0/results/raw/zenodo/dreams_bundle/extracted/TRAPPIST-1e-GTO-2025-main/espinoza+2025/figure2/spectra/JWST_PRISM_Long104.txt,result_or_data,3237,1752876356
??,emergent_quantum_geometries/aq_trappist1e_dlinoss_stellar_state_residual_0/results/raw/zenodo/dreams_bundle/extracted/TRAPPIST-1e-GTO-2025-main/espinoza+2025/figure2/spectra/JWST_PRISM_Stevenson001.txt,result_or_data,3236,1752876356
??,emergent_quantum_geometries/aq_trappist1e_dlinoss_stellar_state_residual_0/results/raw/zenodo/dreams_bundle/extracted/TRAPPIST-1e-GTO-2025-main/espinoza+2025/figure2/spectra/JWST_PRISM_Stevenson002.txt,result_or_data,3246,1752876356
??,emergent_quantum_geometries/aq_trappist1e_dlinoss_stellar_state_residual_0/results/raw/zenodo/dreams_bundle/extracted/TRAPPIST-1e-GTO-2025-main/espinoza+2025/figure2/spectra/JWST_PRISM_Stevenson003.txt,result_or_data,3240,1752876356
??,emergent_quantum_geometries/aq_trappist1e_dlinoss_stellar_state_residual_0/results/raw/zenodo/dreams_bundle/extracted/TRAPPIST-1e-GTO-2025-main/espinoza+2025/figure2/spectra/JWST_PRISM_Stevenson104.txt,result_or_data,3246,1752876356
??,emergent_quantum_geometries/aq_trappist1e_dlinoss_stellar_state_residual_0/results/raw/zenodo/dreams_bundle/extracted/TRAPPIST-1e-GTO-2025-main/espinoza+2025/figure2/tspectra.pdf,result_or_data,34118,1752876356
??,emergent_quantum_geometries/aq_trappist1e_dlinoss_stellar_state_residual_0/results/raw/zenodo/dreams_bundle/extracted/TRAPPIST-1e-GTO-2025-main/espinoza+2025/figure3/README.md,documentation,218,1752876356
??,emergent_quantum_geometries/aq_trappist1e_dlinoss_stellar_state_residual_0/results/raw/zenodo/dreams_bundle/extracted/TRAPPIST-1e-GTO-2025-main/espinoza+2025/figure3/data/jwst/compare.py,result_or_data,984,1752876356
??,emergent_quantum_geometries/aq_trappist1e_dlinoss_stellar_state_residual_0/results/raw/zenodo/dreams_bundle/extracted/TRAPPIST-1e-GTO-2025-main/espinoza+2025/figure3/data/jwst/grant/visit1.txt,result_or_data,3082,1752876356
??,emergent_quantum_geometries/aq_trappist1e_dlinoss_stellar_state_residual_0/results/raw/zenodo/dreams_bundle/extracted/TRAPPIST-1e-GTO-2025-main/espinoza+2025/figure3/data/jwst/grant/visit2.txt,result_or_data,3083,1752876356
??,emergent_quantum_geometries/aq_trappist1e_dlinoss_stellar_state_residual_0/results/raw/zenodo/dreams_bundle/extracted/TRAPPIST-1e-GTO-2025-main/espinoza+2025/figure3/data/jwst/grant/visit3.txt,result_or_data,3082,1752876356
??,emergent_quantum_geometries/aq_trappist1e_dlinoss_stellar_state_residual_0/results/raw/zenodo/dreams_bundle/extracted/TRAPPIST-1e-GTO-2025-main/espinoza+2025/figure3/data/jwst/grant/visit4.txt,result_or_data,3080,1752876356
??,emergent_quantum_geometries/aq_trappist1e_dlinoss_stellar_state_residual_0/results/raw/zenodo/dreams_bundle/extracted/TRAPPIST-1e-GTO-2025-main/espinoza+2025/figure3/data/jwst/stevenson/visit1.txt,result_or_data,3241,1752876356
??,emergent_quantum_geometries/aq_trappist1e_dlinoss_stellar_state_residual_0/results/raw/zenodo/dreams_bundle/extracted/TRAPPIST-1e-GTO-2025-main/espinoza+2025/figure3/data/jwst/stevenson/visit2.txt,result_or_data,3237,1752876356
??,emergent_quantum_geometries/aq_trappist1e_dlinoss_stellar_state_residual_0/results/raw/zenodo/dreams_bundle/extracted/TRAPPIST-1e-GTO-2025-main/espinoza+2025/figure3/data/jwst/stevenson/visit3.txt,result_or_data,3247,1752876356
??,emergent_quantum_geometries/aq_trappist1e_dlinoss_stellar_state_residual_0/results/raw/zenodo/dreams_bundle/extracted/TRAPPIST-1e-GTO-2025-main/espinoza+2025/figure3/data/jwst/stevenson/visit4.txt,result_or_data,3247,1752876356
??,emergent_quantum_geometries/aq_trappist1e_dlinoss_stellar_state_residual_0/results/raw/zenodo/dreams_bundle/extracted/TRAPPIST-1e-GTO-2025-main/espinoza+2025/figure3/data/jwst/visit1.txt,result_or_data,3216,1752876356
??,emergent_quantum_geometries/aq_trappist1e_dlinoss_stellar_state_residual_0/results/raw/zenodo/dreams_bundle/extracted/TRAPPIST-1e-GTO-2025-main/espinoza+2025/figure3/data/jwst/visit2.txt,result_or_data,3229,1752876356
??,emergent_quantum_geometries/aq_trappist1e_dlinoss_stellar_state_residual_0/results/raw/zenodo/dreams_bundle/extracted/TRAPPIST-1e-GTO-2025-main/espinoza+2025/figure3/data/jwst/visit3.txt,result_or_data,3212,1752876356
??,emergent_quantum_geometries/aq_trappist1e_dlinoss_stellar_state_residual_0/results/raw/zenodo/dreams_bundle/extracted/TRAPPIST-1e-GTO-2025-main/espinoza+2025/figure3/data/jwst/visit4.txt,result_or_data,3214,1752876356
??,emergent_quantum_geometries/aq_trappist1e_dlinoss_stellar_state_residual_0/results/raw/zenodo/dreams_bundle/extracted/TRAPPIST-1e-GTO-2025-main/espinoza+2025/figure3/illustrated_figure.pdf,result_or_data,578955,1752876356
??,emergent_quantum_geometries/aq_trappist1e_dlinoss_stellar_state_residual_0/results/raw/zenodo/dreams_bundle/extracted/TRAPPIST-1e-GTO-2025-main/espinoza+2025/figure3/illustrated_figure.svg,result_or_data,2020986,1752876356
??,emergent_quantum_geometries/aq_trappist1e_dlinoss_stellar_state_residual_0/results/raw/zenodo/dreams_bundle/extracted/TRAPPIST-1e-GTO-2025-main/espinoza+2025/figure3/illustrated_figure_dec24.svg,result_or_data,1295990,1752876356
??,emergent_quantum_geometries/aq_trappist1e_dlinoss_stellar_state_residual_0/results/raw/zenodo/dreams_bundle/extracted/TRAPPIST-1e-GTO-2025-main/espinoza+2025/figure3/plot_combined_corrected_folder.py,result_or_data,8130,1752876356
??,emergent_quantum_geometries/aq_trappist1e_dlinoss_stellar_state_residual_0/results/raw/zenodo/dreams_bundle/extracted/TRAPPIST-1e-GTO-2025-main/espinoza+2025/figure3/plot_individual_visit_retrievals_wbands.py,result_or_data,6534,1752876356
??,emergent_quantum_geometries/aq_trappist1e_dlinoss_stellar_state_residual_0/results/raw/zenodo/dreams_bundle/extracted/TRAPPIST-1e-GTO-2025-main/espinoza+2025/figure3/rcParams.txt,result_or_data,513,1752876356
??,emergent_quantum_geometries/aq_trappist1e_dlinoss_stellar_state_residual_0/results/raw/zenodo/dreams_bundle/extracted/TRAPPIST-1e-GTO-2025-main/espinoza+2025/figure3/tspectra_bands_JWST-CLR-R10000.pdf,result_or_data,59002,1752876356
??,emergent_quantum_geometries/aq_trappist1e_dlinoss_stellar_state_residual_0/results/raw/zenodo/dreams_bundle/extracted/TRAPPIST-1e-GTO-2025-main/espinoza+2025/figure3/tspectra_decontaminated_corrected_flat_JWST-CLR-R10000.pdf,result_or_data,37010,1752876356
??,emergent_quantum_geometries/aq_trappist1e_dlinoss_stellar_state_residual_0/results/raw/zenodo/dreams_bundle/extracted/TRAPPIST-1e-GTO-2025-main/espinoza+2025/figure3/tspectra_decontaminated_corrected_flat_JWST-CLR-R10000.txt,result_or_data,1261,1752876356
??,emergent_quantum_geometries/aq_trappist1e_dlinoss_stellar_state_residual_0/results/raw/zenodo/dreams_bundle/extracted/TRAPPIST-1e-GTO-2025-main/espinoza+2025/figure4/H2plot.pdf,result_or_data,78626,1752876356
??,emergent_quantum_geometries/aq_trappist1e_dlinoss_stellar_state_residual_0/results/raw/zenodo/dreams_bundle/extracted/TRAPPIST-1e-GTO-2025-main/espinoza+2025/figure4/H2plot.svg,result_or_data,170831,1752876356
??,emergent_quantum_geometries/aq_trappist1e_dlinoss_stellar_state_residual_0/results/raw/zenodo/dreams_bundle/extracted/TRAPPIST-1e-GTO-2025-main/espinoza+2025/figure4/illustrated_figure_hst.pdf,result_or_data,140888,1752876356
??,emergent_quantum_geometries/aq_trappist1e_dlinoss_stellar_state_residual_0/results/raw/zenodo/dreams_bundle/extracted/TRAPPIST-1e-GTO-2025-main/espinoza+2025/figure4/illustrated_figure_hst.svg,result_or_data,1625127,1752876356
??,emergent_quantum_geometries/aq_trappist1e_dlinoss_stellar_state_residual_0/results/raw/zenodo/dreams_bundle/extracted/TRAPPIST-1e-GTO-2025-main/espinoza+2025/figure4/plot_combined_corrected_folder.py,result_or_data,6715,1752876356
??,emergent_quantum_geometries/aq_trappist1e_dlinoss_stellar_state_residual_0/results/raw/zenodo/dreams_bundle/extracted/TRAPPIST-1e-GTO-2025-main/espinoza+2025/figure4/plot_individual_visit_retrievals_wbands.py,result_or_data,4780,1752876356
??,emergent_quantum_geometries/aq_trappist1e_dlinoss_stellar_state_residual_0/results/raw/zenodo/dreams_bundle/extracted/TRAPPIST-1e-GTO-2025-main/espinoza+2025/figure4/plot_posterior_hst_element_folders_hist.py,result_or_data,3789,1752876356
??,emergent_quantum_geometries/aq_trappist1e_dlinoss_stellar_state_residual_0/results/raw/zenodo/dreams_bundle/extracted/TRAPPIST-1e-GTO-2025-main/espinoza+2025/figure4/plot_posterior_hst_element_folders_inv_pressure.py,result_or_data,3635,1752876356
??,emergent_quantum_geometries/aq_trappist1e_dlinoss_stellar_state_residual_0/results/raw/zenodo/dreams_bundle/extracted/TRAPPIST-1e-GTO-2025-main/espinoza+2025/figure4/plot_posterior_jwst_element_folders_hist.py,result_or_data,3835,1752876356
??,emergent_quantum_geometries/aq_trappist1e_dlinoss_stellar_state_residual_0/results/raw/zenodo/dreams_bundle/extracted/TRAPPIST-1e-GTO-2025-main/espinoza+2025/figure4/plot_posterior_jwst_element_folders_inv_pressure.py,result_or_data,3691,1752876356
??,emergent_quantum_geometries/aq_trappist1e_dlinoss_stellar_state_residual_0/results/raw/zenodo/dreams_bundle/extracted/TRAPPIST-1e-GTO-2025-main/espinoza+2025/figure4/posteriors_hst_log_H2_hst-retrievals-CLR-FINAL-R10000-POSEIDONBINNING-ip.pdf,result_or_data,38755,1752876356
??,emergent_quantum_geometries/aq_trappist1e_dlinoss_stellar_state_residual_0/results/raw/zenodo/dreams_bundle/extracted/TRAPPIST-1e-GTO-2025-main/espinoza+2025/figure4/posteriors_hst_log_H2_hst-retrievals-CLR-FINAL-R10000-POSEIDONBINNING_hist.pdf,result_or_data,15283,1752876356
??,emergent_quantum_geometries/aq_trappist1e_dlinoss_stellar_state_residual_0/results/raw/zenodo/dreams_bundle/extracted/TRAPPIST-1e-GTO-2025-main/espinoza+2025/figure4/posteriors_jwst_log_H2_JWST-CLR-R10000-ip.pdf,result_or_data,33030,1752876356
??,emergent_quantum_geometries/aq_trappist1e_dlinoss_stellar_state_residual_0/results/raw/zenodo/dreams_bundle/extracted/TRAPPIST-1e-GTO-2025-main/espinoza+2025/figure4/posteriors_jwst_log_H2_JWST-CLR-R10000_hist.pdf,result_or_data,15249,1752876356
??,emergent_quantum_geometries/aq_trappist1e_dlinoss_stellar_state_residual_0/results/raw/zenodo/dreams_bundle/extracted/TRAPPIST-1e-GTO-2025-main/espinoza+2025/figure4/rcParams.txt,result_or_data,513,1752876356
??,emergent_quantum_geometries/aq_trappist1e_dlinoss_stellar_state_residual_0/results/raw/zenodo/dreams_bundle/extracted/TRAPPIST-1e-GTO-2025-main/espinoza+2025/figure4/tspectra_bands_hst-retrievals-CLR-FINAL-R10000-POSEIDONBINNING.pdf,result_or_data,24453,1752876356
??,emergent_quantum_geometries/aq_trappist1e_dlinoss_stellar_state_residual_0/results/raw/zenodo/dreams_bundle/extracted/TRAPPIST-1e-GTO-2025-main/espinoza+2025/figure4/tspectra_decontaminated_corrected_noflat_hst-retrievals-CLR-FINAL-R10000-POSEIDONBINNING.pdf,result_or_data,23138,1752876356
??,emergent_quantum_geometries/aq_trappist1e_dlinoss_stellar_state_residual_0/results/raw/zenodo/dreams_bundle/extracted/TRAPPIST-1e-GTO-2025-main/espinoza+2025/figure4/tspectra_decontaminated_corrected_noflat_hst-retrievals-CLR-FINAL-R10000-POSEIDONBINNING.txt,result_or_data,226,1752876356
??,emergent_quantum_geometries/aq_trappist1e_dlinoss_stellar_state_residual_0/results/raw/zenodo/dreams_bundle/extracted/TRAPPIST-1e-GTO-2025-main/glidden+2025/figure5/README.md,documentation,305,1752876356
??,emergent_quantum_geometries/aq_trappist1e_dlinoss_stellar_state_residual_0/results/raw/zenodo/dreams_bundle/extracted/TRAPPIST-1e-GTO-2025-main/glidden+2025/figure5/clr_posteriors.pdf,result_or_data,81052,1752876356
??,emergent_quantum_geometries/aq_trappist1e_dlinoss_stellar_state_residual_0/results/raw/zenodo/dreams_bundle/extracted/TRAPPIST-1e-GTO-2025-main/glidden+2025/figure5/clr_posteriors.svg,result_or_data,172856,1752876356
??,emergent_quantum_geometries/aq_trappist1e_dlinoss_stellar_state_residual_0/results/raw/zenodo/dreams_bundle/extracted/TRAPPIST-1e-GTO-2025-main/glidden+2025/figure5/plot_posterior_jwst_element_folders_hist.py,result_or_data,4443,1752876356
??,emergent_quantum_geometries/aq_trappist1e_dlinoss_stellar_state_residual_0/results/raw/zenodo/dreams_bundle/extracted/TRAPPIST-1e-GTO-2025-main/glidden+2025/figure5/plot_posterior_jwst_element_folders_inv_pressure.py,result_or_data,4273,1752876356
??,emergent_quantum_geometries/aq_trappist1e_dlinoss_stellar_state_residual_0/results/raw/zenodo/dreams_bundle/extracted/TRAPPIST-1e-GTO-2025-main/glidden+2025/figure5/posteriors_jwst_log_CH4_JWST-CLR-R10000-ip.pdf,result_or_data,32474,1752876356
??,emergent_quantum_geometries/aq_trappist1e_dlinoss_stellar_state_residual_0/results/raw/zenodo/dreams_bundle/extracted/TRAPPIST-1e-GTO-2025-main/glidden+2025/figure5/posteriors_jwst_log_CH4_JWST-CLR-R10000_hist.pdf,result_or_data,15445,1752876356
??,emergent_quantum_geometries/aq_trappist1e_dlinoss_stellar_state_residual_0/results/raw/zenodo/dreams_bundle/extracted/TRAPPIST-1e-GTO-2025-main/glidden+2025/figure5/posteriors_jwst_log_CO2_JWST-CLR-R10000-ip.pdf,result_or_data,34912,1752876356
??,emergent_quantum_geometries/aq_trappist1e_dlinoss_stellar_state_residual_0/results/raw/zenodo/dreams_bundle/extracted/TRAPPIST-1e-GTO-2025-main/glidden+2025/figure5/posteriors_jwst_log_CO2_JWST-CLR-R10000_hist.pdf,result_or_data,15672,1752876356
??,emergent_quantum_geometries/aq_trappist1e_dlinoss_stellar_state_residual_0/results/raw/zenodo/dreams_bundle/extracted/TRAPPIST-1e-GTO-2025-main/glidden+2025/figure5/rcParams.txt,result_or_data,513,1752876356
??,emergent_quantum_geometries/aq_trappist1e_dlinoss_stellar_state_residual_0/results/raw/zenodo/dreams_bundle/extracted/TRAPPIST-1e-GTO-2025-main/glidden+2025/figure6/README.md,documentation,305,1752876356
??,emergent_quantum_geometries/aq_trappist1e_dlinoss_stellar_state_residual_0/results/raw/zenodo/dreams_bundle/extracted/TRAPPIST-1e-GTO-2025-main/glidden+2025/figure6/ghost_posteriors.pdf,result_or_data,98487,1752876356
??,emergent_quantum_geometries/aq_trappist1e_dlinoss_stellar_state_residual_0/results/raw/zenodo/dreams_bundle/extracted/TRAPPIST-1e-GTO-2025-main/glidden+2025/figure6/ghost_posteriors.svg,result_or_data,229950,1752876356
??,emergent_quantum_geometries/aq_trappist1e_dlinoss_stellar_state_residual_0/results/raw/zenodo/dreams_bundle/extracted/TRAPPIST-1e-GTO-2025-main/glidden+2025/figure6/plot_posterior_jwst_element_folders_hist.py,result_or_data,4447,1752876356
??,emergent_quantum_geometries/aq_trappist1e_dlinoss_stellar_state_residual_0/results/raw/zenodo/dreams_bundle/extracted/TRAPPIST-1e-GTO-2025-main/glidden+2025/figure6/plot_posterior_jwst_element_folders_inv_pressure.py,result_or_data,4257,1752876356
??,emergent_quantum_geometries/aq_trappist1e_dlinoss_stellar_state_residual_0/results/raw/zenodo/dreams_bundle/extracted/TRAPPIST-1e-GTO-2025-main/glidden+2025/figure6/plot_posterior_jwst_mu.py,result_or_data,3756,1752876356
??,emergent_quantum_geometries/aq_trappist1e_dlinoss_stellar_state_residual_0/results/raw/zenodo/dreams_bundle/extracted/TRAPPIST-1e-GTO-2025-main/glidden+2025/figure6/posteriors_jwst_log_CH4_JWST-GHOSTMU-R10000-ip.pdf,result_or_data,37713,1752876356
??,emergent_quantum_geometries/aq_trappist1e_dlinoss_stellar_state_residual_0/results/raw/zenodo/dreams_bundle/extracted/TRAPPIST-1e-GTO-2025-main/glidden+2025/figure6/posteriors_jwst_log_CH4_JWST-GHOSTMU-R10000_hist.pdf,result_or_data,15465,1752876356
??,emergent_quantum_geometries/aq_trappist1e_dlinoss_stellar_state_residual_0/results/raw/zenodo/dreams_bundle/extracted/TRAPPIST-1e-GTO-2025-main/glidden+2025/figure6/posteriors_jwst_log_CO2_JWST-GHOSTMU-R10000-ip.pdf,result_or_data,34865,1752876356
??,emergent_quantum_geometries/aq_trappist1e_dlinoss_stellar_state_residual_0/results/raw/zenodo/dreams_bundle/extracted/TRAPPIST-1e-GTO-2025-main/glidden+2025/figure6/posteriors_jwst_log_CO2_JWST-GHOSTMU-R10000_hist.pdf,result_or_data,15681,1752876356
??,emergent_quantum_geometries/aq_trappist1e_dlinoss_stellar_state_residual_0/results/raw/zenodo/dreams_bundle/extracted/TRAPPIST-1e-GTO-2025-main/glidden+2025/figure6/posteriors_jwst_mu_hist.pdf,result_or_data,11425,1752876356
??,emergent_quantum_geometries/aq_trappist1e_dlinoss_stellar_state_residual_0/results/raw/zenodo/dreams_bundle/extracted/TRAPPIST-1e-GTO-2025-main/glidden+2025/figure6/rcParams.txt,result_or_data,513,1752876356
??,emergent_quantum_geometries/aq_trappist1e_dlinoss_stellar_state_residual_0/results/raw/zenodo/dreams_bundle/manifest.json,result_or_data,622,1781899893
??,emergent_quantum_geometries/aq_trappist1e_dlinoss_stellar_state_residual_0/results/shards/pair6456/o002_compact.manifest.json,result_or_data,406,1781900830
??,emergent_quantum_geometries/aq_trappist1e_dlinoss_stellar_state_residual_0/results/shards/pair6456/o003_compact.manifest.json,result_or_data,408,1781901153
??,emergent_quantum_geometries/aq_trappist1e_dlinoss_stellar_state_residual_0/results/shards/pair9256/o006_compact.manifest.json,result_or_data,407,1781825517
??,emergent_quantum_geometries/aq_trappist1e_dlinoss_stellar_state_residual_0/results/shards/pair9256/o007_compact.manifest.json,result_or_data,408,1781825678
??,emergent_quantum_geometries/aq_trappist1e_dlinoss_stellar_state_residual_0/results/shards/pair9256/o008_compact.manifest.json,result_or_data,408,1781825522
??,emergent_quantum_geometries/aq_trappist1e_dlinoss_stellar_state_residual_0/results/shards/pair9256/o009_compact.manifest.json,result_or_data,408,1781825929
??,emergent_quantum_geometries/aq_trappist1e_dlinoss_stellar_state_residual_0/results/shards/pair9256/o010_compact.manifest.json,result_or_data,409,1781825987
??,emergent_quantum_geometries/aq_trappist1e_dlinoss_stellar_state_residual_0/results/shards/pair9256/o011_compact.manifest.json,result_or_data,408,1781826131
??,emergent_quantum_geometries/aq_trappist1e_dlinoss_stellar_state_residual_0/results/shards/pair9256/o012_compact.manifest.json,result_or_data,409,1781826331
??,emergent_quantum_geometries/aq_trappist1e_dlinoss_stellar_state_residual_0/results/shards/pair9256/o013_compact.manifest.json,result_or_data,409,1781826601
??,emergent_quantum_geometries/aq_trappist1e_dlinoss_stellar_state_residual_0/results/trappist1e_linearssm_1331_residual_sensitivity_0.json,result_or_data,5897,1781845947
??,emergent_quantum_geometries/aq_trappist1e_dlinoss_stellar_state_residual_0/results/wasp39b_data_abi_0.json,result_or_data,1351,1781835574
??,emergent_quantum_geometries/aq_trappist1e_dlinoss_stellar_state_residual_0/results/wasp39b_dlinoss_residual_positive_control_0_local_smoke.json,result_or_data,2934,1781840600
??,emergent_quantum_geometries/aq_trappist1e_dlinoss_stellar_state_residual_0/results/wasp39b_dlinoss_residual_positive_control_0_strict_tpu.json,result_or_data,2877,1781842475
??,emergent_quantum_geometries/aq_trappist1e_dlinoss_stellar_state_residual_0/results/wasp39b_dlinoss_residual_positive_control_0_tpu.json,result_or_data,2779,1781841460
??,emergent_quantum_geometries/aq_trappist1e_dlinoss_stellar_state_residual_0/results/wasp39b_dlinoss_strict_local_smoke.json,result_or_data,2941,1781842410
??,emergent_quantum_geometries/aq_trappist1e_dlinoss_stellar_state_residual_0/results/wasp39b_ephemeris_0.json,result_or_data,2026,1781840440
??,emergent_quantum_geometries/aq_trappist1e_dlinoss_stellar_state_residual_0/results/wasp39b_ephemeris_strict_oracle_1_local.json,result_or_data,1914,1781841743
??,emergent_quantum_geometries/aq_trappist1e_dlinoss_stellar_state_residual_0/results/wasp39b_ephemeris_strict_oracle_1_tpu.json,result_or_data,1724,1781841867
??,emergent_quantum_geometries/aq_trappist1e_dlinoss_stellar_state_residual_0/results/wasp39b_linearssm_residual_positive_control_0_local.json,result_or_data,1948,1781845586
??,emergent_quantum_geometries/aq_trappist1e_dlinoss_stellar_state_residual_0/results/wasp39b_residual_oracle_0.json,result_or_data,165540,1781840262
??,emergent_quantum_geometries/aq_trappist1e_dlinoss_stellar_state_residual_0/scripts/deploy_to_ready_tpu.ps1,code_or_launcher,3562,1781967054
??,emergent_quantum_geometries/aq_trappist1e_dlinoss_stellar_state_residual_0/scripts/make_fake_trappist_shard.py,code_or_launcher,5002,1781822512
??,emergent_quantum_geometries/aq_trappist1e_dlinoss_stellar_state_residual_0/scripts/run_dreams_gp_be_hybrid_0.sh,code_or_launcher,980,1781928769
??,emergent_quantum_geometries/aq_trappist1e_dlinoss_stellar_state_residual_0/scripts/run_local_fake_trappist.sh,code_or_launcher,628,1781821261
??,emergent_quantum_geometries/aq_trappist1e_dlinoss_stellar_state_residual_0/scripts/run_tpu_dreams_pair_count_power_audit_0.sh,code_or_launcher,460,1781933030
??,emergent_quantum_geometries/aq_trappist1e_dlinoss_stellar_state_residual_0/scripts/run_tpu_dreams_strong_prior_identifiability_0.sh,code_or_launcher,503,1781967020
??,emergent_quantum_geometries/aq_trappist1e_dlinoss_stellar_state_residual_0/scripts/run_tpu_equal_supervision_capacity_0.sh,code_or_launcher,694,1781887956
??,emergent_quantum_geometries/aq_trappist1e_dlinoss_stellar_state_residual_0/scripts/run_tpu_injection_sensitivity_0.sh,code_or_launcher,841,1781831647
??,emergent_quantum_geometries/aq_trappist1e_dlinoss_stellar_state_residual_0/scripts/run_tpu_objective_refine_1.sh,code_or_launcher,593,1781822603
??,emergent_quantum_geometries/aq_trappist1e_dlinoss_stellar_state_residual_0/scripts/run_tpu_real_reference_injection_0.sh,code_or_launcher,542,1781824514
??,emergent_quantum_geometries/aq_trappist1e_dlinoss_stellar_state_residual_0/scripts/run_tpu_residual_injection_1.sh,code_or_launcher,832,1781833033
??,emergent_quantum_geometries/aq_trappist1e_dlinoss_stellar_state_residual_0/scripts/run_tpu_safepair_smoke_0.sh,code_or_launcher,438,1781828160
??,emergent_quantum_geometries/aq_trappist1e_dlinoss_stellar_state_residual_0/scripts/run_tpu_self_supervised_intravisit_0.sh,code_or_launcher,850,1781829825
??,emergent_quantum_geometries/aq_trappist1e_dlinoss_stellar_state_residual_0/scripts/run_tpu_trappist_null_suite.sh,code_or_launcher,1450,1781821261
??,emergent_quantum_geometries/aq_trappist1e_dlinoss_stellar_state_residual_0/scripts/run_tpu_trappist_shotgun.ps1,code_or_launcher,4369,1781835955
??,emergent_quantum_geometries/aq_trappist1e_dlinoss_stellar_state_residual_0/scripts/run_tpu_visittransport_1.sh,code_or_launcher,820,1781830686
??,emergent_quantum_geometries/aq_trappist1e_dlinoss_stellar_state_residual_0/scripts/run_tpu_wasp39b_residual_positive_control_0.sh,code_or_launcher,532,1781840526
??,emergent_quantum_geometries/aq_trappist1e_dlinoss_stellar_state_residual_0/scripts/run_tpu_wasp39b_strict_oracle_1.sh,code_or_launcher,479,1781841804
??,emergent_quantum_geometries/aq_trappist1e_dlinoss_stellar_state_residual_0/scripts/stage_pair9256_sequential_v2.ps1,code_or_launcher,2488,1781826093
??,emergent_quantum_geometries/aq_trappist1e_dlinoss_stellar_state_residual_0/scripts/summarize_pair_power.py,code_or_launcher,2161,1781934242
??,emergent_quantum_geometries/aq_trappist1e_dlinoss_stellar_state_residual_0/scripts/sync_jax_cache.sh,code_or_launcher,658,1781821261
??,emergent_quantum_geometries/aq_trappist1e_dlinoss_stellar_state_residual_0/tests/test_damper_bank.py,code_or_launcher,638,1781821261
??,emergent_quantum_geometries/aq_trappist1e_dlinoss_stellar_state_residual_0/tests/test_physics_locked_residual_dlinoss.py,code_or_launcher,623,1781885494
??,emergent_quantum_geometries/aq_trappist1e_dlinoss_stellar_state_residual_0/tests/test_pmap_null_suite_fake.py,code_or_launcher,878,1781821260
??,emergent_quantum_geometries/aq_trappist1e_dlinoss_stellar_state_residual_0/tests/test_stellar_state_scan_shapes.py,code_or_launcher,892,1781821260
??,emergent_quantum_geometries/aq_trappist1e_dlinoss_stellar_state_residual_0/tests/test_trappist_tensor_schema.py,code_or_launcher,612,1781821260
??,emergent_quantum_geometries/aq_trappist1e_dlinoss_stellar_state_residual_0/tmp/pdfs/allen_2025.txt,log_or_text,104973,1781901078
??,emergent_quantum_geometries/aq_trappist1e_dlinoss_stellar_state_residual_0/tmp/pdfs/program_6456.txt,log_or_text,18080,1781900192
??,emergent_quantum_geometries/aq_trappist1e_dlinoss_stellar_state_residual_0/tmp/pdfs/program_9256.txt,log_or_text,23881,1781900135
??,emergent_quantum_geometries/aq_trappist1e_dlinoss_stellar_state_residual_0/train/__init__.py,code_or_launcher,41,1781821076
??,emergent_quantum_geometries/aq_trappist1e_dlinoss_stellar_state_residual_0/train/cpu_gp_baseline_program1331.py,code_or_launcher,2542,1781829620
??,emergent_quantum_geometries/aq_trappist1e_dlinoss_stellar_state_residual_0/train/eval_trappist_residuals.py,code_or_launcher,1147,1781821077
??,emergent_quantum_geometries/aq_trappist1e_dlinoss_stellar_state_residual_0/train/pmap_equal_supervision_capacity.py,code_or_launcher,16694,1781889014
??,emergent_quantum_geometries/aq_trappist1e_dlinoss_stellar_state_residual_0/train/pmap_null_suite.py,code_or_launcher,10874,1781821479
??,emergent_quantum_geometries/aq_trappist1e_dlinoss_stellar_state_residual_0/train/pmap_objective_refine_suite.py,code_or_launcher,9540,1781822603
??,emergent_quantum_geometries/aq_trappist1e_dlinoss_stellar_state_residual_0/train/pmap_real_reference_injection.py,code_or_launcher,9871,1781824513
??,emergent_quantum_geometries/aq_trappist1e_dlinoss_stellar_state_residual_0/train/pmap_safepair_smoke.py,code_or_launcher,8407,1781828197
??,emergent_quantum_geometries/aq_trappist1e_dlinoss_stellar_state_residual_0/train/pmap_self_supervised_intravisit.py,code_or_launcher,9252,1781829800
??,emergent_quantum_geometries/aq_trappist1e_dlinoss_stellar_state_residual_0/train/smoke_equal_supervision_capacity.py,code_or_launcher,4014,1781887793
??,emergent_quantum_geometries/aq_trappist1e_dlinoss_stellar_state_residual_0/train/train_dlinoss_kalman_hybrid_observer.py,code_or_launcher,12006,1781844073
??,emergent_quantum_geometries/aq_trappist1e_dlinoss_stellar_state_residual_0/train/train_dlinoss_masked_assimilation_observer.py,code_or_launcher,11211,1781845237
??,emergent_quantum_geometries/aq_trappist1e_dlinoss_stellar_state_residual_0/train/train_dlinoss_physics_locked_synthetic.py,code_or_launcher,7427,1781885658
??,emergent_quantum_geometries/aq_trappist1e_dlinoss_stellar_state_residual_0/train/train_dlinoss_ssm_architecture_unittest.py,code_or_launcher,12690,1781843242
??,emergent_quantum_geometries/aq_trappist1e_dlinoss_stellar_state_residual_0/train/train_injection_sensitivity_1331.py,code_or_launcher,9259,1781831646
??,emergent_quantum_geometries/aq_trappist1e_dlinoss_stellar_state_residual_0/train/train_residual_injection_1331.py,code_or_launcher,13626,1781833030
??,emergent_quantum_geometries/aq_trappist1e_dlinoss_stellar_state_residual_0/train/train_stellar_state.py,code_or_launcher,2282,1781821077
??,emergent_quantum_geometries/aq_trappist1e_dlinoss_stellar_state_residual_0/train/train_trappist1331_linearssm_sensitivity.py,code_or_launcher,7066,1781845937
??,emergent_quantum_geometries/aq_trappist1e_dlinoss_stellar_state_residual_0/train/train_visittransport_1331.py,code_or_launcher,9563,1781830709
??,emergent_quantum_geometries/aq_trappist1e_dlinoss_stellar_state_residual_0/train/train_wasp39b_linear_ssm_positive_control.py,code_or_launcher,7792,1781845576
??,emergent_quantum_geometries/aq_trappist1e_dlinoss_stellar_state_residual_0/train/train_wasp39b_residual_positive_control.py,code_or_launcher,16778,1781842401
??,emergent_quantum_geometries/docs/AQ_PAGE_WOOTTERS_0_RUN_SPEC_2026-06-15.md,documentation,13785,1781536498
 M,emergent_quantum_geometries/docs/AQ_PAGE_WOOTTERS_DLINOSS_0_RESULTS_2026-06-15.md,documentation,38183,1781738930
??,emergent_quantum_geometries/docs/AQ_PAGE_WOOTTERS_DLINOSS_PHYSICS_PRIORS_0_RUN_SPEC_2026-06-17.md,documentation,8700,1781707904
??,emergent_quantum_geometries/docs/TRC_ASTROPHYSICS_MODELING_PROGRAM_CLOSEOUT_2026-06-21.md,documentation,18426,1782025453
??,emergent_quantum_geometries/program_ak_predictive_sweep.py,code_or_launcher,28352,1779602187
??,emergent_quantum_geometries/program_ak_results/program_ak_summary.json,result_or_data,10098,1779673068
??,emergent_quantum_geometries/program_al_results/program_al_summary.json,result_or_data,114672,1779683085
??,emergent_quantum_geometries/program_am_results/program_am_fast_summary_20260525_135713.json,result_or_data,3615,1779735439
??,emergent_quantum_geometries/program_am_results/program_am_summary_20260525_113714.json,result_or_data,4049,1779727038
??,emergent_quantum_geometries/program_am_results/program_am_summary_partial_before_fast_20260525_124135.json,result_or_data,23848,1779730901
??,emergent_quantum_geometries/program_am_semantic_topology.py,code_or_launcher,35481,1779685524
??,emergent_quantum_geometries/program_am_topology_eval.py,code_or_launcher,5868,1779656105
??,emergent_quantum_geometries/program_an_kinematic_filaments.py,code_or_launcher,36896,1779773094
??,emergent_quantum_geometries/program_an_results/program_an_controlled_summary_20260525_145505.json,result_or_data,25180,1779738910
??,emergent_quantum_geometries/program_an_results/program_an_summary.json,result_or_data,3752,1779775805
??,emergent_quantum_geometries/program_an_results/program_an_summary_20260525_142725.json,result_or_data,3862,1779737250
??,emergent_quantum_geometries/program_an_results/program_an_summary_latest.json,result_or_data,46237,1779772616
??,emergent_quantum_geometries/program_an_results_local/program_an_summary.json,result_or_data,4022,1779736825
??,emergent_quantum_geometries/program_an_results_smoke/program_an_summary.json,result_or_data,2466,1779736527
??,emergent_quantum_geometries/program_an_results_smoke2/program_an_summary.json,result_or_data,9309,1779737577
??,emergent_quantum_geometries/program_an_results_smoke_latest/program_an_summary.json,result_or_data,6139,1779771235
??,emergent_quantum_geometries/program_an_results_smoke_recovery/program_an_summary.json,result_or_data,8296,1779773240
??,emergent_quantum_geometries/program_ao_results_smoke/program_an_summary.json,result_or_data,28493,1779808796
??,emergent_quantum_geometries/program_aq_certified_local/summary.json,result_or_data,5868,1780718655
??,emergent_quantum_geometries/program_aq_certified_multiseed_local/summary.json,result_or_data,4340,1780718734
??,emergent_quantum_geometries/program_aq_certified_smoke/summary.json,result_or_data,1745,1780718560
??,emergent_quantum_geometries/program_aq_confidence_local_smoke/summary.json,result_or_data,1885,1780720032
??,emergent_quantum_geometries/program_aq_page_wootters0.py,code_or_launcher,35443,1781541577
??,emergent_quantum_geometries/program_aq_page_wootters_a10_capacity0.py,code_or_launcher,16248,1781735221
??,emergent_quantum_geometries/program_aq_page_wootters_a10_event_damped_confirm0.py,code_or_launcher,17387,1781736810
??,emergent_quantum_geometries/program_aq_page_wootters_clock_embed0.py,code_or_launcher,15073,1781573389
??,emergent_quantum_geometries/program_aq_page_wootters_clock_observability0.py,code_or_launcher,10243,1781572860
??,emergent_quantum_geometries/program_aq_page_wootters_dlinoss0.py,code_or_launcher,19532,1781542392
??,emergent_quantum_geometries/program_aq_page_wootters_dlinoss_clock_metric0.py,code_or_launcher,31734,1781571467
??,emergent_quantum_geometries/program_aq_page_wootters_dlinoss_matcher_policy0.py,code_or_launcher,25233,1781567547
??,emergent_quantum_geometries/program_aq_page_wootters_dlinoss_matcher_regret0.py,code_or_launcher,29659,1781568935
??,emergent_quantum_geometries/program_aq_page_wootters_dlinoss_noise1.py,code_or_launcher,19653,1781543614
??,emergent_quantum_geometries/program_aq_page_wootters_dlinoss_noise2.py,code_or_launcher,18013,1781566037
??,emergent_quantum_geometries/program_aq_page_wootters_dlinoss_robustness.py,code_or_launcher,6890,1781541641
??,emergent_quantum_geometries/program_aq_page_wootters_global_causal_memory0.py,code_or_launcher,37370,1781732585
??,emergent_quantum_geometries/program_aq_page_wootters_multiclass_clock_bound0.py,code_or_launcher,23007,1781738445
??,emergent_quantum_geometries/program_aq_page_wootters_path_bridge0.py,code_or_launcher,16266,1781734453
??,emergent_quantum_geometries/program_aq_page_wootters_path_observability0.py,code_or_launcher,13812,1781733698
??,emergent_quantum_geometries/program_aq_page_wootters_physics_priors_error_audit0.py,code_or_launcher,13575,1781731953
??,emergent_quantum_geometries/program_aq_page_wootters_physics_priors_observability0.py,code_or_launcher,33058,1781707969
??,emergent_quantum_geometries/program_aq_page_wootters_quantum_clock_bound0.py,code_or_launcher,21151,1781737756
??,emergent_quantum_geometries/program_aq_smoke_results/summary.json,result_or_data,1200,1780718554
??,emergent_quantum_geometries/program_aq_stream0_smoke/program_ap_summary.json,result_or_data,11054,1780547754
??,emergent_quantum_geometries/program_aqfft1_smoke/program_ap_summary.json,result_or_data,7121,1780335630
??,emergent_quantum_geometries/program_ar_dlinoss_exoplanet_tn/IMPLEMENTATION_PLAN.md,documentation,14358,1781738297
??,emergent_quantum_geometries/program_ar_dlinoss_exoplanet_tn/README.md,documentation,773,1781738297
??,emergent_quantum_geometries/program_chronos_tpu.py,code_or_launcher,22342,1780859209
??,emergent_quantum_geometries/program_temporal_mera_analyzer.py,code_or_launcher,15053,1780940978
??,emergent_quantum_geometries/results_page_wootters_a10_capacity0/a10_capacity0_results.json,result_or_data,289347,1781735892
??,emergent_quantum_geometries/results_page_wootters_a10_event_damped_confirm0/a10_event_damped_confirm0_results.json,result_or_data,126826,1781737163
??,emergent_quantum_geometries/results_page_wootters_multiclass_clock_bound0/multiclass_clock_bound0_results.json,result_or_data,106680,1781738674
??,emergent_quantum_geometries/results_page_wootters_path_bridge0/path_bridge0_results.json,result_or_data,159432,1781734840
??,emergent_quantum_geometries/results_page_wootters_path_observability0/path_observability0_results.json,result_or_data,735971,1781733671
??,emergent_quantum_geometries/results_page_wootters_path_observability0_v2/path_observability0_results.json,result_or_data,736069,1781733987
??,emergent_quantum_geometries/results_page_wootters_quantum_clock_bound0/quantum_clock_bound0_results.json,result_or_data,93649,1781737986
??,emergent_quantum_geometries/temporal_gauge/program_aq_temporal_gauge0.py,code_or_launcher,27991,1780962316
??,emergent_quantum_geometries/tmp_page_wootters_a10_capacity_smoke/a10_capacity0_results.json,result_or_data,2153,1781735250
??,emergent_quantum_geometries/tmp_page_wootters_a10_confirm_smoke/a10_event_damped_confirm0_results.json,result_or_data,2825,1781736836
??,emergent_quantum_geometries/tmp_page_wootters_clock_embed0_tpu/clock_embed0_results.json,result_or_data,268383,1781573862
??,emergent_quantum_geometries/tmp_page_wootters_dlinoss_bridge/aq_page_wootters_dlinoss0_results.json,result_or_data,14602,1781540846
??,emergent_quantum_geometries/tmp_page_wootters_dlinoss_smoke/aq_page_wootters_dlinoss0_results.json,result_or_data,7423,1781540674
??,emergent_quantum_geometries/tmp_page_wootters_dlinoss_tpu/aq_page_wootters_dlinoss0_results.json,result_or_data,14282,1781540999
??,emergent_quantum_geometries/tmp_page_wootters_dlinoss_traincheck/aq_page_wootters_dlinoss0_results.json,result_or_data,7301,1781540694
??,emergent_quantum_geometries/tmp_page_wootters_dlinoss_windowed/aq_page_wootters_dlinoss0_results.json,result_or_data,7288,1781540758
??,emergent_quantum_geometries/tmp_page_wootters_dlinoss_windowed2/aq_page_wootters_dlinoss0_results.json,result_or_data,7440,1781540810
??,emergent_quantum_geometries/tmp_page_wootters_followup/aq_page_wootters0_results.json,result_or_data,15582,1781539199
??,emergent_quantum_geometries/tmp_page_wootters_followup/summary.txt,log_or_text,996,1781539199
??,emergent_quantum_geometries/tmp_page_wootters_global_memory_smoke/global_causal_memory0_results.json,result_or_data,50111,1781732613
??,emergent_quantum_geometries/tmp_page_wootters_multiclass_bound_smoke/multiclass_clock_bound0_results.json,result_or_data,4304,1781738470
??,emergent_quantum_geometries/tmp_page_wootters_noise1_tpu/noise1_results.json,result_or_data,178900,1781543295
??,emergent_quantum_geometries/tmp_page_wootters_noise1_tpu/noise1_results_corrected.json,result_or_data,282631,1781565397
??,emergent_quantum_geometries/tmp_page_wootters_noise2_tpu/noise2_results.json,result_or_data,130398,1781566634
??,emergent_quantum_geometries/tmp_page_wootters_path_bridge_smoke/path_bridge0_results.json,result_or_data,5217,1781734481
??,emergent_quantum_geometries/tmp_page_wootters_path_observability_smoke/path_observability0_results.json,result_or_data,39708,1781733401
??,emergent_quantum_geometries/tmp_page_wootters_path_observability_smoke2/path_observability0_results.json,result_or_data,20536,1781733720
??,emergent_quantum_geometries/tmp_page_wootters_physics_priors_error_audit_smoke/physics_priors_error_audit0_results.json,result_or_data,21326,1781731978
??,emergent_quantum_geometries/tmp_page_wootters_physics_priors_ladder_smoke/physics_priors_observability0_results.json,result_or_data,35683,1781707862
??,emergent_quantum_geometries/tmp_page_wootters_physics_priors_ladder_smoke2/physics_priors_observability0_results.json,result_or_data,42127,1781707924
??,emergent_quantum_geometries/tmp_page_wootters_physics_priors_smoke/physics_priors_observability0_results.json,result_or_data,17125,1781707185
??,emergent_quantum_geometries/tmp_page_wootters_quantum_bound_smoke/quantum_clock_bound0_results.json,result_or_data,3785,1781737779
??,emergent_quantum_geometries/tmp_page_wootters_robustness_tpu/stage_a_results.json,result_or_data,81224,1781542107
??,emergent_quantum_geometries/tmp_page_wootters_robustness_tpu/stage_b_results.json,result_or_data,161055,1781542114
??,emergent_quantum_geometries/tmp_page_wootters_smoke/aq_page_wootters0_results.json,result_or_data,7767,1781538812
??,emergent_quantum_geometries/tmp_page_wootters_smoke/summary.txt,log_or_text,522,1781538812
??,emergent_quantum_geometries/tmp_page_wootters_smoke128/aq_page_wootters0_results.json,result_or_data,7770,1781538995
??,emergent_quantum_geometries/tmp_page_wootters_smoke128/summary.txt,log_or_text,523,1781538995
??,emergent_quantum_geometries/tmp_page_wootters_tpu/aq_page_wootters0_results.json,result_or_data,7657,1781538952
??,emergent_quantum_geometries/tmp_page_wootters_tpu_final/aq_page_wootters0_results.json,result_or_data,15299,1781539308
??,emergent_quantum_geometries/tmp_page_wootters_tpu_final2/aq_page_wootters0_results.json,result_or_data,15299,1781539469
??,emergent_quantum_geometries/tmp_page_wootters_tpu_fixed/aq_page_wootters0_results.json,result_or_data,15213,1781539102
??,eqg.tar.gz,other,66908160,1779298492
??,eqg_src.tar.gz,other,287103,1779368359
??,fix_unicode.py,code_or_launcher,732,1779120967
??,heartbeat.txt,log_or_text,17,1780767382
??,parse_log.py,code_or_launcher,2172,1779480760
??,payload_aqfft0.tar.gz,other,25192,1780260073
??,payload_aqfft_diag.tar.gz,other,25817,1780264064
??,program_ao_results/program_ap_summary.json,result_or_data,7126,1780377630
??,program_o1a_results/program_o_N10_results.json,result_or_data,2310684,1779120063
??,program_p2_results/program_p2_N6_results.json,result_or_data,819,1779134130
??,program_p_results/program_p_N6_results.json,result_or_data,112947,1779120982
??,program_u_results/program_u_N4_results.json,result_or_data,2736,1779244650
??,program_v_results/program_v_N4_results.json,result_or_data,5935,1779252373
??,program_w_results/program_w_N12_results.json,result_or_data,1383270,1779326765
??,program_w_results/program_w_N6_results.json,result_or_data,8767,1779297029
??,run_aq_page_wootters_dlinoss_noise1.ps1,code_or_launcher,1902,1781542514
??,run_aq_page_wootters_dlinoss_ready_node.ps1,code_or_launcher,2846,1781540871
??,run_aq_page_wootters_dlinoss_robustness.ps1,code_or_launcher,2096,1781541729
??,run_aq_page_wootters_ready_node.ps1,code_or_launcher,3189,1781536707
??,run_aq_page_wootters_shotgun.ps1,code_or_launcher,4359,1781536707
??,run_aq_temporal_gauge_ready_node.ps1,code_or_launcher,3389,1780960236
??,run_aq_temporal_gauge_shotgun.ps1,code_or_launcher,5303,1780958733
??,run_aqfft_diag.sh,code_or_launcher,337,1780264338
??,run_program_ap_stream0_watch.ps1,code_or_launcher,2124,1780548127
??,run_program_ap_stream1_eu_watch.ps1,code_or_launcher,2552,1780622153
??,run_program_ap_stream1_watch.ps1,code_or_launcher,2530,1780622164
??,run_program_ap_stream3_shotgun.ps1,code_or_launcher,4622,1780622435
??,run_program_ap_stream7_watch.ps1,code_or_launcher,3481,1780686616
??,run_program_ap_stream8_watch.ps1,code_or_launcher,3398,1780773611
??,tmp_program_ap_summary.json,result_or_data,9678,1780022299
??,tpu_previews/aq_preview_depth3_noise0.0_seed11_complex_pair_norm.png,figure_or_reference,2348,1780448124
??,tpu_previews/aq_stream2_2026-06-04/program_ap_results/aq_frame_depth3_noise0.0_seed11_delta_operator_gain_0.125_taichi_32x32_frame_1_compare.png,result_or_data,0,1780606851
??,tpu_previews/aq_stream2_2026-06-04/program_ap_results/aq_frame_depth3_noise0.0_seed11_delta_operator_gain_0.125_taichi_32x32_frame_2_compare.png,result_or_data,8795,1780606826
??,tpu_previews/aq_stream2_2026-06-04/program_ap_results/aq_frame_depth3_noise0.0_seed11_delta_operator_gain_0.125_taichi_32x32_frame_2_recovered.png,result_or_data,3005,1780606837
??,tpu_previews/aq_stream2_2026-06-04/program_ap_results/aq_frame_depth3_noise0.0_seed11_delta_operator_gain_0.25_taichi_32x32_frame_1_compare.png,result_or_data,8689,1780606825
??,tpu_previews/aq_stream2_2026-06-04/program_ap_results/aq_frame_depth3_noise0.0_seed11_delta_operator_gain_0.25_taichi_32x32_frame_2_compare.png,result_or_data,8795,1780606831
??,tpu_previews/aq_stream2_2026-06-04/program_ap_results/aq_frame_depth3_noise0.0_seed11_delta_operator_gain_0.25_taichi_32x32_frame_2_error.png,result_or_data,3160,1780606833
??,tpu_previews/aq_stream2_2026-06-04/program_ap_results/aq_frame_depth3_noise0.0_seed11_delta_operator_gain_0.25_taichi_32x32_frame_2_recovered.png,result_or_data,3005,1780606825
??,tpu_previews/aq_stream2_2026-06-04/program_ap_results/aq_frame_depth3_noise0.0_seed11_delta_operator_gain_0.50_taichi_32x32_frame_1_compare.png,result_or_data,8693,1780606847
??,tpu_previews/aq_stream2_2026-06-04/program_ap_results/aq_frame_depth3_noise0.0_seed11_delta_operator_gain_0.50_taichi_32x32_frame_2_error.png,result_or_data,3150,1780606830
??,tpu_previews/aq_stream2_2026-06-04/program_ap_results/aq_frame_depth3_noise0.0_seed11_delta_operator_gain_0.50_taichi_32x32_frame_2_recovered.png,result_or_data,2992,1780606831
??,tpu_previews/aq_stream2_2026-06-04/program_ap_results/aq_frame_depth3_noise0.0_seed11_flat_ordered_roster_taichi_16x16_frame_1_compare.png,result_or_data,2321,1780606829
??,tpu_previews/aq_stream2_2026-06-04/program_ap_results/aq_frame_depth3_noise0.0_seed11_flat_ordered_roster_taichi_16x16_frame_1_error.png,result_or_data,803,1780606827
??,tpu_previews/aq_stream2_2026-06-04/program_ap_results/aq_frame_depth3_noise0.0_seed11_flat_ordered_roster_taichi_16x16_frame_1_recovered.png,result_or_data,764,1780606828
??,tpu_previews/aq_stream2_2026-06-04/program_ap_results/aq_frame_depth3_noise0.0_seed11_flat_ordered_roster_taichi_16x16_frame_1_target.png,result_or_data,781,1780606849
??,tpu_previews/aq_stream2_2026-06-04/program_ap_results/aq_frame_depth3_noise0.0_seed11_flat_ordered_roster_taichi_16x16_frame_2_compare.png,result_or_data,1834,1780606849
??,tpu_previews/aq_stream2_2026-06-04/program_ap_results/aq_frame_depth3_noise0.0_seed11_flat_ordered_roster_taichi_16x16_frame_2_error.png,result_or_data,564,1780606834
??,tpu_previews/aq_stream2_2026-06-04/program_ap_results/aq_frame_depth3_noise0.0_seed11_flat_ordered_roster_taichi_32x32_frame_2_error.png,result_or_data,1715,1780606841
??,tpu_previews/aq_stream2_2026-06-04/program_ap_results/aq_frame_depth3_noise0.0_seed11_flat_ordered_roster_taichi_32x32_frame_2_recovered.png,result_or_data,1486,1780606850
??,tpu_previews/aq_stream2_2026-06-04/program_ap_results/aq_frame_depth3_noise0.0_seed11_pair_v2_gain_0.125_taichi_16x16_frame_2_recovered.png,result_or_data,919,1780606850
??,tpu_previews/aq_stream2_2026-06-04/program_ap_results/aq_frame_depth3_noise0.0_seed11_pair_v2_gain_0.125_taichi_32x32_frame_1_compare.png,result_or_data,8470,1780606835
??,tpu_previews/aq_stream2_2026-06-04/program_ap_results/aq_frame_depth3_noise0.0_seed11_pair_v2_gain_0.125_taichi_32x32_frame_1_error.png,result_or_data,3074,1780606842
??,tpu_previews/aq_stream2_2026-06-04/program_ap_results/aq_frame_depth3_noise0.0_seed11_pair_v2_gain_0.125_taichi_32x32_frame_2_compare.png,result_or_data,8632,1780606845
??,tpu_previews/aq_stream2_2026-06-04/program_ap_results/aq_frame_depth3_noise0.0_seed11_pair_v2_gain_0.25_taichi_16x16_frame_1_compare.png,result_or_data,2486,1780606835
??,tpu_previews/aq_stream2_2026-06-04/program_ap_results/aq_frame_depth3_noise0.0_seed11_pair_v2_gain_0.25_taichi_16x16_frame_1_error.png,result_or_data,891,1780606843
??,tpu_previews/aq_stream2_2026-06-04/program_ap_results/aq_frame_depth3_noise0.0_seed11_pair_v2_gain_0.25_taichi_16x16_frame_1_target.png,result_or_data,781,1780606846
??,tpu_previews/aq_stream2_2026-06-04/program_ap_results/aq_frame_depth3_noise0.0_seed11_pair_v2_gain_0.25_taichi_16x16_frame_2_compare.png,result_or_data,2495,1780606842
??,tpu_previews/aq_stream2_2026-06-04/program_ap_results/aq_frame_depth3_noise0.0_seed11_pair_v2_gain_0.25_taichi_16x16_frame_2_error.png,result_or_data,910,1780606846
??,tpu_previews/aq_stream2_2026-06-04/program_ap_results/aq_frame_depth3_noise0.0_seed11_pair_v2_gain_0.25_taichi_16x16_frame_2_recovered.png,result_or_data,915,1780606832
??,tpu_previews/aq_stream2_2026-06-04/program_ap_results/aq_frame_depth3_noise0.0_seed11_pair_v2_gain_0.25_taichi_32x32_frame_1_compare.png,result_or_data,8470,1780606839
??,tpu_previews/aq_stream2_2026-06-04/program_ap_results/aq_frame_depth3_noise0.0_seed11_pair_v2_gain_0.25_taichi_32x32_frame_1_error.png,result_or_data,3073,1780606838
??,tpu_previews/aq_stream2_2026-06-04/program_ap_results/aq_frame_depth3_noise0.0_seed11_pair_v2_gain_0.25_taichi_32x32_frame_1_target.png,result_or_data,2354,1780606844
??,tpu_previews/aq_stream2_2026-06-04/program_ap_results/aq_frame_depth3_noise0.0_seed11_pair_v2_gain_0.25_taichi_32x32_frame_2_recovered.png,result_or_data,2857,1780606838
??,tpu_previews/aq_stream2_2026-06-04/program_ap_results/aq_frame_depth3_noise0.0_seed11_pair_v2_gain_0.50_taichi_32x32_frame_1_compare.png,result_or_data,8470,1780606851
??,tpu_previews/aq_stream2_2026-06-04/program_ap_results/aq_frame_depth3_noise0.0_seed11_pair_v2_gain_0.50_taichi_32x32_frame_1_recovered.png,result_or_data,2823,1780606834
??,tpu_previews/aq_stream2_2026-06-04/program_ap_results/aq_frame_depth3_noise0.0_seed11_pair_v2_gain_0.50_taichi_32x32_frame_2_error.png,result_or_data,3104,1780606840
??,tpu_previews/aq_stream2_2026-06-04/program_ap_results/aq_frame_depth3_noise0.0_seed11_pair_v2_gain_0.50_taichi_32x32_frame_2_target.png,result_or_data,2457,1780606848
??,tpu_previews/aq_stream2_2026-06-04/program_ap_results/aq_frame_depth3_noise0.0_seed11_separable_mode_stream_taichi_16x16_frame_1_compare.png,result_or_data,2496,1780606830
??,tpu_previews/aq_stream2_2026-06-04/program_ap_results/aq_frame_depth3_noise0.0_seed11_separable_mode_stream_taichi_16x16_frame_1_recovered.png,result_or_data,886,1780606836
??,tpu_previews/aq_stream2_2026-06-04/program_ap_results/aq_frame_depth3_noise0.0_seed11_separable_mode_stream_taichi_16x16_frame_1_target.png,result_or_data,781,1780606839
??,tpu_previews/aq_stream2_2026-06-04/program_ap_results/aq_frame_depth3_noise0.0_seed11_separable_mode_stream_taichi_16x16_frame_2_error.png,result_or_data,853,1780606848
??,tpu_previews/aq_stream2_2026-06-04/program_ap_results/aq_frame_depth3_noise0.0_seed11_separable_mode_stream_taichi_16x16_frame_2_recovered.png,result_or_data,899,1780606827
??,tpu_previews/aq_stream2_2026-06-04/program_ap_results/aq_frame_depth3_noise0.0_seed11_separable_mode_stream_taichi_16x16_frame_2_target.png,result_or_data,778,1780606829
??,tpu_previews/aq_stream2_2026-06-04/program_ap_results/aq_frame_depth3_noise0.0_seed11_separable_mode_stream_taichi_32x32_frame_1_target.png,result_or_data,2354,1780606833
??,tpu_previews/aq_stream2_2026-06-04/program_ap_results/aq_frame_depth3_noise0.0_seed11_separable_mode_stream_taichi_32x32_frame_2_target.png,result_or_data,2457,1780606844
??,tpu_previews/aq_stream2_2026-06-04/program_ap_results/aq_preview_depth3_noise0.0_seed11_flat_ordered_roster.png,result_or_data,2075,1780606840
??,tpu_previews/aq_stream2_2026-06-04/program_ap_results/aq_preview_depth3_noise0.0_seed11_pair_v2_gain_0.25.png,result_or_data,2380,1780606837
??,tpu_previews/aq_stream2_2026-06-04/program_ap_results/aq_preview_depth3_noise0.0_seed11_pair_v2_gain_0.50.png,result_or_data,2382,1780606826
??,tpu_previews/aq_stream2_2026-06-04/program_ap_results/aq_preview_depth3_noise0.0_seed11_separable_mode_stream.png,result_or_data,2462,1780606843
??,tpu_previews/aq_stream3_iso_2026-06-04/aq_frame_depth3_noise0.0_seed11_latent_diag_phase_operator_taichi_32x32_frame_1_recovered.png,figure_or_reference,3190,1780627589
??,tpu_previews/aq_stream3_iso_2026-06-04/aq_frame_depth3_noise0.0_seed11_latent_diag_phase_operator_taichi_32x32_frame_2_recovered.png,figure_or_reference,3201,1780627589
??,tpu_previews/aq_stream3_iso_2026-06-04/aq_frame_depth3_noise0.0_seed11_pair_v2_teacher_taichi_32x32_frame_1_recovered.png,figure_or_reference,2849,1780627589
??,tpu_previews/aq_stream3_iso_2026-06-04/aq_frame_depth3_noise0.0_seed11_pair_v2_teacher_taichi_32x32_frame_2_recovered.png,figure_or_reference,2881,1780627589
??,tpu_previews/aq_stream3_iso_2026-06-04/aq_frame_depth3_noise0.0_seed11_static_delta_operator_taichi_32x32_frame_1_recovered.png,figure_or_reference,2966,1780627589
??,tpu_previews/aq_stream3_iso_2026-06-04/aq_frame_depth3_noise0.0_seed11_static_delta_operator_taichi_32x32_frame_2_recovered.png,figure_or_reference,2989,1780627589
??,tpu_previews/aq_stream3_iso_2026-06-04/program_ap_summary.json,result_or_data,820419,1780627505
??,tpu_previews/aq_stream4_2026-06-04/program_ap_summary.json,result_or_data,25297,1780634468
??,tpu_previews/aq_stream5_2026-06-04/program_ap_summary.json,result_or_data,1231587,1780635529
??,tpu_previews/aq_stream6_latent_sweep_2026-06-05/latent_dim_12/program_ap_summary.json,result_or_data,1227449,1780636144
??,tpu_previews/aq_stream6_latent_sweep_2026-06-05/latent_dim_16/program_ap_summary.json,result_or_data,1218379,1780636280
??,tpu_previews/aq_stream6_latent_sweep_2026-06-05/latent_dim_16/selected_pngs/aq_frame_depth3_noise0.0_seed11_Adelta_hamiltonian_plus_luma_taichi_32x32_frame_1_compare.png,figure_or_reference,8824,1780637503
??,tpu_previews/aq_stream6_latent_sweep_2026-06-05/latent_dim_16/selected_pngs/aq_frame_depth3_noise0.0_seed11_Adelta_hamiltonian_plus_luma_taichi_32x32_frame_2_compare.png,figure_or_reference,9038,1780637510
??,tpu_previews/aq_stream6_latent_sweep_2026-06-05/latent_dim_16/selected_pngs/aq_frame_depth3_noise0.0_seed11_pair_v2_gain_0.25_taichi_32x32_frame_1_compare.png,figure_or_reference,8470,1780637477
??,tpu_previews/aq_stream6_latent_sweep_2026-06-05/latent_dim_16/selected_pngs/aq_frame_depth3_noise0.0_seed11_pair_v2_gain_0.25_taichi_32x32_frame_2_compare.png,figure_or_reference,8632,1780637484
??,tpu_previews/aq_stream6_latent_sweep_2026-06-05/latent_dim_16/selected_pngs/aq_frame_depth3_noise0.0_seed11_static_delta_operator_taichi_32x32_frame_1_compare.png,figure_or_reference,8688,1780637490
??,tpu_previews/aq_stream6_latent_sweep_2026-06-05/latent_dim_16/selected_pngs/aq_frame_depth3_noise0.0_seed11_static_delta_operator_taichi_32x32_frame_2_compare.png,figure_or_reference,8797,1780637496
??,tpu_previews/aq_stream6_latent_sweep_2026-06-05/latent_dim_8/program_ap_summary.json,result_or_data,1231587,1780636008
??,tpu_previews/aq_stream7_2026-06-05/program_ap_summary.json,result_or_data,818261,1780687370
??,tpu_previews/aq_stream7b_us_2026-06-06/hybrid_alpha003125_frame2_compare.png,figure_or_reference,8801,1780770549
??,tpu_previews/aq_stream7b_us_2026-06-06/pair_v2_frame1_compare.png,figure_or_reference,8461,1780770548
??,tpu_previews/aq_stream7b_us_2026-06-06/pair_v2_frame2_compare.png,figure_or_reference,8611,1780770548
??,tpu_previews/aq_stream7b_us_2026-06-06/patch_local_frame2_compare.png,figure_or_reference,8948,1780770549
??,tpu_previews/yinyang_all_coeff/aq_frame_depth3_noise0.0_seed11_complex_pair_norm_frame_00_yin_yang_compare.png,figure_or_reference,2255,1780458967
??,tpu_previews/yinyang_all_coeff/aq_frame_depth3_noise0.0_seed11_complex_pair_norm_frame_00_yin_yang_error.png,figure_or_reference,921,1780458967
??,tpu_previews/yinyang_all_coeff/aq_frame_depth3_noise0.0_seed11_complex_pair_norm_frame_00_yin_yang_recovered.png,figure_or_reference,905,1780458967
??,tpu_previews/yinyang_all_coeff/aq_frame_depth3_noise0.0_seed11_complex_pair_norm_frame_00_yin_yang_target.png,figure_or_reference,496,1780458967
??,tpu_previews/yinyang_all_coeff/program_ap_summary.json,result_or_data,32798,1780458966
??,tpu_previews/yinyang_one_frame/aq_frame_depth3_noise0.0_seed11_complex_pair_norm_frame_00_yin_yang_compare.png,figure_or_reference,2229,1780451742
??,tpu_previews/yinyang_one_frame/aq_frame_depth3_noise0.0_seed11_complex_pair_norm_frame_00_yin_yang_error.png,figure_or_reference,894,1780451742
??,tpu_previews/yinyang_one_frame/aq_frame_depth3_noise0.0_seed11_complex_pair_norm_frame_00_yin_yang_recovered.png,figure_or_reference,905,1780451741
??,tpu_previews/yinyang_one_frame/aq_frame_depth3_noise0.0_seed11_complex_pair_norm_frame_00_yin_yang_target.png,figure_or_reference,483,1780451742
??,tpu_previews/yinyang_one_frame/program_ap_summary.json,result_or_data,53175,1780451764
??,tpu_previews/yinyang_one_frame_clean/aq_frame_depth3_noise0.0_seed11_complex_pair_norm_frame_00_yin_yang_compare.png,figure_or_reference,2237,1780454289
??,tpu_previews/yinyang_one_frame_clean/aq_frame_depth3_noise0.0_seed11_complex_pair_norm_frame_00_yin_yang_error.png,figure_or_reference,891,1780454289
??,tpu_previews/yinyang_one_frame_clean/aq_frame_depth3_noise0.0_seed11_complex_pair_norm_frame_00_yin_yang_recovered.png,figure_or_reference,920,1780454289
??,tpu_previews/yinyang_one_frame_clean/aq_frame_depth3_noise0.0_seed11_complex_pair_norm_frame_00_yin_yang_target.png,figure_or_reference,496,1780454289
??,tpu_previews/yinyang_pixel_decoder/aq_frame_depth3_noise0.0_seed11_complex_pair_norm_frame_00_yin_yang_compare.png,figure_or_reference,2244,1780461924
??,tpu_previews/yinyang_pixel_decoder/aq_frame_depth3_noise0.0_seed11_complex_pair_norm_frame_00_yin_yang_error.png,figure_or_reference,915,1780461924
??,tpu_previews/yinyang_pixel_decoder/aq_frame_depth3_noise0.0_seed11_complex_pair_norm_frame_00_yin_yang_recovered.png,figure_or_reference,902,1780461924
??,tpu_previews/yinyang_pixel_decoder/aq_frame_depth3_noise0.0_seed11_complex_pair_norm_frame_00_yin_yang_target.png,figure_or_reference,496,1780461923
??,tpu_previews/yinyang_pixel_decoder/program_ap_summary.json,result_or_data,62509,1780461925
??,tpu_previews/yinyang_raw_state/aq_frame_depth3_noise0.0_seed11_complex_pair_norm_frame_00_yin_yang_compare.png,figure_or_reference,2145,1780503438
??,tpu_previews/yinyang_raw_state/aq_frame_depth3_noise0.0_seed11_complex_pair_norm_frame_00_yin_yang_error.png,figure_or_reference,877,1780503458
??,tpu_previews/yinyang_raw_state/aq_frame_depth3_noise0.0_seed11_complex_pair_norm_frame_00_yin_yang_recovered.png,figure_or_reference,834,1780503438
??,tpu_previews/yinyang_raw_state/aq_frame_depth3_noise0.0_seed11_complex_pair_norm_frame_00_yin_yang_target.png,figure_or_reference,496,1780503438
??,tpu_previews/yinyang_raw_state/program_ap_summary.json,result_or_data,29973,1780503458
??,tpu_previews/yinyang_ref16_frame1/aq_frame_depth3_noise0.0_seed11_complex_pair_norm_taichi_16x16_frame_1_compare.png,figure_or_reference,2514,1780507543
??,tpu_previews/yinyang_ref16_frame1/aq_frame_depth3_noise0.0_seed11_complex_pair_norm_taichi_16x16_frame_1_error.png,figure_or_reference,891,1780507563
??,tpu_previews/yinyang_ref16_frame1/aq_frame_depth3_noise0.0_seed11_complex_pair_norm_taichi_16x16_frame_1_recovered.png,figure_or_reference,920,1780507543
??,tpu_previews/yinyang_ref16_frame1/aq_frame_depth3_noise0.0_seed11_complex_pair_norm_taichi_16x16_frame_1_target.png,figure_or_reference,805,1780507543
??,tpu_previews/yinyang_ref16_frame1/program_ap_summary.json,result_or_data,53442,1780507563
??,tpu_previews/yinyang_run/aq_frame_depth3_noise0.0_seed11_complex_pair_norm_frame_00_yin_yang_compare.png,figure_or_reference,2229,1780449819
??,tpu_previews/yinyang_run/aq_frame_depth3_noise0.0_seed11_complex_pair_norm_frame_00_yin_yang_error.png,figure_or_reference,894,1780449820
??,tpu_previews/yinyang_run/aq_frame_depth3_noise0.0_seed11_complex_pair_norm_frame_00_yin_yang_recovered.png,figure_or_reference,905,1780449818
??,tpu_previews/yinyang_run/aq_frame_depth3_noise0.0_seed11_complex_pair_norm_frame_00_yin_yang_target.png,figure_or_reference,483,1780449820
??,tpu_previews/yinyang_run/aq_frame_depth3_noise0.0_seed11_complex_pair_norm_frame_01_yang_yin_compare.png,figure_or_reference,2205,1780449818
??,tpu_previews/yinyang_run/aq_frame_depth3_noise0.0_seed11_complex_pair_norm_frame_01_yang_yin_error.png,figure_or_reference,879,1780449819
??,tpu_previews/yinyang_run/aq_frame_depth3_noise0.0_seed11_complex_pair_norm_frame_01_yang_yin_recovered.png,figure_or_reference,913,1780449817
??,tpu_previews/yinyang_run/aq_frame_depth3_noise0.0_seed11_complex_pair_norm_frame_01_yang_yin_target.png,figure_or_reference,486,1780449816
??,yinyang_references/frame_00_yin_yang_reference.png,figure_or_reference,468,1780448691
??,yinyang_references/frame_01_yang_yin_reference.png,figure_or_reference,468,1780448691
